TokenIndex,DetectionIndex,BurstIteration,CacheSet,Probe
0,0,0,0,72
0,0,0,1,74
0,0,0,2,66
0,0,0,3,66
0,0,0,4,72
0,0,0,5,74
0,0,0,6,64
0,0,0,7,66
0,0,0,8,72
0,0,0,9,72
0,0,0,10,84
0,0,0,11,66
0,0,0,12,72
0,0,0,13,74
0,0,0,14,62
0,0,0,15,68
0,0,0,16,76
0,0,0,17,72
0,0,0,18,64
0,0,0,19,66
0,0,0,20,74
0,0,0,21,104
0,0,0,22,68
0,0,0,23,62
0,0,0,24,76
0,0,0,25,72
0,0,0,26,68
0,0,0,27,62
0,0,0,28,70
0,0,0,29,76
0,0,0,30,70
0,0,0,31,60
0,0,0,32,62
0,0,0,33,62
0,0,0,34,68
0,0,0,35,74
0,0,0,36,62
0,0,0,37,68
0,0,0,38,72
0,0,0,39,90
0,0,0,40,60
0,0,0,41,70
0,0,0,42,70
0,0,0,43,76
0,0,0,44,64
0,0,0,45,68
0,0,0,46,72
0,0,0,47,76
0,0,0,48,68
0,0,0,49,66
0,0,0,50,68
0,0,0,51,74
0,0,0,52,66
0,0,0,53,60
0,0,0,54,72
0,0,0,55,76
0,0,0,56,68
0,0,0,57,66
0,0,0,58,76
0,0,0,59,74
0,0,0,60,64
0,0,0,61,62
0,0,0,62,76
0,0,0,63,70
0,0,1,0,72
0,0,1,1,68
0,0,1,2,36
0,0,1,3,38
0,0,1,4,38
0,0,1,5,38
0,0,1,6,40
0,0,1,7,36
0,0,1,8,40
0,0,1,9,36
0,0,1,10,36
0,0,1,11,38
0,0,1,12,38
0,0,1,13,40
0,0,1,14,34
0,0,1,15,36
0,0,1,16,38
0,0,1,17,36
0,0,1,18,36
0,0,1,19,36
0,0,1,20,40
0,0,1,21,38
0,0,1,22,40
0,0,1,23,42
0,0,1,24,38
0,0,1,25,40
0,0,1,26,34
0,0,1,27,36
0,0,1,28,40
0,0,1,29,36
0,0,1,30,38
0,0,1,31,40
0,0,1,32,36
0,0,1,33,36
0,0,1,34,40
0,0,1,35,32
0,0,1,36,36
0,0,1,37,34
0,0,1,38,38
0,0,1,39,36
0,0,1,40,36
0,0,1,41,34
0,0,1,42,34
0,0,1,43,38
0,0,1,44,34
0,0,1,45,36
0,0,1,46,36
0,0,1,47,38
0,0,1,48,38
0,0,1,49,36
0,0,1,50,40
0,0,1,51,36
0,0,1,52,34
0,0,1,53,32
0,0,1,54,38
0,0,1,55,40
0,0,1,56,38
0,0,1,57,46
0,0,1,58,36
0,0,1,59,34
0,0,1,60,40
0,0,1,61,34
0,0,1,62,34
0,0,1,63,36
0,0,2,0,36
0,0,2,1,36
0,0,2,2,40
0,0,2,3,40
0,0,2,4,36
0,0,2,5,36
0,0,2,6,36
0,0,2,7,34
0,0,2,8,38
0,0,2,9,34
0,0,2,10,34
0,0,2,11,34
0,0,2,12,36
0,0,2,13,38
0,0,2,14,34
0,0,2,15,36
0,0,2,16,36
0,0,2,17,40
0,0,2,18,36
0,0,2,19,36
0,0,2,20,38
0,0,2,21,70
0,0,2,22,36
0,0,2,23,62
0,0,2,24,38
0,0,2,25,36
0,0,2,26,36
0,0,2,27,36
0,0,2,28,34
0,0,2,29,34
0,0,2,30,36
0,0,2,31,36
0,0,2,32,36
0,0,2,33,36
0,0,2,34,34
0,0,2,35,36
0,0,2,36,36
0,0,2,37,34
0,0,2,38,32
0,0,2,39,36
0,0,2,40,34
0,0,2,41,34
0,0,2,42,34
0,0,2,43,34
0,0,2,44,42
0,0,2,45,34
0,0,2,46,38
0,0,2,47,36
0,0,2,48,36
0,0,2,49,38
0,0,2,50,34
0,0,2,51,36
0,0,2,52,36
0,0,2,53,38
0,0,2,54,36
0,0,2,55,36
0,0,2,56,40
0,0,2,57,36
0,0,2,58,34
0,0,2,59,36
0,0,2,60,36
0,0,2,61,36
0,0,2,62,32
0,0,2,63,38
0,0,3,0,36
0,0,3,1,36
0,0,3,2,36
0,0,3,3,36
0,0,3,4,36
0,0,3,5,34
0,0,3,6,32
0,0,3,7,36
0,0,3,8,34
0,0,3,9,38
0,0,3,10,36
0,0,3,11,40
0,0,3,12,36
0,0,3,13,38
0,0,3,14,38
0,0,3,15,38
0,0,3,16,38
0,0,3,17,36
0,0,3,18,36
0,0,3,19,42
0,0,3,20,74
0,0,3,21,38
0,0,3,22,36
0,0,3,23,38
0,0,3,24,38
0,0,3,25,36
0,0,3,26,40
0,0,3,27,38
0,0,3,28,36
0,0,3,29,38
0,0,3,30,36
0,0,3,31,36
0,0,3,32,36
0,0,3,33,40
0,0,3,34,34
0,0,3,35,38
0,0,3,36,36
0,0,3,37,36
0,0,3,38,38
0,0,3,39,36
0,0,3,40,38
0,0,3,41,36
0,0,3,42,34
0,0,3,43,38
0,0,3,44,36
0,0,3,45,36
0,0,3,46,40
0,0,3,47,36
0,0,3,48,40
0,0,3,49,40
0,0,3,50,48
0,0,3,51,36
0,0,3,52,36
0,0,3,53,38
0,0,3,54,34
0,0,3,55,38
0,0,3,56,34
0,0,3,57,40
0,0,3,58,32
0,0,3,59,38
0,0,3,60,36
0,0,3,61,36
0,0,3,62,38
0,0,3,63,40
0,0,4,0,36
0,0,4,1,34
0,0,4,2,40
0,0,4,3,38
0,0,4,4,36
0,0,4,5,38
0,0,4,6,38
0,0,4,7,38
0,0,4,8,40
0,0,4,9,36
0,0,4,10,36
0,0,4,11,38
0,0,4,12,36
0,0,4,13,38
0,0,4,14,36
0,0,4,15,34
0,0,4,16,40
0,0,4,17,36
0,0,4,18,36
0,0,4,19,38
0,0,4,20,32
0,0,4,21,38
0,0,4,22,40
0,0,4,23,36
0,0,4,24,34
0,0,4,25,36
0,0,4,26,36
0,0,4,27,36
0,0,4,28,36
0,0,4,29,40
0,0,4,30,36
0,0,4,31,36
0,0,4,32,34
0,0,4,33,38
0,0,4,34,40
0,0,4,35,38
0,0,4,36,36
0,0,4,37,40
0,0,4,38,38
0,0,4,39,38
0,0,4,40,36
0,0,4,41,34
0,0,4,42,40
0,0,4,43,34
0,0,4,44,36
0,0,4,45,36
0,0,4,46,40
0,0,4,47,36
0,0,4,48,36
0,0,4,49,36
0,0,4,50,38
0,0,4,51,40
0,0,4,52,38
0,0,4,53,40
0,0,4,54,34
0,0,4,55,36
0,0,4,56,34
0,0,4,57,34
0,0,4,58,34
0,0,4,59,36
0,0,4,60,36
0,0,4,61,32
0,0,4,62,34
0,0,4,63,34
0,0,5,0,36
0,0,5,1,40
0,0,5,2,36
0,0,5,3,32
0,0,5,4,34
0,0,5,5,38
0,0,5,6,36
0,0,5,7,36
0,0,5,8,36
0,0,5,9,34
0,0,5,10,36
0,0,5,11,38
0,0,5,12,36
0,0,5,13,34
0,0,5,14,36
0,0,5,15,38
0,0,5,16,32
0,0,5,17,36
0,0,5,18,34
0,0,5,19,36
0,0,5,20,38
0,0,5,21,36
0,0,5,22,38
0,0,5,23,34
0,0,5,24,76
0,0,5,25,38
0,0,5,26,40
0,0,5,27,36
0,0,5,28,36
0,0,5,29,36
0,0,5,30,36
0,0,5,31,34
0,0,5,32,36
0,0,5,33,34
0,0,5,34,36
0,0,5,35,40
0,0,5,36,34
0,0,5,37,38
0,0,5,38,36
0,0,5,39,40
0,0,5,40,36
0,0,5,41,36
0,0,5,42,36
0,0,5,43,34
0,0,5,44,36
0,0,5,45,36
0,0,5,46,38
0,0,5,47,36
0,0,5,48,34
0,0,5,49,36
0,0,5,50,36
0,0,5,51,36
0,0,5,52,36
0,0,5,53,36
0,0,5,54,34
0,0,5,55,34
0,0,5,56,34
0,0,5,57,38
0,0,5,58,38
0,0,5,59,38
0,0,5,60,42
0,0,5,61,38
0,0,5,62,36
0,0,5,63,42
0,0,6,0,36
0,0,6,1,38
0,0,6,2,36
0,0,6,3,38
0,0,6,4,36
0,0,6,5,38
0,0,6,6,38
0,0,6,7,36
0,0,6,8,34
0,0,6,9,34
0,0,6,10,38
0,0,6,11,36
0,0,6,12,36
0,0,6,13,36
0,0,6,14,36
0,0,6,15,38
0,0,6,16,38
0,0,6,17,34
0,0,6,18,40
0,0,6,19,36
0,0,6,20,38
0,0,6,21,34
0,0,6,22,38
0,0,6,23,36
0,0,6,24,38
0,0,6,25,38
0,0,6,26,40
0,0,6,27,36
0,0,6,28,36
0,0,6,29,40
0,0,6,30,34
0,0,6,31,36
0,0,6,32,36
0,0,6,33,36
0,0,6,34,34
0,0,6,35,38
0,0,6,36,40
0,0,6,37,38
0,0,6,38,36
0,0,6,39,38
0,0,6,40,40
0,0,6,41,38
0,0,6,42,38
0,0,6,43,40
0,0,6,44,40
0,0,6,45,38
0,0,6,46,36
0,0,6,47,34
0,0,6,48,38
0,0,6,49,50
0,0,6,50,38
0,0,6,51,36
0,0,6,52,36
0,0,6,53,38
0,0,6,54,36
0,0,6,55,36
0,0,6,56,38
0,0,6,57,32
0,0,6,58,40
0,0,6,59,38
0,0,6,60,36
0,0,6,61,36
0,0,6,62,34
0,0,6,63,36
0,0,7,0,38
0,0,7,1,36
0,0,7,2,34
0,0,7,3,38
0,0,7,4,34
0,0,7,5,38
0,0,7,6,38
0,0,7,7,34
0,0,7,8,40
0,0,7,9,38
0,0,7,10,40
0,0,7,11,38
0,0,7,12,34
0,0,7,13,40
0,0,7,14,36
0,0,7,15,32
0,0,7,16,36
0,0,7,17,38
0,0,7,18,36
0,0,7,19,36
0,0,7,20,36
0,0,7,21,36
0,0,7,22,36
0,0,7,23,38
0,0,7,24,36
0,0,7,25,38
0,0,7,26,34
0,0,7,27,36
0,0,7,28,40
0,0,7,29,36
0,0,7,30,38
0,0,7,31,40
0,0,7,32,42
0,0,7,33,36
0,0,7,34,38
0,0,7,35,34
0,0,7,36,38
0,0,7,37,34
0,0,7,38,32
0,0,7,39,38
0,0,7,40,40
0,0,7,41,38
0,0,7,42,36
0,0,7,43,40
0,0,7,44,34
0,0,7,45,38
0,0,7,46,36
0,0,7,47,38
0,0,7,48,36
0,0,7,49,38
0,0,7,50,36
0,0,7,51,38
0,0,7,52,38
0,0,7,53,38
0,0,7,54,36
0,0,7,55,32
0,0,7,56,40
0,0,7,57,36
0,0,7,58,38
0,0,7,59,40
0,0,7,60,36
0,0,7,61,38
0,0,7,62,38
0,0,7,63,38
0,0,8,0,40
0,0,8,1,36
0,0,8,2,38
0,0,8,3,36
0,0,8,4,34
0,0,8,5,36
0,0,8,6,34
0,0,8,7,38
0,0,8,8,36
0,0,8,9,36
0,0,8,10,36
0,0,8,11,36
0,0,8,12,36
0,0,8,13,34
0,0,8,14,38
0,0,8,15,36
0,0,8,16,36
0,0,8,17,36
0,0,8,18,36
0,0,8,19,36
0,0,8,20,44
0,0,8,21,36
0,0,8,22,40
0,0,8,23,36
0,0,8,24,36
0,0,8,25,32
0,0,8,26,36
0,0,8,27,34
0,0,8,28,34
0,0,8,29,36
0,0,8,30,36
0,0,8,31,36
0,0,8,32,36
0,0,8,33,32
0,0,8,34,38
0,0,8,35,38
0,0,8,36,36
0,0,8,37,36
0,0,8,38,40
0,0,8,39,34
0,0,8,40,34
0,0,8,41,36
0,0,8,42,36
0,0,8,43,38
0,0,8,44,40
0,0,8,45,36
0,0,8,46,38
0,0,8,47,34
0,0,8,48,32
0,0,8,49,36
0,0,8,50,36
0,0,8,51,34
0,0,8,52,34
0,0,8,53,36
0,0,8,54,38
0,0,8,55,34
0,0,8,56,40
0,0,8,57,38
0,0,8,58,34
0,0,8,59,36
0,0,8,60,34
0,0,8,61,38
0,0,8,62,36
0,0,8,63,36
0,0,9,0,38
0,0,9,1,34
0,0,9,2,38
0,0,9,3,36
0,0,9,4,40
0,0,9,5,38
0,0,9,6,36
0,0,9,7,34
0,0,9,8,36
0,0,9,9,36
0,0,9,10,34
0,0,9,11,38
0,0,9,12,40
0,0,9,13,36
0,0,9,14,40
0,0,9,15,36
0,0,9,16,40
0,0,9,17,40
0,0,9,18,36
0,0,9,19,36
0,0,9,20,38
0,0,9,21,34
0,0,9,22,32
0,0,9,23,36
0,0,9,24,40
0,0,9,25,32
0,0,9,26,36
0,0,9,27,40
0,0,9,28,36
0,0,9,29,34
0,0,9,30,38
0,0,9,31,38
0,0,9,32,36
0,0,9,33,38
0,0,9,34,36
0,0,9,35,38
0,0,9,36,38
0,0,9,37,34
0,0,9,38,36
0,0,9,39,40
0,0,9,40,36
0,0,9,41,36
0,0,9,42,34
0,0,9,43,34
0,0,9,44,34
0,0,9,45,36
0,0,9,46,36
0,0,9,47,36
0,0,9,48,38
0,0,9,49,36
0,0,9,50,38
0,0,9,51,34
0,0,9,52,40
0,0,9,53,36
0,0,9,54,38
0,0,9,55,38
0,0,9,56,38
0,0,9,57,38
0,0,9,58,36
0,0,9,59,34
0,0,9,60,36
0,0,9,61,34
0,0,9,62,36
0,0,9,63,38
0,0,10,0,36
0,0,10,1,38
0,0,10,2,36
0,0,10,3,36
0,0,10,4,36
0,0,10,5,36
0,0,10,6,40
0,0,10,7,34
0,0,10,8,40
0,0,10,9,38
0,0,10,10,38
0,0,10,11,36
0,0,10,12,36
0,0,10,13,34
0,0,10,14,40
0,0,10,15,32
0,0,10,16,36
0,0,10,17,40
0,0,10,18,36
0,0,10,19,40
0,0,10,20,36
0,0,10,21,32
0,0,10,22,36
0,0,10,23,40
0,0,10,24,74
0,0,10,25,40
0,0,10,26,36
0,0,10,27,40
0,0,10,28,36
0,0,10,29,38
0,0,10,30,38
0,0,10,31,38
0,0,10,32,36
0,0,10,33,38
0,0,10,34,38
0,0,10,35,40
0,0,10,36,36
0,0,10,37,40
0,0,10,38,38
0,0,10,39,36
0,0,10,40,38
0,0,10,41,34
0,0,10,42,40
0,0,10,43,36
0,0,10,44,40
0,0,10,45,40
0,0,10,46,42
0,0,10,47,38
0,0,10,48,36
0,0,10,49,62
0,0,10,50,74
0,0,10,51,36
0,0,10,52,40
0,0,10,53,40
0,0,10,54,68
0,0,10,55,36
0,0,10,56,36
0,0,10,57,36
0,0,10,58,36
0,0,10,59,40
0,0,10,60,38
0,0,10,61,46
0,0,10,62,40
0,0,10,63,38
0,0,11,0,40
0,0,11,1,40
0,0,11,2,38
0,0,11,3,34
0,0,11,4,38
0,0,11,5,36
0,0,11,6,36
0,0,11,7,44
0,0,11,8,38
0,0,11,9,36
0,0,11,10,34
0,0,11,11,38
0,0,11,12,36
0,0,11,13,36
0,0,11,14,42
0,0,11,15,36
0,0,11,16,38
0,0,11,17,40
0,0,11,18,38
0,0,11,19,40
0,0,11,20,38
0,0,11,21,72
0,0,11,22,36
0,0,11,23,36
0,0,11,24,34
0,0,11,25,36
0,0,11,26,36
0,0,11,27,34
0,0,11,28,40
0,0,11,29,34
0,0,11,30,36
0,0,11,31,40
0,0,11,32,36
0,0,11,33,38
0,0,11,34,36
0,0,11,35,40
0,0,11,36,36
0,0,11,37,38
0,0,11,38,40
0,0,11,39,36
0,0,11,40,38
0,0,11,41,40
0,0,11,42,36
0,0,11,43,34
0,0,11,44,38
0,0,11,45,36
0,0,11,46,36
0,0,11,47,36
0,0,11,48,36
0,0,11,49,40
0,0,11,50,34
0,0,11,51,34
0,0,11,52,38
0,0,11,53,36
0,0,11,54,38
0,0,11,55,34
0,0,11,56,36
0,0,11,57,40
0,0,11,58,36
0,0,11,59,38
0,0,11,60,36
0,0,11,61,36
0,0,11,62,36
0,0,11,63,38
0,0,12,0,36
0,0,12,1,36
0,0,12,2,36
0,0,12,3,36
0,0,12,4,32
0,0,12,5,38
0,0,12,6,38
0,0,12,7,36
0,0,12,8,34
0,0,12,9,36
0,0,12,10,38
0,0,12,11,36
0,0,12,12,34
0,0,12,13,36
0,0,12,14,38
0,0,12,15,36
0,0,12,16,40
0,0,12,17,36
0,0,12,18,40
0,0,12,19,36
0,0,12,20,38
0,0,12,21,34
0,0,12,22,38
0,0,12,23,40
0,0,12,24,34
0,0,12,25,40
0,0,12,26,36
0,0,12,27,40
0,0,12,28,34
0,0,12,29,36
0,0,12,30,36
0,0,12,31,36
0,0,12,32,34
0,0,12,33,34
0,0,12,34,36
0,0,12,35,36
0,0,12,36,36
0,0,12,37,40
0,0,12,38,32
0,0,12,39,36
0,0,12,40,38
0,0,12,41,34
0,0,12,42,34
0,0,12,43,36
0,0,12,44,34
0,0,12,45,34
0,0,12,46,36
0,0,12,47,42
0,0,12,48,36
0,0,12,49,38
0,0,12,50,36
0,0,12,51,36
0,0,12,52,38
0,0,12,53,36
0,0,12,54,36
0,0,12,55,34
0,0,12,56,38
0,0,12,57,38
0,0,12,58,40
0,0,12,59,36
0,0,12,60,36
0,0,12,61,40
0,0,12,62,40
0,0,12,63,40
0,0,13,0,36
0,0,13,1,40
0,0,13,2,36
0,0,13,3,34
0,0,13,4,36
0,0,13,5,34
0,0,13,6,36
0,0,13,7,40
0,0,13,8,36
0,0,13,9,36
0,0,13,10,40
0,0,13,11,36
0,0,13,12,38
0,0,13,13,36
0,0,13,14,36
0,0,13,15,36
0,0,13,16,40
0,0,13,17,40
0,0,13,18,40
0,0,13,19,38
0,0,13,20,34
0,0,13,21,36
0,0,13,22,38
0,0,13,23,34
0,0,13,24,34
0,0,13,25,36
0,0,13,26,32
0,0,13,27,36
0,0,13,28,36
0,0,13,29,34
0,0,13,30,40
0,0,13,31,36
0,0,13,32,36
0,0,13,33,40
0,0,13,34,38
0,0,13,35,34
0,0,13,36,34
0,0,13,37,36
0,0,13,38,34
0,0,13,39,40
0,0,13,40,36
0,0,13,41,40
0,0,13,42,38
0,0,13,43,34
0,0,13,44,36
0,0,13,45,38
0,0,13,46,36
0,0,13,47,40
0,0,13,48,38
0,0,13,49,36
0,0,13,50,34
0,0,13,51,36
0,0,13,52,36
0,0,13,53,36
0,0,13,54,38
0,0,13,55,40
0,0,13,56,36
0,0,13,57,36
0,0,13,58,40
0,0,13,59,40
0,0,13,60,34
0,0,13,61,36
0,0,13,62,36
0,0,13,63,34
0,0,14,0,38
0,0,14,1,36
0,0,14,2,40
0,0,14,3,38
0,0,14,4,36
0,0,14,5,38
0,0,14,6,36
0,0,14,7,36
0,0,14,8,32
0,0,14,9,34
0,0,14,10,36
0,0,14,11,36
0,0,14,12,36
0,0,14,13,38
0,0,14,14,40
0,0,14,15,36
0,0,14,16,40
0,0,14,17,36
0,0,14,18,40
0,0,14,19,36
0,0,14,20,34
0,0,14,21,38
0,0,14,22,34
0,0,14,23,34
0,0,14,24,36
0,0,14,25,36
0,0,14,26,36
0,0,14,27,34
0,0,14,28,36
0,0,14,29,36
0,0,14,30,38
0,0,14,31,36
0,0,14,32,36
0,0,14,33,40
0,0,14,34,36
0,0,14,35,38
0,0,14,36,36
0,0,14,37,36
0,0,14,38,38
0,0,14,39,38
0,0,14,40,36
0,0,14,41,36
0,0,14,42,36
0,0,14,43,36
0,0,14,44,38
0,0,14,45,36
0,0,14,46,34
0,0,14,47,38
0,0,14,48,34
0,0,14,49,36
0,0,14,50,40
0,0,14,51,36
0,0,14,52,38
0,0,14,53,32
0,0,14,54,38
0,0,14,55,34
0,0,14,56,38
0,0,14,57,34
0,0,14,58,34
0,0,14,59,38
0,0,14,60,36
0,0,14,61,36
0,0,14,62,38
0,0,14,63,40
0,1,0,0,38
0,1,0,1,36
0,1,0,2,34
0,1,0,3,36
0,1,0,4,46
0,1,0,5,36
0,1,0,6,38
0,1,0,7,40
0,1,0,8,38
0,1,0,9,34
0,1,0,10,34
0,1,0,11,36
0,1,0,12,38
0,1,0,13,36
0,1,0,14,36
0,1,0,15,64
0,1,0,16,38
0,1,0,17,38
0,1,0,18,40
0,1,0,19,40
0,1,0,20,36
0,1,0,21,40
0,1,0,22,36
0,1,0,23,36
0,1,0,24,76
0,1,0,25,40
0,1,0,26,36
0,1,0,27,34
0,1,0,28,34
0,1,0,29,34
0,1,0,30,34
0,1,0,31,36
0,1,0,32,62
0,1,0,33,36
0,1,0,34,36
0,1,0,35,76
0,1,0,36,36
0,1,0,37,40
0,1,0,38,38
0,1,0,39,36
0,1,0,40,68
0,1,0,41,38
0,1,0,42,76
0,1,0,43,40
0,1,0,44,38
0,1,0,45,38
0,1,0,46,34
0,1,0,47,36
0,1,0,48,36
0,1,0,49,32
0,1,0,50,78
0,1,0,51,36
0,1,0,52,40
0,1,0,53,34
0,1,0,54,74
0,1,0,55,40
0,1,0,56,36
0,1,0,57,62
0,1,0,58,36
0,1,0,59,34
0,1,0,60,66
0,1,0,61,36
0,1,0,62,36
0,1,0,63,68
0,1,1,0,36
0,1,1,1,40
0,1,1,2,38
0,1,1,3,36
0,1,1,4,36
0,1,1,5,38
0,1,1,6,36
0,1,1,7,42
0,1,1,8,38
0,1,1,9,40
0,1,1,10,38
0,1,1,11,38
0,1,1,12,38
0,1,1,13,38
0,1,1,14,38
0,1,1,15,36
0,1,1,16,38
0,1,1,17,40
0,1,1,18,34
0,1,1,19,38
0,1,1,20,36
0,1,1,21,38
0,1,1,22,36
0,1,1,23,42
0,1,1,24,34
0,1,1,25,36
0,1,1,26,38
0,1,1,27,38
0,1,1,28,38
0,1,1,29,38
0,1,1,30,36
0,1,1,31,38
0,1,1,32,36
0,1,1,33,36
0,1,1,34,36
0,1,1,35,36
0,1,1,36,38
0,1,1,37,36
0,1,1,38,42
0,1,1,39,38
0,1,1,40,34
0,1,1,41,36
0,1,1,42,40
0,1,1,43,36
0,1,1,44,38
0,1,1,45,40
0,1,1,46,42
0,1,1,47,38
0,1,1,48,34
0,1,1,49,36
0,1,1,50,40
0,1,1,51,38
0,1,1,52,38
0,1,1,53,36
0,1,1,54,38
0,1,1,55,36
0,1,1,56,36
0,1,1,57,38
0,1,1,58,40
0,1,1,59,50
0,1,1,60,38
0,1,1,61,36
0,1,1,62,36
0,1,1,63,36
0,1,2,0,38
0,1,2,1,40
0,1,2,2,36
0,1,2,3,36
0,1,2,4,40
0,1,2,5,36
0,1,2,6,34
0,1,2,7,36
0,1,2,8,38
0,1,2,9,34
0,1,2,10,34
0,1,2,11,34
0,1,2,12,38
0,1,2,13,34
0,1,2,14,34
0,1,2,15,36
0,1,2,16,36
0,1,2,17,38
0,1,2,18,34
0,1,2,19,32
0,1,2,20,36
0,1,2,21,74
0,1,2,22,68
0,1,2,23,36
0,1,2,24,36
0,1,2,25,34
0,1,2,26,36
0,1,2,27,34
0,1,2,28,38
0,1,2,29,36
0,1,2,30,38
0,1,2,31,36
0,1,2,32,32
0,1,2,33,36
0,1,2,34,34
0,1,2,35,40
0,1,2,36,36
0,1,2,37,38
0,1,2,38,36
0,1,2,39,34
0,1,2,40,34
0,1,2,41,34
0,1,2,42,36
0,1,2,43,42
0,1,2,44,36
0,1,2,45,36
0,1,2,46,38
0,1,2,47,36
0,1,2,48,34
0,1,2,49,34
0,1,2,50,38
0,1,2,51,36
0,1,2,52,34
0,1,2,53,34
0,1,2,54,36
0,1,2,55,36
0,1,2,56,34
0,1,2,57,38
0,1,2,58,34
0,1,2,59,34
0,1,2,60,36
0,1,2,61,34
0,1,2,62,34
0,1,2,63,38
0,1,3,0,36
0,1,3,1,36
0,1,3,2,38
0,1,3,3,38
0,1,3,4,34
0,1,3,5,38
0,1,3,6,48
0,1,3,7,34
0,1,3,8,34
0,1,3,9,32
0,1,3,10,38
0,1,3,11,36
0,1,3,12,40
0,1,3,13,34
0,1,3,14,34
0,1,3,15,36
0,1,3,16,36
0,1,3,17,40
0,1,3,18,38
0,1,3,19,38
0,1,3,20,38
0,1,3,21,38
0,1,3,22,42
0,1,3,23,34
0,1,3,24,36
0,1,3,25,40
0,1,3,26,40
0,1,3,27,36
0,1,3,28,36
0,1,3,29,40
0,1,3,30,36
0,1,3,31,36
0,1,3,32,36
0,1,3,33,36
0,1,3,34,36
0,1,3,35,42
0,1,3,36,40
0,1,3,37,38
0,1,3,38,36
0,1,3,39,38
0,1,3,40,38
0,1,3,41,38
0,1,3,42,36
0,1,3,43,38
0,1,3,44,38
0,1,3,45,34
0,1,3,46,32
0,1,3,47,40
0,1,3,48,40
0,1,3,49,62
0,1,3,50,34
0,1,3,51,32
0,1,3,52,40
0,1,3,53,38
0,1,3,54,38
0,1,3,55,32
0,1,3,56,38
0,1,3,57,38
0,1,3,58,32
0,1,3,59,36
0,1,3,60,38
0,1,3,61,36
0,1,3,62,40
0,1,3,63,34
0,1,4,0,36
0,1,4,1,34
0,1,4,2,36
0,1,4,3,34
0,1,4,4,36
0,1,4,5,38
0,1,4,6,38
0,1,4,7,36
0,1,4,8,36
0,1,4,9,34
0,1,4,10,36
0,1,4,11,34
0,1,4,12,36
0,1,4,13,36
0,1,4,14,34
0,1,4,15,38
0,1,4,16,38
0,1,4,17,36
0,1,4,18,36
0,1,4,19,38
0,1,4,20,36
0,1,4,21,38
0,1,4,22,34
0,1,4,23,40
0,1,4,24,40
0,1,4,25,40
0,1,4,26,36
0,1,4,27,40
0,1,4,28,34
0,1,4,29,38
0,1,4,30,36
0,1,4,31,38
0,1,4,32,34
0,1,4,33,38
0,1,4,34,36
0,1,4,35,38
0,1,4,36,36
0,1,4,37,36
0,1,4,38,38
0,1,4,39,36
0,1,4,40,36
0,1,4,41,40
0,1,4,42,36
0,1,4,43,36
0,1,4,44,36
0,1,4,45,38
0,1,4,46,38
0,1,4,47,36
0,1,4,48,36
0,1,4,49,36
0,1,4,50,36
0,1,4,51,38
0,1,4,52,36
0,1,4,53,38
0,1,4,54,38
0,1,4,55,40
0,1,4,56,40
0,1,4,57,34
0,1,4,58,36
0,1,4,59,36
0,1,4,60,34
0,1,4,61,38
0,1,4,62,36
0,1,4,63,38
0,1,5,0,34
0,1,5,1,42
0,1,5,2,78
0,1,5,3,40
0,1,5,4,32
0,1,5,5,76
0,1,5,6,66
0,1,5,7,72
0,1,5,8,76
0,1,5,9,84
0,1,5,10,40
0,1,5,11,62
0,1,5,12,72
0,1,5,13,38
0,1,5,14,64
0,1,5,15,66
0,1,5,16,308
0,1,5,17,78
0,1,5,18,82
0,1,5,19,76
0,1,5,20,86
0,1,5,21,38
0,1,5,22,72
0,1,5,23,38
0,1,5,24,36
0,1,5,25,76
0,1,5,26,44
0,1,5,27,36
0,1,5,28,50
0,1,5,29,38
0,1,5,30,74
0,1,5,31,64
0,1,5,32,66
0,1,5,33,40
0,1,5,34,84
0,1,5,35,82
0,1,5,36,40
0,1,5,37,42
0,1,5,38,36
0,1,5,39,34
0,1,5,40,74
0,1,5,41,46
0,1,5,42,72
0,1,5,43,70
0,1,5,44,60
0,1,5,45,68
0,1,5,46,36
0,1,5,47,36
0,1,5,48,38
0,1,5,49,64
0,1,5,50,84
0,1,5,51,76
0,1,5,52,80
0,1,5,53,64
0,1,5,54,80
0,1,5,55,82
0,1,5,56,38
0,1,5,57,64
0,1,5,58,74
0,1,5,59,74
0,1,5,60,70
0,1,5,61,36
0,1,5,62,76
0,1,5,63,72
0,1,6,0,38
0,1,6,1,38
0,1,6,2,36
0,1,6,3,34
0,1,6,4,38
0,1,6,5,36
0,1,6,6,38
0,1,6,7,48
0,1,6,8,36
0,1,6,9,36
0,1,6,10,34
0,1,6,11,38
0,1,6,12,36
0,1,6,13,36
0,1,6,14,36
0,1,6,15,36
0,1,6,16,34
0,1,6,17,40
0,1,6,18,34
0,1,6,19,40
0,1,6,20,36
0,1,6,21,36
0,1,6,22,36
0,1,6,23,32
0,1,6,24,36
0,1,6,25,32
0,1,6,26,34
0,1,6,27,36
0,1,6,28,34
0,1,6,29,40
0,1,6,30,40
0,1,6,31,38
0,1,6,32,38
0,1,6,33,36
0,1,6,34,32
0,1,6,35,36
0,1,6,36,34
0,1,6,37,34
0,1,6,38,40
0,1,6,39,34
0,1,6,40,34
0,1,6,41,42
0,1,6,42,38
0,1,6,43,34
0,1,6,44,36
0,1,6,45,36
0,1,6,46,36
0,1,6,47,40
0,1,6,48,36
0,1,6,49,38
0,1,6,50,38
0,1,6,51,42
0,1,6,52,36
0,1,6,53,36
0,1,6,54,38
0,1,6,55,36
0,1,6,56,34
0,1,6,57,36
0,1,6,58,36
0,1,6,59,40
0,1,6,60,38
0,1,6,61,34
0,1,6,62,36
0,1,6,63,36
0,1,7,0,34
0,1,7,1,34
0,1,7,2,36
0,1,7,3,34
0,1,7,4,36
0,1,7,5,34
0,1,7,6,34
0,1,7,7,36
0,1,7,8,36
0,1,7,9,34
0,1,7,10,36
0,1,7,11,38
0,1,7,12,36
0,1,7,13,34
0,1,7,14,38
0,1,7,15,34
0,1,7,16,34
0,1,7,17,36
0,1,7,18,36
0,1,7,19,40
0,1,7,20,36
0,1,7,21,38
0,1,7,22,34
0,1,7,23,64
0,1,7,24,34
0,1,7,25,36
0,1,7,26,34
0,1,7,27,38
0,1,7,28,40
0,1,7,29,36
0,1,7,30,38
0,1,7,31,34
0,1,7,32,40
0,1,7,33,38
0,1,7,34,32
0,1,7,35,36
0,1,7,36,36
0,1,7,37,36
0,1,7,38,36
0,1,7,39,40
0,1,7,40,40
0,1,7,41,36
0,1,7,42,34
0,1,7,43,34
0,1,7,44,34
0,1,7,45,36
0,1,7,46,34
0,1,7,47,36
0,1,7,48,34
0,1,7,49,36
0,1,7,50,40
0,1,7,51,36
0,1,7,52,36
0,1,7,53,36
0,1,7,54,38
0,1,7,55,38
0,1,7,56,34
0,1,7,57,34
0,1,7,58,36
0,1,7,59,36
0,1,7,60,34
0,1,7,61,40
0,1,7,62,36
0,1,7,63,38
0,1,8,0,36
0,1,8,1,38
0,1,8,2,38
0,1,8,3,32
0,1,8,4,36
0,1,8,5,36
0,1,8,6,38
0,1,8,7,36
0,1,8,8,36
0,1,8,9,34
0,1,8,10,32
0,1,8,11,38
0,1,8,12,36
0,1,8,13,38
0,1,8,14,40
0,1,8,15,38
0,1,8,16,34
0,1,8,17,38
0,1,8,18,36
0,1,8,19,40
0,1,8,20,40
0,1,8,21,36
0,1,8,22,36
0,1,8,23,34
0,1,8,24,34
0,1,8,25,36
0,1,8,26,38
0,1,8,27,36
0,1,8,28,36
0,1,8,29,36
0,1,8,30,38
0,1,8,31,40
0,1,8,32,40
0,1,8,33,32
0,1,8,34,32
0,1,8,35,40
0,1,8,36,34
0,1,8,37,38
0,1,8,38,38
0,1,8,39,40
0,1,8,40,36
0,1,8,41,34
0,1,8,42,40
0,1,8,43,34
0,1,8,44,36
0,1,8,45,38
0,1,8,46,36
0,1,8,47,36
0,1,8,48,36
0,1,8,49,36
0,1,8,50,34
0,1,8,51,36
0,1,8,52,36
0,1,8,53,32
0,1,8,54,36
0,1,8,55,34
0,1,8,56,36
0,1,8,57,38
0,1,8,58,38
0,1,8,59,34
0,1,8,60,36
0,1,8,61,36
0,1,8,62,32
0,1,8,63,36
0,1,9,0,38
0,1,9,1,40
0,1,9,2,36
0,1,9,3,36
0,1,9,4,36
0,1,9,5,34
0,1,9,6,38
0,1,9,7,36
0,1,9,8,38
0,1,9,9,38
0,1,9,10,36
0,1,9,11,36
0,1,9,12,34
0,1,9,13,40
0,1,9,14,38
0,1,9,15,36
0,1,9,16,40
0,1,9,17,36
0,1,9,18,38
0,1,9,19,36
0,1,9,20,40
0,1,9,21,38
0,1,9,22,36
0,1,9,23,38
0,1,9,24,36
0,1,9,25,38
0,1,9,26,40
0,1,9,27,36
0,1,9,28,34
0,1,9,29,32
0,1,9,30,36
0,1,9,31,36
0,1,9,32,36
0,1,9,33,36
0,1,9,34,38
0,1,9,35,38
0,1,9,36,32
0,1,9,37,38
0,1,9,38,36
0,1,9,39,36
0,1,9,40,36
0,1,9,41,38
0,1,9,42,40
0,1,9,43,38
0,1,9,44,40
0,1,9,45,36
0,1,9,46,34
0,1,9,47,38
0,1,9,48,36
0,1,9,49,38
0,1,9,50,34
0,1,9,51,34
0,1,9,52,36
0,1,9,53,32
0,1,9,54,40
0,1,9,55,36
0,1,9,56,38
0,1,9,57,34
0,1,9,58,38
0,1,9,59,40
0,1,9,60,36
0,1,9,61,36
0,1,9,62,36
0,1,9,63,36
0,1,10,0,40
0,1,10,1,36
0,1,10,2,36
0,1,10,3,38
0,1,10,4,36
0,1,10,5,36
0,1,10,6,38
0,1,10,7,38
0,1,10,8,38
0,1,10,9,34
0,1,10,10,34
0,1,10,11,42
0,1,10,12,36
0,1,10,13,36
0,1,10,14,40
0,1,10,15,36
0,1,10,16,38
0,1,10,17,34
0,1,10,18,34
0,1,10,19,40
0,1,10,20,36
0,1,10,21,38
0,1,10,22,36
0,1,10,23,34
0,1,10,24,36
0,1,10,25,38
0,1,10,26,38
0,1,10,27,38
0,1,10,28,36
0,1,10,29,36
0,1,10,30,40
0,1,10,31,32
0,1,10,32,38
0,1,10,33,34
0,1,10,34,38
0,1,10,35,36
0,1,10,36,34
0,1,10,37,38
0,1,10,38,32
0,1,10,39,36
0,1,10,40,40
0,1,10,41,36
0,1,10,42,36
0,1,10,43,42
0,1,10,44,34
0,1,10,45,36
0,1,10,46,36
0,1,10,47,36
0,1,10,48,36
0,1,10,49,64
0,1,10,50,74
0,1,10,51,36
0,1,10,52,38
0,1,10,53,36
0,1,10,54,72
0,1,10,55,34
0,1,10,56,36
0,1,10,57,34
0,1,10,58,36
0,1,10,59,34
0,1,10,60,34
0,1,10,61,36
0,1,10,62,44
0,1,10,63,42
0,1,11,0,40
0,1,11,1,36
0,1,11,2,36
0,1,11,3,36
0,1,11,4,34
0,1,11,5,38
0,1,11,6,38
0,1,11,7,36
0,1,11,8,36
0,1,11,9,40
0,1,11,10,38
0,1,11,11,34
0,1,11,12,36
0,1,11,13,38
0,1,11,14,34
0,1,11,15,40
0,1,11,16,40
0,1,11,17,38
0,1,11,18,36
0,1,11,19,38
0,1,11,20,36
0,1,11,21,34
0,1,11,22,40
0,1,11,23,38
0,1,11,24,38
0,1,11,25,36
0,1,11,26,40
0,1,11,27,34
0,1,11,28,38
0,1,11,29,34
0,1,11,30,40
0,1,11,31,34
0,1,11,32,36
0,1,11,33,36
0,1,11,34,34
0,1,11,35,38
0,1,11,36,38
0,1,11,37,38
0,1,11,38,38
0,1,11,39,36
0,1,11,40,38
0,1,11,41,36
0,1,11,42,34
0,1,11,43,36
0,1,11,44,34
0,1,11,45,36
0,1,11,46,36
0,1,11,47,34
0,1,11,48,38
0,1,11,49,36
0,1,11,50,36
0,1,11,51,38
0,1,11,52,38
0,1,11,53,36
0,1,11,54,38
0,1,11,55,36
0,1,11,56,36
0,1,11,57,32
0,1,11,58,40
0,1,11,59,36
0,1,11,60,38
0,1,11,61,34
0,1,11,62,40
0,1,11,63,36
0,1,12,0,34
0,1,12,1,48
0,1,12,2,38
0,1,12,3,38
0,1,12,4,40
0,1,12,5,40
0,1,12,6,34
0,1,12,7,38
0,1,12,8,36
0,1,12,9,32
0,1,12,10,36
0,1,12,11,40
0,1,12,12,34
0,1,12,13,36
0,1,12,14,34
0,1,12,15,36
0,1,12,16,36
0,1,12,17,34
0,1,12,18,36
0,1,12,19,36
0,1,12,20,36
0,1,12,21,36
0,1,12,22,38
0,1,12,23,38
0,1,12,24,40
0,1,12,25,40
0,1,12,26,36
0,1,12,27,34
0,1,12,28,34
0,1,12,29,38
0,1,12,30,38
0,1,12,31,40
0,1,12,32,34
0,1,12,33,34
0,1,12,34,36
0,1,12,35,36
0,1,12,36,38
0,1,12,37,38
0,1,12,38,34
0,1,12,39,40
0,1,12,40,36
0,1,12,41,36
0,1,12,42,38
0,1,12,43,34
0,1,12,44,38
0,1,12,45,36
0,1,12,46,36
0,1,12,47,36
0,1,12,48,34
0,1,12,49,60
0,1,12,50,74
0,1,12,51,40
0,1,12,52,36
0,1,12,53,40
0,1,12,54,36
0,1,12,55,34
0,1,12,56,36
0,1,12,57,36
0,1,12,58,38
0,1,12,59,40
0,1,12,60,36
0,1,12,61,38
0,1,12,62,40
0,1,12,63,38
0,1,13,0,40
0,1,13,1,38
0,1,13,2,36
0,1,13,3,38
0,1,13,4,34
0,1,13,5,38
0,1,13,6,36
0,1,13,7,38
0,1,13,8,38
0,1,13,9,42
0,1,13,10,36
0,1,13,11,38
0,1,13,12,38
0,1,13,13,36
0,1,13,14,36
0,1,13,15,36
0,1,13,16,36
0,1,13,17,36
0,1,13,18,40
0,1,13,19,32
0,1,13,20,36
0,1,13,21,36
0,1,13,22,40
0,1,13,23,40
0,1,13,24,40
0,1,13,25,40
0,1,13,26,40
0,1,13,27,36
0,1,13,28,36
0,1,13,29,36
0,1,13,30,38
0,1,13,31,36
0,1,13,32,40
0,1,13,33,36
0,1,13,34,34
0,1,13,35,38
0,1,13,36,38
0,1,13,37,36
0,1,13,38,36
0,1,13,39,38
0,1,13,40,36
0,1,13,41,32
0,1,13,42,36
0,1,13,43,34
0,1,13,44,36
0,1,13,45,42
0,1,13,46,38
0,1,13,47,38
0,1,13,48,34
0,1,13,49,66
0,1,13,50,40
0,1,13,51,38
0,1,13,52,36
0,1,13,53,38
0,1,13,54,36
0,1,13,55,38
0,1,13,56,34
0,1,13,57,36
0,1,13,58,40
0,1,13,59,38
0,1,13,60,36
0,1,13,61,36
0,1,13,62,36
0,1,13,63,34
0,1,14,0,36
0,1,14,1,34
0,1,14,2,36
0,1,14,3,36
0,1,14,4,34
0,1,14,5,38
0,1,14,6,34
0,1,14,7,38
0,1,14,8,32
0,1,14,9,42
0,1,14,10,34
0,1,14,11,34
0,1,14,12,36
0,1,14,13,36
0,1,14,14,36
0,1,14,15,36
0,1,14,16,40
0,1,14,17,38
0,1,14,18,34
0,1,14,19,34
0,1,14,20,36
0,1,14,21,36
0,1,14,22,36
0,1,14,23,36
0,1,14,24,38
0,1,14,25,32
0,1,14,26,36
0,1,14,27,36
0,1,14,28,36
0,1,14,29,36
0,1,14,30,34
0,1,14,31,34
0,1,14,32,36
0,1,14,33,38
0,1,14,34,36
0,1,14,35,36
0,1,14,36,38
0,1,14,37,38
0,1,14,38,40
0,1,14,39,36
0,1,14,40,36
0,1,14,41,36
0,1,14,42,36
0,1,14,43,32
0,1,14,44,38
0,1,14,45,36
0,1,14,46,36
0,1,14,47,36
0,1,14,48,36
0,1,14,49,34
0,1,14,50,40
0,1,14,51,38
0,1,14,52,34
0,1,14,53,36
0,1,14,54,38
0,1,14,55,32
0,1,14,56,36
0,1,14,57,36
0,1,14,58,40
0,1,14,59,36
0,1,14,60,34
0,1,14,61,34
0,1,14,62,34
0,1,14,63,32
0,2,0,0,70
0,2,0,1,76
0,2,0,2,64
0,2,0,3,64
0,2,0,4,70
0,2,0,5,70
0,2,0,6,64
0,2,0,7,70
0,2,0,8,74
0,2,0,9,72
0,2,0,10,64
0,2,0,11,68
0,2,0,12,74
0,2,0,13,76
0,2,0,14,66
0,2,0,15,68
0,2,0,16,70
0,2,0,17,72
0,2,0,18,64
0,2,0,19,62
0,2,0,20,74
0,2,0,21,74
0,2,0,22,68
0,2,0,23,64
0,2,0,24,74
0,2,0,25,36
0,2,0,26,68
0,2,0,27,60
0,2,0,28,76
0,2,0,29,84
0,2,0,30,68
0,2,0,31,64
0,2,0,32,40
0,2,0,33,52
0,2,0,34,72
0,2,0,35,36
0,2,0,36,40
0,2,0,37,66
0,2,0,38,74
0,2,0,39,36
0,2,0,40,70
0,2,0,41,74
0,2,0,42,68
0,2,0,43,76
0,2,0,44,66
0,2,0,45,68
0,2,0,46,72
0,2,0,47,78
0,2,0,48,68
0,2,0,49,66
0,2,0,50,70
0,2,0,51,70
0,2,0,52,64
0,2,0,53,62
0,2,0,54,78
0,2,0,55,68
0,2,0,56,66
0,2,0,57,62
0,2,0,58,70
0,2,0,59,72
0,2,0,60,64
0,2,0,61,64
0,2,0,62,72
0,2,0,63,72
0,2,1,0,38
0,2,1,1,36
0,2,1,2,34
0,2,1,3,34
0,2,1,4,36
0,2,1,5,32
0,2,1,6,34
0,2,1,7,38
0,2,1,8,46
0,2,1,9,36
0,2,1,10,36
0,2,1,11,40
0,2,1,12,36
0,2,1,13,36
0,2,1,14,38
0,2,1,15,38
0,2,1,16,38
0,2,1,17,34
0,2,1,18,70
0,2,1,19,40
0,2,1,20,40
0,2,1,21,40
0,2,1,22,36
0,2,1,23,36
0,2,1,24,40
0,2,1,25,38
0,2,1,26,36
0,2,1,27,40
0,2,1,28,36
0,2,1,29,32
0,2,1,30,38
0,2,1,31,36
0,2,1,32,38
0,2,1,33,36
0,2,1,34,36
0,2,1,35,38
0,2,1,36,38
0,2,1,37,38
0,2,1,38,38
0,2,1,39,38
0,2,1,40,36
0,2,1,41,36
0,2,1,42,40
0,2,1,43,34
0,2,1,44,40
0,2,1,45,34
0,2,1,46,38
0,2,1,47,36
0,2,1,48,36
0,2,1,49,36
0,2,1,50,74
0,2,1,51,38
0,2,1,52,40
0,2,1,53,36
0,2,1,54,76
0,2,1,55,36
0,2,1,56,68
0,2,1,57,38
0,2,1,58,34
0,2,1,59,38
0,2,1,60,38
0,2,1,61,36
0,2,1,62,34
0,2,1,63,36
0,2,2,0,38
0,2,2,1,36
0,2,2,2,38
0,2,2,3,36
0,2,2,4,38
0,2,2,5,34
0,2,2,6,38
0,2,2,7,38
0,2,2,8,36
0,2,2,9,36
0,2,2,10,34
0,2,2,11,38
0,2,2,12,36
0,2,2,13,42
0,2,2,14,38
0,2,2,15,38
0,2,2,16,38
0,2,2,17,38
0,2,2,18,40
0,2,2,19,32
0,2,2,20,38
0,2,2,21,36
0,2,2,22,36
0,2,2,23,40
0,2,2,24,38
0,2,2,25,36
0,2,2,26,40
0,2,2,27,36
0,2,2,28,38
0,2,2,29,36
0,2,2,30,34
0,2,2,31,38
0,2,2,32,36
0,2,2,33,36
0,2,2,34,36
0,2,2,35,34
0,2,2,36,34
0,2,2,37,36
0,2,2,38,40
0,2,2,39,48
0,2,2,40,36
0,2,2,41,36
0,2,2,42,40
0,2,2,43,36
0,2,2,44,38
0,2,2,45,36
0,2,2,46,38
0,2,2,47,40
0,2,2,48,38
0,2,2,49,36
0,2,2,50,34
0,2,2,51,36
0,2,2,52,36
0,2,2,53,34
0,2,2,54,40
0,2,2,55,40
0,2,2,56,40
0,2,2,57,36
0,2,2,58,42
0,2,2,59,38
0,2,2,60,38
0,2,2,61,34
0,2,2,62,38
0,2,2,63,38
0,2,3,0,40
0,2,3,1,38
0,2,3,2,36
0,2,3,3,38
0,2,3,4,38
0,2,3,5,36
0,2,3,6,34
0,2,3,7,42
0,2,3,8,36
0,2,3,9,36
0,2,3,10,38
0,2,3,11,36
0,2,3,12,36
0,2,3,13,36
0,2,3,14,32
0,2,3,15,38
0,2,3,16,38
0,2,3,17,38
0,2,3,18,38
0,2,3,19,36
0,2,3,20,36
0,2,3,21,36
0,2,3,22,38
0,2,3,23,40
0,2,3,24,34
0,2,3,25,38
0,2,3,26,36
0,2,3,27,38
0,2,3,28,36
0,2,3,29,38
0,2,3,30,36
0,2,3,31,38
0,2,3,32,36
0,2,3,33,36
0,2,3,34,40
0,2,3,35,32
0,2,3,36,36
0,2,3,37,32
0,2,3,38,36
0,2,3,39,40
0,2,3,40,38
0,2,3,41,34
0,2,3,42,38
0,2,3,43,40
0,2,3,44,36
0,2,3,45,38
0,2,3,46,34
0,2,3,47,38
0,2,3,48,40
0,2,3,49,38
0,2,3,50,36
0,2,3,51,32
0,2,3,52,38
0,2,3,53,40
0,2,3,54,36
0,2,3,55,36
0,2,3,56,36
0,2,3,57,40
0,2,3,58,40
0,2,3,59,36
0,2,3,60,38
0,2,3,61,38
0,2,3,62,36
0,2,3,63,36
0,2,4,0,36
0,2,4,1,40
0,2,4,2,40
0,2,4,3,34
0,2,4,4,36
0,2,4,5,38
0,2,4,6,34
0,2,4,7,36
0,2,4,8,36
0,2,4,9,40
0,2,4,10,38
0,2,4,11,40
0,2,4,12,36
0,2,4,13,36
0,2,4,14,48
0,2,4,15,40
0,2,4,16,34
0,2,4,17,36
0,2,4,18,36
0,2,4,19,38
0,2,4,20,40
0,2,4,21,38
0,2,4,22,36
0,2,4,23,36
0,2,4,24,38
0,2,4,25,38
0,2,4,26,38
0,2,4,27,40
0,2,4,28,38
0,2,4,29,38
0,2,4,30,38
0,2,4,31,36
0,2,4,32,42
0,2,4,33,36
0,2,4,34,36
0,2,4,35,36
0,2,4,36,42
0,2,4,37,36
0,2,4,38,38
0,2,4,39,38
0,2,4,40,40
0,2,4,41,32
0,2,4,42,38
0,2,4,43,32
0,2,4,44,34
0,2,4,45,38
0,2,4,46,36
0,2,4,47,40
0,2,4,48,34
0,2,4,49,34
0,2,4,50,36
0,2,4,51,36
0,2,4,52,36
0,2,4,53,36
0,2,4,54,36
0,2,4,55,40
0,2,4,56,34
0,2,4,57,38
0,2,4,58,38
0,2,4,59,38
0,2,4,60,36
0,2,4,61,38
0,2,4,62,38
0,2,4,63,38
0,2,5,0,40
0,2,5,1,38
0,2,5,2,34
0,2,5,3,38
0,2,5,4,36
0,2,5,5,38
0,2,5,6,36
0,2,5,7,32
0,2,5,8,38
0,2,5,9,34
0,2,5,10,38
0,2,5,11,38
0,2,5,12,34
0,2,5,13,38
0,2,5,14,40
0,2,5,15,36
0,2,5,16,40
0,2,5,17,38
0,2,5,18,42
0,2,5,19,34
0,2,5,20,34
0,2,5,21,40
0,2,5,22,36
0,2,5,23,38
0,2,5,24,38
0,2,5,25,34
0,2,5,26,36
0,2,5,27,40
0,2,5,28,36
0,2,5,29,36
0,2,5,30,36
0,2,5,31,36
0,2,5,32,36
0,2,5,33,36
0,2,5,34,32
0,2,5,35,38
0,2,5,36,34
0,2,5,37,34
0,2,5,38,36
0,2,5,39,42
0,2,5,40,40
0,2,5,41,38
0,2,5,42,38
0,2,5,43,36
0,2,5,44,36
0,2,5,45,36
0,2,5,46,36
0,2,5,47,36
0,2,5,48,38
0,2,5,49,34
0,2,5,50,34
0,2,5,51,36
0,2,5,52,34
0,2,5,53,36
0,2,5,54,36
0,2,5,55,36
0,2,5,56,36
0,2,5,57,34
0,2,5,58,36
0,2,5,59,38
0,2,5,60,38
0,2,5,61,38
0,2,5,62,38
0,2,5,63,42
0,2,6,0,34
0,2,6,1,36
0,2,6,2,36
0,2,6,3,34
0,2,6,4,34
0,2,6,5,34
0,2,6,6,36
0,2,6,7,36
0,2,6,8,40
0,2,6,9,36
0,2,6,10,36
0,2,6,11,36
0,2,6,12,38
0,2,6,13,36
0,2,6,14,36
0,2,6,15,34
0,2,6,16,38
0,2,6,17,32
0,2,6,18,36
0,2,6,19,38
0,2,6,20,36
0,2,6,21,36
0,2,6,22,38
0,2,6,23,40
0,2,6,24,38
0,2,6,25,36
0,2,6,26,40
0,2,6,27,38
0,2,6,28,38
0,2,6,29,36
0,2,6,30,36
0,2,6,31,38
0,2,6,32,38
0,2,6,33,36
0,2,6,34,34
0,2,6,35,40
0,2,6,36,34
0,2,6,37,38
0,2,6,38,38
0,2,6,39,34
0,2,6,40,50
0,2,6,41,36
0,2,6,42,40
0,2,6,43,42
0,2,6,44,36
0,2,6,45,36
0,2,6,46,36
0,2,6,47,38
0,2,6,48,40
0,2,6,49,40
0,2,6,50,36
0,2,6,51,38
0,2,6,52,38
0,2,6,53,38
0,2,6,54,42
0,2,6,55,40
0,2,6,56,38
0,2,6,57,40
0,2,6,58,36
0,2,6,59,36
0,2,6,60,38
0,2,6,61,36
0,2,6,62,36
0,2,6,63,36
0,2,7,0,36
0,2,7,1,36
0,2,7,2,38
0,2,7,3,40
0,2,7,4,42
0,2,7,5,34
0,2,7,6,38
0,2,7,7,36
0,2,7,8,34
0,2,7,9,34
0,2,7,10,38
0,2,7,11,40
0,2,7,12,38
0,2,7,13,42
0,2,7,14,34
0,2,7,15,36
0,2,7,16,36
0,2,7,17,40
0,2,7,18,36
0,2,7,19,38
0,2,7,20,34
0,2,7,21,36
0,2,7,22,42
0,2,7,23,36
0,2,7,24,36
0,2,7,25,36
0,2,7,26,34
0,2,7,27,34
0,2,7,28,38
0,2,7,29,36
0,2,7,30,36
0,2,7,31,38
0,2,7,32,36
0,2,7,33,34
0,2,7,34,34
0,2,7,35,36
0,2,7,36,38
0,2,7,37,36
0,2,7,38,42
0,2,7,39,40
0,2,7,40,38
0,2,7,41,36
0,2,7,42,40
0,2,7,43,38
0,2,7,44,36
0,2,7,45,36
0,2,7,46,36
0,2,7,47,34
0,2,7,48,38
0,2,7,49,36
0,2,7,50,38
0,2,7,51,36
0,2,7,52,40
0,2,7,53,36
0,2,7,54,36
0,2,7,55,36
0,2,7,56,36
0,2,7,57,32
0,2,7,58,36
0,2,7,59,40
0,2,7,60,36
0,2,7,61,38
0,2,7,62,40
0,2,7,63,40
0,2,8,0,34
0,2,8,1,36
0,2,8,2,38
0,2,8,3,38
0,2,8,4,40
0,2,8,5,40
0,2,8,6,36
0,2,8,7,36
0,2,8,8,38
0,2,8,9,40
0,2,8,10,36
0,2,8,11,34
0,2,8,12,36
0,2,8,13,38
0,2,8,14,38
0,2,8,15,34
0,2,8,16,36
0,2,8,17,38
0,2,8,18,36
0,2,8,19,34
0,2,8,20,36
0,2,8,21,42
0,2,8,22,36
0,2,8,23,36
0,2,8,24,34
0,2,8,25,36
0,2,8,26,38
0,2,8,27,48
0,2,8,28,32
0,2,8,29,36
0,2,8,30,34
0,2,8,31,40
0,2,8,32,40
0,2,8,33,36
0,2,8,34,36
0,2,8,35,34
0,2,8,36,36
0,2,8,37,36
0,2,8,38,38
0,2,8,39,38
0,2,8,40,36
0,2,8,41,32
0,2,8,42,38
0,2,8,43,34
0,2,8,44,36
0,2,8,45,36
0,2,8,46,34
0,2,8,47,36
0,2,8,48,36
0,2,8,49,64
0,2,8,50,34
0,2,8,51,34
0,2,8,52,40
0,2,8,53,32
0,2,8,54,36
0,2,8,55,40
0,2,8,56,38
0,2,8,57,36
0,2,8,58,38
0,2,8,59,38
0,2,8,60,40
0,2,8,61,34
0,2,8,62,40
0,2,8,63,36
0,2,9,0,40
0,2,9,1,34
0,2,9,2,40
0,2,9,3,42
0,2,9,4,36
0,2,9,5,36
0,2,9,6,34
0,2,9,7,34
0,2,9,8,36
0,2,9,9,40
0,2,9,10,36
0,2,9,11,38
0,2,9,12,40
0,2,9,13,36
0,2,9,14,38
0,2,9,15,38
0,2,9,16,36
0,2,9,17,36
0,2,9,18,36
0,2,9,19,40
0,2,9,20,40
0,2,9,21,40
0,2,9,22,36
0,2,9,23,36
0,2,9,24,36
0,2,9,25,36
0,2,9,26,40
0,2,9,27,34
0,2,9,28,36
0,2,9,29,38
0,2,9,30,38
0,2,9,31,36
0,2,9,32,36
0,2,9,33,40
0,2,9,34,38
0,2,9,35,40
0,2,9,36,36
0,2,9,37,36
0,2,9,38,40
0,2,9,39,32
0,2,9,40,36
0,2,9,41,36
0,2,9,42,38
0,2,9,43,36
0,2,9,44,38
0,2,9,45,38
0,2,9,46,36
0,2,9,47,38
0,2,9,48,34
0,2,9,49,36
0,2,9,50,38
0,2,9,51,38
0,2,9,52,40
0,2,9,53,36
0,2,9,54,36
0,2,9,55,36
0,2,9,56,36
0,2,9,57,34
0,2,9,58,38
0,2,9,59,46
0,2,9,60,40
0,2,9,61,38
0,2,9,62,38
0,2,9,63,38
0,2,10,0,38
0,2,10,1,40
0,2,10,2,36
0,2,10,3,36
0,2,10,4,40
0,2,10,5,38
0,2,10,6,36
0,2,10,7,36
0,2,10,8,36
0,2,10,9,40
0,2,10,10,40
0,2,10,11,38
0,2,10,12,34
0,2,10,13,38
0,2,10,14,34
0,2,10,15,40
0,2,10,16,38
0,2,10,17,36
0,2,10,18,36
0,2,10,19,40
0,2,10,20,40
0,2,10,21,36
0,2,10,22,40
0,2,10,23,36
0,2,10,24,40
0,2,10,25,38
0,2,10,26,34
0,2,10,27,38
0,2,10,28,40
0,2,10,29,38
0,2,10,30,42
0,2,10,31,38
0,2,10,32,36
0,2,10,33,38
0,2,10,34,36
0,2,10,35,38
0,2,10,36,36
0,2,10,37,36
0,2,10,38,38
0,2,10,39,36
0,2,10,40,38
0,2,10,41,38
0,2,10,42,34
0,2,10,43,36
0,2,10,44,38
0,2,10,45,40
0,2,10,46,36
0,2,10,47,42
0,2,10,48,34
0,2,10,49,38
0,2,10,50,38
0,2,10,51,32
0,2,10,52,38
0,2,10,53,36
0,2,10,54,40
0,2,10,55,40
0,2,10,56,40
0,2,10,57,36
0,2,10,58,34
0,2,10,59,40
0,2,10,60,40
0,2,10,61,40
0,2,10,62,40
0,2,10,63,40
0,2,11,0,38
0,2,11,1,36
0,2,11,2,38
0,2,11,3,36
0,2,11,4,36
0,2,11,5,38
0,2,11,6,36
0,2,11,7,40
0,2,11,8,38
0,2,11,9,40
0,2,11,10,36
0,2,11,11,36
0,2,11,12,36
0,2,11,13,34
0,2,11,14,38
0,2,11,15,36
0,2,11,16,36
0,2,11,17,36
0,2,11,18,36
0,2,11,19,36
0,2,11,20,36
0,2,11,21,36
0,2,11,22,38
0,2,11,23,40
0,2,11,24,36
0,2,11,25,34
0,2,11,26,38
0,2,11,27,34
0,2,11,28,36
0,2,11,29,38
0,2,11,30,36
0,2,11,31,34
0,2,11,32,34
0,2,11,33,40
0,2,11,34,36
0,2,11,35,38
0,2,11,36,36
0,2,11,37,40
0,2,11,38,36
0,2,11,39,34
0,2,11,40,36
0,2,11,41,38
0,2,11,42,34
0,2,11,43,36
0,2,11,44,40
0,2,11,45,36
0,2,11,46,40
0,2,11,47,38
0,2,11,48,36
0,2,11,49,36
0,2,11,50,36
0,2,11,51,34
0,2,11,52,40
0,2,11,53,38
0,2,11,54,36
0,2,11,55,32
0,2,11,56,34
0,2,11,57,38
0,2,11,58,36
0,2,11,59,36
0,2,11,60,38
0,2,11,61,40
0,2,11,62,36
0,2,11,63,42
0,2,12,0,38
0,2,12,1,34
0,2,12,2,36
0,2,12,3,36
0,2,12,4,40
0,2,12,5,40
0,2,12,6,38
0,2,12,7,34
0,2,12,8,32
0,2,12,9,36
0,2,12,10,40
0,2,12,11,38
0,2,12,12,38
0,2,12,13,32
0,2,12,14,36
0,2,12,15,36
0,2,12,16,36
0,2,12,17,38
0,2,12,18,36
0,2,12,19,40
0,2,12,20,38
0,2,12,21,40
0,2,12,22,34
0,2,12,23,36
0,2,12,24,38
0,2,12,25,38
0,2,12,26,38
0,2,12,27,34
0,2,12,28,36
0,2,12,29,36
0,2,12,30,36
0,2,12,31,36
0,2,12,32,40
0,2,12,33,40
0,2,12,34,38
0,2,12,35,38
0,2,12,36,38
0,2,12,37,42
0,2,12,38,36
0,2,12,39,34
0,2,12,40,34
0,2,12,41,40
0,2,12,42,36
0,2,12,43,36
0,2,12,44,36
0,2,12,45,38
0,2,12,46,36
0,2,12,47,36
0,2,12,48,36
0,2,12,49,36
0,2,12,50,38
0,2,12,51,38
0,2,12,52,36
0,2,12,53,36
0,2,12,54,38
0,2,12,55,36
0,2,12,56,36
0,2,12,57,38
0,2,12,58,36
0,2,12,59,32
0,2,12,60,36
0,2,12,61,34
0,2,12,62,40
0,2,12,63,36
0,2,13,0,38
0,2,13,1,36
0,2,13,2,36
0,2,13,3,34
0,2,13,4,38
0,2,13,5,36
0,2,13,6,36
0,2,13,7,36
0,2,13,8,38
0,2,13,9,38
0,2,13,10,34
0,2,13,11,42
0,2,13,12,36
0,2,13,13,34
0,2,13,14,36
0,2,13,15,36
0,2,13,16,36
0,2,13,17,40
0,2,13,18,42
0,2,13,19,38
0,2,13,20,38
0,2,13,21,40
0,2,13,22,34
0,2,13,23,34
0,2,13,24,36
0,2,13,25,38
0,2,13,26,38
0,2,13,27,38
0,2,13,28,46
0,2,13,29,36
0,2,13,30,42
0,2,13,31,38
0,2,13,32,36
0,2,13,33,40
0,2,13,34,36
0,2,13,35,38
0,2,13,36,40
0,2,13,37,36
0,2,13,38,38
0,2,13,39,40
0,2,13,40,36
0,2,13,41,38
0,2,13,42,36
0,2,13,43,34
0,2,13,44,40
0,2,13,45,36
0,2,13,46,38
0,2,13,47,38
0,2,13,48,32
0,2,13,49,38
0,2,13,50,34
0,2,13,51,38
0,2,13,52,42
0,2,13,53,38
0,2,13,54,40
0,2,13,55,34
0,2,13,56,36
0,2,13,57,40
0,2,13,58,36
0,2,13,59,34
0,2,13,60,36
0,2,13,61,36
0,2,13,62,36
0,2,13,63,38
0,2,14,0,40
0,2,14,1,36
0,2,14,2,38
0,2,14,3,34
0,2,14,4,34
0,2,14,5,34
0,2,14,6,36
0,2,14,7,32
0,2,14,8,36
0,2,14,9,38
0,2,14,10,40
0,2,14,11,36
0,2,14,12,44
0,2,14,13,38
0,2,14,14,36
0,2,14,15,40
0,2,14,16,36
0,2,14,17,40
0,2,14,18,38
0,2,14,19,36
0,2,14,20,36
0,2,14,21,36
0,2,14,22,34
0,2,14,23,36
0,2,14,24,36
0,2,14,25,38
0,2,14,26,34
0,2,14,27,38
0,2,14,28,36
0,2,14,29,38
0,2,14,30,36
0,2,14,31,38
0,2,14,32,38
0,2,14,33,38
0,2,14,34,38
0,2,14,35,38
0,2,14,36,36
0,2,14,37,36
0,2,14,38,38
0,2,14,39,36
0,2,14,40,38
0,2,14,41,40
0,2,14,42,38
0,2,14,43,34
0,2,14,44,38
0,2,14,45,38
0,2,14,46,38
0,2,14,47,38
0,2,14,48,36
0,2,14,49,36
0,2,14,50,36
0,2,14,51,36
0,2,14,52,34
0,2,14,53,36
0,2,14,54,40
0,2,14,55,36
0,2,14,56,40
0,2,14,57,40
0,2,14,58,36
0,2,14,59,36
0,2,14,60,38
0,2,14,61,40
0,2,14,62,34
0,2,14,63,38
0,3,0,0,38
0,3,0,1,38
0,3,0,2,36
0,3,0,3,38
0,3,0,4,38
0,3,0,5,36
0,3,0,6,40
0,3,0,7,38
0,3,0,8,38
0,3,0,9,38
0,3,0,10,36
0,3,0,11,42
0,3,0,12,38
0,3,0,13,38
0,3,0,14,36
0,3,0,15,34
0,3,0,16,36
0,3,0,17,36
0,3,0,18,36
0,3,0,19,38
0,3,0,20,34
0,3,0,21,36
0,3,0,22,32
0,3,0,23,38
0,3,0,24,34
0,3,0,25,36
0,3,0,26,36
0,3,0,27,36
0,3,0,28,38
0,3,0,29,38
0,3,0,30,38
0,3,0,31,38
0,3,0,32,40
0,3,0,33,34
0,3,0,34,38
0,3,0,35,38
0,3,0,36,38
0,3,0,37,38
0,3,0,38,38
0,3,0,39,36
0,3,0,40,38
0,3,0,41,40
0,3,0,42,38
0,3,0,43,38
0,3,0,44,36
0,3,0,45,32
0,3,0,46,40
0,3,0,47,38
0,3,0,48,36
0,3,0,49,38
0,3,0,50,34
0,3,0,51,36
0,3,0,52,36
0,3,0,53,36
0,3,0,54,40
0,3,0,55,40
0,3,0,56,40
0,3,0,57,38
0,3,0,58,40
0,3,0,59,36
0,3,0,60,38
0,3,0,61,36
0,3,0,62,40
0,3,0,63,34
0,3,1,0,36
0,3,1,1,36
0,3,1,2,40
0,3,1,3,38
0,3,1,4,38
0,3,1,5,40
0,3,1,6,36
0,3,1,7,36
0,3,1,8,36
0,3,1,9,34
0,3,1,10,42
0,3,1,11,42
0,3,1,12,36
0,3,1,13,40
0,3,1,14,36
0,3,1,15,36
0,3,1,16,36
0,3,1,17,38
0,3,1,18,38
0,3,1,19,38
0,3,1,20,40
0,3,1,21,36
0,3,1,22,38
0,3,1,23,40
0,3,1,24,36
0,3,1,25,38
0,3,1,26,38
0,3,1,27,40
0,3,1,28,38
0,3,1,29,38
0,3,1,30,32
0,3,1,31,38
0,3,1,32,40
0,3,1,33,36
0,3,1,34,36
0,3,1,35,38
0,3,1,36,36
0,3,1,37,34
0,3,1,38,38
0,3,1,39,42
0,3,1,40,38
0,3,1,41,38
0,3,1,42,38
0,3,1,43,40
0,3,1,44,32
0,3,1,45,38
0,3,1,46,40
0,3,1,47,36
0,3,1,48,40
0,3,1,49,68
0,3,1,50,38
0,3,1,51,42
0,3,1,52,40
0,3,1,53,36
0,3,1,54,74
0,3,1,55,40
0,3,1,56,34
0,3,1,57,40
0,3,1,58,36
0,3,1,59,36
0,3,1,60,38
0,3,1,61,36
0,3,1,62,40
0,3,1,63,38
0,3,2,0,40
0,3,2,1,36
0,3,2,2,36
0,3,2,3,36
0,3,2,4,36
0,3,2,5,36
0,3,2,6,34
0,3,2,7,36
0,3,2,8,36
0,3,2,9,36
0,3,2,10,36
0,3,2,11,34
0,3,2,12,34
0,3,2,13,36
0,3,2,14,36
0,3,2,15,36
0,3,2,16,36
0,3,2,17,36
0,3,2,18,32
0,3,2,19,34
0,3,2,20,38
0,3,2,21,36
0,3,2,22,68
0,3,2,23,36
0,3,2,24,36
0,3,2,25,36
0,3,2,26,34
0,3,2,27,38
0,3,2,28,36
0,3,2,29,34
0,3,2,30,40
0,3,2,31,36
0,3,2,32,40
0,3,2,33,38
0,3,2,34,38
0,3,2,35,36
0,3,2,36,34
0,3,2,37,40
0,3,2,38,36
0,3,2,39,36
0,3,2,40,36
0,3,2,41,36
0,3,2,42,38
0,3,2,43,36
0,3,2,44,38
0,3,2,45,40
0,3,2,46,36
0,3,2,47,36
0,3,2,48,38
0,3,2,49,36
0,3,2,50,36
0,3,2,51,36
0,3,2,52,36
0,3,2,53,36
0,3,2,54,34
0,3,2,55,34
0,3,2,56,36
0,3,2,57,38
0,3,2,58,36
0,3,2,59,38
0,3,2,60,36
0,3,2,61,38
0,3,2,62,40
0,3,2,63,36
0,3,3,0,36
0,3,3,1,40
0,3,3,2,36
0,3,3,3,38
0,3,3,4,36
0,3,3,5,40
0,3,3,6,36
0,3,3,7,42
0,3,3,8,34
0,3,3,9,38
0,3,3,10,40
0,3,3,11,36
0,3,3,12,34
0,3,3,13,40
0,3,3,14,36
0,3,3,15,38
0,3,3,16,38
0,3,3,17,40
0,3,3,18,38
0,3,3,19,36
0,3,3,20,38
0,3,3,21,34
0,3,3,22,38
0,3,3,23,40
0,3,3,24,36
0,3,3,25,42
0,3,3,26,38
0,3,3,27,36
0,3,3,28,40
0,3,3,29,36
0,3,3,30,38
0,3,3,31,38
0,3,3,32,34
0,3,3,33,36
0,3,3,34,38
0,3,3,35,34
0,3,3,36,38
0,3,3,37,34
0,3,3,38,36
0,3,3,39,34
0,3,3,40,34
0,3,3,41,38
0,3,3,42,34
0,3,3,43,36
0,3,3,44,36
0,3,3,45,34
0,3,3,46,38
0,3,3,47,48
0,3,3,48,34
0,3,3,49,64
0,3,3,50,74
0,3,3,51,38
0,3,3,52,40
0,3,3,53,36
0,3,3,54,36
0,3,3,55,36
0,3,3,56,38
0,3,3,57,34
0,3,3,58,34
0,3,3,59,38
0,3,3,60,38
0,3,3,61,38
0,3,3,62,36
0,3,3,63,36
0,3,4,0,38
0,3,4,1,38
0,3,4,2,36
0,3,4,3,38
0,3,4,4,32
0,3,4,5,36
0,3,4,6,36
0,3,4,7,36
0,3,4,8,32
0,3,4,9,38
0,3,4,10,34
0,3,4,11,38
0,3,4,12,38
0,3,4,13,38
0,3,4,14,36
0,3,4,15,36
0,3,4,16,36
0,3,4,17,36
0,3,4,18,32
0,3,4,19,36
0,3,4,20,38
0,3,4,21,40
0,3,4,22,34
0,3,4,23,36
0,3,4,24,32
0,3,4,25,36
0,3,4,26,36
0,3,4,27,34
0,3,4,28,36
0,3,4,29,38
0,3,4,30,38
0,3,4,31,36
0,3,4,32,40
0,3,4,33,38
0,3,4,34,36
0,3,4,35,36
0,3,4,36,36
0,3,4,37,34
0,3,4,38,40
0,3,4,39,42
0,3,4,40,34
0,3,4,41,38
0,3,4,42,34
0,3,4,43,46
0,3,4,44,38
0,3,4,45,38
0,3,4,46,36
0,3,4,47,36
0,3,4,48,36
0,3,4,49,36
0,3,4,50,34
0,3,4,51,42
0,3,4,52,36
0,3,4,53,32
0,3,4,54,36
0,3,4,55,40
0,3,4,56,38
0,3,4,57,36
0,3,4,58,38
0,3,4,59,38
0,3,4,60,34
0,3,4,61,32
0,3,4,62,36
0,3,4,63,38
0,3,5,0,38
0,3,5,1,36
0,3,5,2,34
0,3,5,3,34
0,3,5,4,40
0,3,5,5,40
0,3,5,6,40
0,3,5,7,36
0,3,5,8,36
0,3,5,9,38
0,3,5,10,36
0,3,5,11,36
0,3,5,12,38
0,3,5,13,38
0,3,5,14,36
0,3,5,15,40
0,3,5,16,36
0,3,5,17,34
0,3,5,18,36
0,3,5,19,36
0,3,5,20,36
0,3,5,21,36
0,3,5,22,40
0,3,5,23,36
0,3,5,24,36
0,3,5,25,38
0,3,5,26,40
0,3,5,27,36
0,3,5,28,34
0,3,5,29,38
0,3,5,30,36
0,3,5,31,36
0,3,5,32,38
0,3,5,33,38
0,3,5,34,36
0,3,5,35,42
0,3,5,36,36
0,3,5,37,38
0,3,5,38,38
0,3,5,39,32
0,3,5,40,40
0,3,5,41,40
0,3,5,42,38
0,3,5,43,38
0,3,5,44,36
0,3,5,45,38
0,3,5,46,34
0,3,5,47,34
0,3,5,48,40
0,3,5,49,34
0,3,5,50,38
0,3,5,51,42
0,3,5,52,38
0,3,5,53,34
0,3,5,54,40
0,3,5,55,38
0,3,5,56,40
0,3,5,57,36
0,3,5,58,38
0,3,5,59,36
0,3,5,60,36
0,3,5,61,36
0,3,5,62,38
0,3,5,63,40
0,3,6,0,36
0,3,6,1,42
0,3,6,2,34
0,3,6,3,34
0,3,6,4,38
0,3,6,5,36
0,3,6,6,34
0,3,6,7,34
0,3,6,8,36
0,3,6,9,36
0,3,6,10,42
0,3,6,11,42
0,3,6,12,36
0,3,6,13,34
0,3,6,14,42
0,3,6,15,40
0,3,6,16,40
0,3,6,17,38
0,3,6,18,40
0,3,6,19,40
0,3,6,20,38
0,3,6,21,36
0,3,6,22,38
0,3,6,23,36
0,3,6,24,36
0,3,6,25,36
0,3,6,26,34
0,3,6,27,38
0,3,6,28,36
0,3,6,29,38
0,3,6,30,38
0,3,6,31,36
0,3,6,32,40
0,3,6,33,36
0,3,6,34,36
0,3,6,35,38
0,3,6,36,38
0,3,6,37,34
0,3,6,38,36
0,3,6,39,38
0,3,6,40,40
0,3,6,41,38
0,3,6,42,34
0,3,6,43,38
0,3,6,44,36
0,3,6,45,36
0,3,6,46,38
0,3,6,47,42
0,3,6,48,36
0,3,6,49,38
0,3,6,50,34
0,3,6,51,38
0,3,6,52,36
0,3,6,53,34
0,3,6,54,36
0,3,6,55,38
0,3,6,56,38
0,3,6,57,38
0,3,6,58,32
0,3,6,59,36
0,3,6,60,40
0,3,6,61,42
0,3,6,62,38
0,3,6,63,36
0,3,7,0,38
0,3,7,1,38
0,3,7,2,42
0,3,7,3,38
0,3,7,4,40
0,3,7,5,34
0,3,7,6,36
0,3,7,7,38
0,3,7,8,36
0,3,7,9,36
0,3,7,10,38
0,3,7,11,34
0,3,7,12,40
0,3,7,13,40
0,3,7,14,36
0,3,7,15,32
0,3,7,16,36
0,3,7,17,36
0,3,7,18,36
0,3,7,19,34
0,3,7,20,38
0,3,7,21,34
0,3,7,22,38
0,3,7,23,36
0,3,7,24,36
0,3,7,25,34
0,3,7,26,36
0,3,7,27,36
0,3,7,28,36
0,3,7,29,34
0,3,7,30,40
0,3,7,31,34
0,3,7,32,38
0,3,7,33,38
0,3,7,34,40
0,3,7,35,36
0,3,7,36,36
0,3,7,37,38
0,3,7,38,38
0,3,7,39,32
0,3,7,40,38
0,3,7,41,34
0,3,7,42,38
0,3,7,43,36
0,3,7,44,42
0,3,7,45,36
0,3,7,46,38
0,3,7,47,38
0,3,7,48,36
0,3,7,49,38
0,3,7,50,34
0,3,7,51,38
0,3,7,52,38
0,3,7,53,38
0,3,7,54,40
0,3,7,55,36
0,3,7,56,40
0,3,7,57,40
0,3,7,58,32
0,3,7,59,38
0,3,7,60,38
0,3,7,61,40
0,3,7,62,38
0,3,7,63,36
0,3,8,0,36
0,3,8,1,38
0,3,8,2,36
0,3,8,3,36
0,3,8,4,34
0,3,8,5,38
0,3,8,6,34
0,3,8,7,38
0,3,8,8,32
0,3,8,9,38
0,3,8,10,40
0,3,8,11,36
0,3,8,12,34
0,3,8,13,40
0,3,8,14,34
0,3,8,15,36
0,3,8,16,40
0,3,8,17,40
0,3,8,18,38
0,3,8,19,36
0,3,8,20,36
0,3,8,21,38
0,3,8,22,36
0,3,8,23,34
0,3,8,24,38
0,3,8,25,38
0,3,8,26,38
0,3,8,27,34
0,3,8,28,36
0,3,8,29,36
0,3,8,30,38
0,3,8,31,36
0,3,8,32,38
0,3,8,33,40
0,3,8,34,38
0,3,8,35,42
0,3,8,36,38
0,3,8,37,40
0,3,8,38,34
0,3,8,39,36
0,3,8,40,38
0,3,8,41,36
0,3,8,42,34
0,3,8,43,38
0,3,8,44,34
0,3,8,45,36
0,3,8,46,36
0,3,8,47,36
0,3,8,48,38
0,3,8,49,64
0,3,8,50,38
0,3,8,51,36
0,3,8,52,36
0,3,8,53,38
0,3,8,54,38
0,3,8,55,36
0,3,8,56,38
0,3,8,57,36
0,3,8,58,38
0,3,8,59,34
0,3,8,60,40
0,3,8,61,36
0,3,8,62,38
0,3,8,63,38
0,3,9,0,38
0,3,9,1,32
0,3,9,2,36
0,3,9,3,36
0,3,9,4,40
0,3,9,5,36
0,3,9,6,36
0,3,9,7,40
0,3,9,8,36
0,3,9,9,34
0,3,9,10,38
0,3,9,11,36
0,3,9,12,34
0,3,9,13,38
0,3,9,14,38
0,3,9,15,36
0,3,9,16,40
0,3,9,17,34
0,3,9,18,40
0,3,9,19,38
0,3,9,20,34
0,3,9,21,36
0,3,9,22,38
0,3,9,23,36
0,3,9,24,36
0,3,9,25,38
0,3,9,26,38
0,3,9,27,38
0,3,9,28,36
0,3,9,29,40
0,3,9,30,40
0,3,9,31,38
0,3,9,32,34
0,3,9,33,36
0,3,9,34,40
0,3,9,35,36
0,3,9,36,40
0,3,9,37,40
0,3,9,38,38
0,3,9,39,36
0,3,9,40,36
0,3,9,41,38
0,3,9,42,36
0,3,9,43,36
0,3,9,44,36
0,3,9,45,32
0,3,9,46,36
0,3,9,47,36
0,3,9,48,40
0,3,9,49,36
0,3,9,50,42
0,3,9,51,36
0,3,9,52,38
0,3,9,53,38
0,3,9,54,32
0,3,9,55,36
0,3,9,56,34
0,3,9,57,34
0,3,9,58,34
0,3,9,59,38
0,3,9,60,36
0,3,9,61,38
0,3,9,62,34
0,3,9,63,42
0,3,10,0,32
0,3,10,1,40
0,3,10,2,36
0,3,10,3,42
0,3,10,4,38
0,3,10,5,38
0,3,10,6,38
0,3,10,7,42
0,3,10,8,40
0,3,10,9,36
0,3,10,10,46
0,3,10,11,40
0,3,10,12,40
0,3,10,13,38
0,3,10,14,34
0,3,10,15,34
0,3,10,16,40
0,3,10,17,38
0,3,10,18,38
0,3,10,19,36
0,3,10,20,36
0,3,10,21,32
0,3,10,22,36
0,3,10,23,36
0,3,10,24,38
0,3,10,25,40
0,3,10,26,36
0,3,10,27,34
0,3,10,28,34
0,3,10,29,40
0,3,10,30,38
0,3,10,31,38
0,3,10,32,40
0,3,10,33,34
0,3,10,34,36
0,3,10,35,42
0,3,10,36,36
0,3,10,37,38
0,3,10,38,32
0,3,10,39,36
0,3,10,40,38
0,3,10,41,34
0,3,10,42,38
0,3,10,43,36
0,3,10,44,34
0,3,10,45,38
0,3,10,46,36
0,3,10,47,38
0,3,10,48,38
0,3,10,49,64
0,3,10,50,34
0,3,10,51,36
0,3,10,52,40
0,3,10,53,42
0,3,10,54,74
0,3,10,55,40
0,3,10,56,38
0,3,10,57,38
0,3,10,58,36
0,3,10,59,36
0,3,10,60,40
0,3,10,61,36
0,3,10,62,36
0,3,10,63,36
0,3,11,0,72
0,3,11,1,36
0,3,11,2,36
0,3,11,3,36
0,3,11,4,34
0,3,11,5,42
0,3,11,6,34
0,3,11,7,40
0,3,11,8,36
0,3,11,9,36
0,3,11,10,36
0,3,11,11,36
0,3,11,12,76
0,3,11,13,40
0,3,11,14,40
0,3,11,15,36
0,3,11,16,36
0,3,11,17,36
0,3,11,18,38
0,3,11,19,36
0,3,11,20,38
0,3,11,21,38
0,3,11,22,36
0,3,11,23,38
0,3,11,24,38
0,3,11,25,34
0,3,11,26,38
0,3,11,27,36
0,3,11,28,38
0,3,11,29,38
0,3,11,30,36
0,3,11,31,38
0,3,11,32,40
0,3,11,33,36
0,3,11,34,36
0,3,11,35,36
0,3,11,36,34
0,3,11,37,36
0,3,11,38,40
0,3,11,39,36
0,3,11,40,36
0,3,11,41,38
0,3,11,42,50
0,3,11,43,38
0,3,11,44,40
0,3,11,45,36
0,3,11,46,38
0,3,11,47,34
0,3,11,48,36
0,3,11,49,64
0,3,11,50,34
0,3,11,51,44
0,3,11,52,40
0,3,11,53,34
0,3,11,54,34
0,3,11,55,34
0,3,11,56,34
0,3,11,57,36
0,3,11,58,36
0,3,11,59,68
0,3,11,60,38
0,3,11,61,38
0,3,11,62,38
0,3,11,63,36
0,3,12,0,38
0,3,12,1,36
0,3,12,2,36
0,3,12,3,36
0,3,12,4,32
0,3,12,5,38
0,3,12,6,38
0,3,12,7,36
0,3,12,8,36
0,3,12,9,40
0,3,12,10,40
0,3,12,11,36
0,3,12,12,36
0,3,12,13,36
0,3,12,14,38
0,3,12,15,36
0,3,12,16,34
0,3,12,17,42
0,3,12,18,36
0,3,12,19,34
0,3,12,20,38
0,3,12,21,36
0,3,12,22,32
0,3,12,23,42
0,3,12,24,36
0,3,12,25,38
0,3,12,26,34
0,3,12,27,38
0,3,12,28,42
0,3,12,29,38
0,3,12,30,38
0,3,12,31,40
0,3,12,32,40
0,3,12,33,34
0,3,12,34,38
0,3,12,35,36
0,3,12,36,42
0,3,12,37,42
0,3,12,38,34
0,3,12,39,38
0,3,12,40,38
0,3,12,41,36
0,3,12,42,34
0,3,12,43,40
0,3,12,44,36
0,3,12,45,38
0,3,12,46,34
0,3,12,47,40
0,3,12,48,38
0,3,12,49,38
0,3,12,50,36
0,3,12,51,40
0,3,12,52,36
0,3,12,53,38
0,3,12,54,36
0,3,12,55,40
0,3,12,56,36
0,3,12,57,38
0,3,12,58,38
0,3,12,59,36
0,3,12,60,40
0,3,12,61,38
0,3,12,62,32
0,3,12,63,36
0,3,13,0,38
0,3,13,1,36
0,3,13,2,38
0,3,13,3,38
0,3,13,4,36
0,3,13,5,36
0,3,13,6,36
0,3,13,7,36
0,3,13,8,38
0,3,13,9,36
0,3,13,10,36
0,3,13,11,38
0,3,13,12,38
0,3,13,13,38
0,3,13,14,40
0,3,13,15,36
0,3,13,16,38
0,3,13,17,36
0,3,13,18,38
0,3,13,19,34
0,3,13,20,34
0,3,13,21,38
0,3,13,22,40
0,3,13,23,36
0,3,13,24,34
0,3,13,25,36
0,3,13,26,42
0,3,13,27,36
0,3,13,28,38
0,3,13,29,38
0,3,13,30,34
0,3,13,31,36
0,3,13,32,36
0,3,13,33,38
0,3,13,34,36
0,3,13,35,40
0,3,13,36,34
0,3,13,37,38
0,3,13,38,38
0,3,13,39,36
0,3,13,40,38
0,3,13,41,38
0,3,13,42,36
0,3,13,43,42
0,3,13,44,38
0,3,13,45,38
0,3,13,46,36
0,3,13,47,36
0,3,13,48,38
0,3,13,49,40
0,3,13,50,38
0,3,13,51,36
0,3,13,52,36
0,3,13,53,38
0,3,13,54,40
0,3,13,55,36
0,3,13,56,38
0,3,13,57,34
0,3,13,58,38
0,3,13,59,38
0,3,13,60,36
0,3,13,61,34
0,3,13,62,36
0,3,13,63,36
0,3,14,0,32
0,3,14,1,38
0,3,14,2,38
0,3,14,3,36
0,3,14,4,34
0,3,14,5,36
0,3,14,6,34
0,3,14,7,40
0,3,14,8,40
0,3,14,9,38
0,3,14,10,38
0,3,14,11,38
0,3,14,12,38
0,3,14,13,34
0,3,14,14,40
0,3,14,15,38
0,3,14,16,40
0,3,14,17,36
0,3,14,18,36
0,3,14,19,36
0,3,14,20,36
0,3,14,21,36
0,3,14,22,40
0,3,14,23,62
0,3,14,24,38
0,3,14,25,38
0,3,14,26,36
0,3,14,27,38
0,3,14,28,36
0,3,14,29,42
0,3,14,30,36
0,3,14,31,36
0,3,14,32,36
0,3,14,33,36
0,3,14,34,38
0,3,14,35,36
0,3,14,36,34
0,3,14,37,36
0,3,14,38,34
0,3,14,39,36
0,3,14,40,40
0,3,14,41,38
0,3,14,42,38
0,3,14,43,38
0,3,14,44,40
0,3,14,45,32
0,3,14,46,38
0,3,14,47,38
0,3,14,48,36
0,3,14,49,36
0,3,14,50,38
0,3,14,51,36
0,3,14,52,42
0,3,14,53,36
0,3,14,54,38
0,3,14,55,36
0,3,14,56,38
0,3,14,57,36
0,3,14,58,36
0,3,14,59,38
0,3,14,60,36
0,3,14,61,36
0,3,14,62,36
0,3,14,63,34
0,4,0,0,80
0,4,0,1,76
0,4,0,2,62
0,4,0,3,66
0,4,0,4,72
0,4,0,5,72
0,4,0,6,64
0,4,0,7,60
0,4,0,8,76
0,4,0,9,72
0,4,0,10,62
0,4,0,11,66
0,4,0,12,66
0,4,0,13,74
0,4,0,14,62
0,4,0,15,70
0,4,0,16,72
0,4,0,17,70
0,4,0,18,68
0,4,0,19,64
0,4,0,20,72
0,4,0,21,70
0,4,0,22,66
0,4,0,23,80
0,4,0,24,72
0,4,0,25,70
0,4,0,26,70
0,4,0,27,68
0,4,0,28,76
0,4,0,29,72
0,4,0,30,66
0,4,0,31,64
0,4,0,32,38
0,4,0,33,40
0,4,0,34,72
0,4,0,35,38
0,4,0,36,66
0,4,0,37,70
0,4,0,38,100
0,4,0,39,38
0,4,0,40,66
0,4,0,41,66
0,4,0,42,70
0,4,0,43,76
0,4,0,44,60
0,4,0,45,70
0,4,0,46,72
0,4,0,47,72
0,4,0,48,66
0,4,0,49,68
0,4,0,50,72
0,4,0,51,74
0,4,0,52,64
0,4,0,53,62
0,4,0,54,70
0,4,0,55,72
0,4,0,56,70
0,4,0,57,64
0,4,0,58,74
0,4,0,59,74
0,4,0,60,66
0,4,0,61,62
0,4,0,62,74
0,4,0,63,70
0,4,1,0,74
0,4,1,1,38
0,4,1,2,38
0,4,1,3,38
0,4,1,4,36
0,4,1,5,36
0,4,1,6,38
0,4,1,7,34
0,4,1,8,34
0,4,1,9,36
0,4,1,10,40
0,4,1,11,36
0,4,1,12,36
0,4,1,13,36
0,4,1,14,48
0,4,1,15,36
0,4,1,16,38
0,4,1,17,40
0,4,1,18,36
0,4,1,19,36
0,4,1,20,36
0,4,1,21,34
0,4,1,22,34
0,4,1,23,36
0,4,1,24,40
0,4,1,25,38
0,4,1,26,34
0,4,1,27,34
0,4,1,28,36
0,4,1,29,36
0,4,1,30,34
0,4,1,31,40
0,4,1,32,38
0,4,1,33,34
0,4,1,34,34
0,4,1,35,36
0,4,1,36,38
0,4,1,37,38
0,4,1,38,36
0,4,1,39,36
0,4,1,40,36
0,4,1,41,36
0,4,1,42,38
0,4,1,43,38
0,4,1,44,42
0,4,1,45,38
0,4,1,46,36
0,4,1,47,40
0,4,1,48,38
0,4,1,49,34
0,4,1,50,34
0,4,1,51,74
0,4,1,52,38
0,4,1,53,32
0,4,1,54,38
0,4,1,55,38
0,4,1,56,64
0,4,1,57,38
0,4,1,58,36
0,4,1,59,38
0,4,1,60,40
0,4,1,61,34
0,4,1,62,36
0,4,1,63,36
0,4,2,0,36
0,4,2,1,34
0,4,2,2,38
0,4,2,3,38
0,4,2,4,38
0,4,2,5,40
0,4,2,6,34
0,4,2,7,36
0,4,2,8,38
0,4,2,9,40
0,4,2,10,38
0,4,2,11,36
0,4,2,12,38
0,4,2,13,38
0,4,2,14,34
0,4,2,15,38
0,4,2,16,38
0,4,2,17,34
0,4,2,18,36
0,4,2,19,38
0,4,2,20,42
0,4,2,21,36
0,4,2,22,64
0,4,2,23,36
0,4,2,24,40
0,4,2,25,36
0,4,2,26,36
0,4,2,27,36
0,4,2,28,40
0,4,2,29,36
0,4,2,30,38
0,4,2,31,40
0,4,2,32,38
0,4,2,33,34
0,4,2,34,40
0,4,2,35,36
0,4,2,36,40
0,4,2,37,36
0,4,2,38,36
0,4,2,39,40
0,4,2,40,36
0,4,2,41,38
0,4,2,42,40
0,4,2,43,40
0,4,2,44,38
0,4,2,45,38
0,4,2,46,40
0,4,2,47,36
0,4,2,48,38
0,4,2,49,38
0,4,2,50,42
0,4,2,51,42
0,4,2,52,38
0,4,2,53,36
0,4,2,54,36
0,4,2,55,40
0,4,2,56,40
0,4,2,57,36
0,4,2,58,38
0,4,2,59,36
0,4,2,60,34
0,4,2,61,36
0,4,2,62,38
0,4,2,63,38
0,4,3,0,34
0,4,3,1,36
0,4,3,2,38
0,4,3,3,36
0,4,3,4,34
0,4,3,5,36
0,4,3,6,32
0,4,3,7,36
0,4,3,8,36
0,4,3,9,38
0,4,3,10,36
0,4,3,11,34
0,4,3,12,40
0,4,3,13,40
0,4,3,14,34
0,4,3,15,38
0,4,3,16,46
0,4,3,17,38
0,4,3,18,40
0,4,3,19,36
0,4,3,20,34
0,4,3,21,36
0,4,3,22,34
0,4,3,23,36
0,4,3,24,36
0,4,3,25,40
0,4,3,26,36
0,4,3,27,38
0,4,3,28,38
0,4,3,29,38
0,4,3,30,36
0,4,3,31,38
0,4,3,32,36
0,4,3,33,36
0,4,3,34,38
0,4,3,35,40
0,4,3,36,40
0,4,3,37,40
0,4,3,38,36
0,4,3,39,36
0,4,3,40,38
0,4,3,41,34
0,4,3,42,36
0,4,3,43,38
0,4,3,44,34
0,4,3,45,34
0,4,3,46,36
0,4,3,47,38
0,4,3,48,40
0,4,3,49,64
0,4,3,50,36
0,4,3,51,40
0,4,3,52,36
0,4,3,53,38
0,4,3,54,36
0,4,3,55,38
0,4,3,56,66
0,4,3,57,34
0,4,3,58,36
0,4,3,59,38
0,4,3,60,40
0,4,3,61,36
0,4,3,62,36
0,4,3,63,40
0,4,4,0,36
0,4,4,1,34
0,4,4,2,36
0,4,4,3,34
0,4,4,4,40
0,4,4,5,38
0,4,4,6,36
0,4,4,7,36
0,4,4,8,38
0,4,4,9,40
0,4,4,10,38
0,4,4,11,36
0,4,4,12,36
0,4,4,13,38
0,4,4,14,36
0,4,4,15,40
0,4,4,16,38
0,4,4,17,36
0,4,4,18,34
0,4,4,19,36
0,4,4,20,36
0,4,4,21,38
0,4,4,22,36
0,4,4,23,34
0,4,4,24,38
0,4,4,25,40
0,4,4,26,36
0,4,4,27,48
0,4,4,28,34
0,4,4,29,36
0,4,4,30,38
0,4,4,31,34
0,4,4,32,34
0,4,4,33,38
0,4,4,34,38
0,4,4,35,34
0,4,4,36,38
0,4,4,37,38
0,4,4,38,36
0,4,4,39,38
0,4,4,40,36
0,4,4,41,36
0,4,4,42,34
0,4,4,43,38
0,4,4,44,36
0,4,4,45,34
0,4,4,46,32
0,4,4,47,38
0,4,4,48,40
0,4,4,49,36
0,4,4,50,38
0,4,4,51,34
0,4,4,52,36
0,4,4,53,36
0,4,4,54,36
0,4,4,55,38
0,4,4,56,40
0,4,4,57,34
0,4,4,58,36
0,4,4,59,32
0,4,4,60,40
0,4,4,61,36
0,4,4,62,36
0,4,4,63,36
0,4,5,0,36
0,4,5,1,38
0,4,5,2,36
0,4,5,3,36
0,4,5,4,40
0,4,5,5,40
0,4,5,6,36
0,4,5,7,34
0,4,5,8,40
0,4,5,9,40
0,4,5,10,40
0,4,5,11,34
0,4,5,12,34
0,4,5,13,34
0,4,5,14,34
0,4,5,15,36
0,4,5,16,38
0,4,5,17,36
0,4,5,18,38
0,4,5,19,42
0,4,5,20,36
0,4,5,21,36
0,4,5,22,36
0,4,5,23,38
0,4,5,24,38
0,4,5,25,38
0,4,5,26,36
0,4,5,27,36
0,4,5,28,36
0,4,5,29,42
0,4,5,30,32
0,4,5,31,34
0,4,5,32,36
0,4,5,33,32
0,4,5,34,34
0,4,5,35,36
0,4,5,36,36
0,4,5,37,32
0,4,5,38,38
0,4,5,39,36
0,4,5,40,34
0,4,5,41,32
0,4,5,42,40
0,4,5,43,36
0,4,5,44,34
0,4,5,45,32
0,4,5,46,36
0,4,5,47,32
0,4,5,48,38
0,4,5,49,34
0,4,5,50,40
0,4,5,51,36
0,4,5,52,38
0,4,5,53,36
0,4,5,54,34
0,4,5,55,36
0,4,5,56,36
0,4,5,57,38
0,4,5,58,36
0,4,5,59,36
0,4,5,60,36
0,4,5,61,38
0,4,5,62,38
0,4,5,63,36
0,4,6,0,38
0,4,6,1,40
0,4,6,2,40
0,4,6,3,36
0,4,6,4,36
0,4,6,5,46
0,4,6,6,36
0,4,6,7,36
0,4,6,8,36
0,4,6,9,34
0,4,6,10,40
0,4,6,11,42
0,4,6,12,40
0,4,6,13,36
0,4,6,14,40
0,4,6,15,36
0,4,6,16,34
0,4,6,17,38
0,4,6,18,36
0,4,6,19,36
0,4,6,20,36
0,4,6,21,38
0,4,6,22,38
0,4,6,23,34
0,4,6,24,38
0,4,6,25,38
0,4,6,26,34
0,4,6,27,34
0,4,6,28,36
0,4,6,29,36
0,4,6,30,34
0,4,6,31,36
0,4,6,32,34
0,4,6,33,34
0,4,6,34,34
0,4,6,35,36
0,4,6,36,34
0,4,6,37,36
0,4,6,38,36
0,4,6,39,36
0,4,6,40,36
0,4,6,41,40
0,4,6,42,34
0,4,6,43,36
0,4,6,44,40
0,4,6,45,38
0,4,6,46,36
0,4,6,47,38
0,4,6,48,38
0,4,6,49,38
0,4,6,50,36
0,4,6,51,34
0,4,6,52,34
0,4,6,53,38
0,4,6,54,38
0,4,6,55,36
0,4,6,56,34
0,4,6,57,38
0,4,6,58,38
0,4,6,59,38
0,4,6,60,34
0,4,6,61,38
0,4,6,62,38
0,4,6,63,34
0,4,7,0,40
0,4,7,1,36
0,4,7,2,40
0,4,7,3,34
0,4,7,4,38
0,4,7,5,38
0,4,7,6,36
0,4,7,7,42
0,4,7,8,36
0,4,7,9,42
0,4,7,10,38
0,4,7,11,40
0,4,7,12,38
0,4,7,13,34
0,4,7,14,42
0,4,7,15,36
0,4,7,16,34
0,4,7,17,38
0,4,7,18,42
0,4,7,19,38
0,4,7,20,38
0,4,7,21,38
0,4,7,22,36
0,4,7,23,38
0,4,7,24,34
0,4,7,25,36
0,4,7,26,36
0,4,7,27,38
0,4,7,28,36
0,4,7,29,40
0,4,7,30,32
0,4,7,31,36
0,4,7,32,38
0,4,7,33,36
0,4,7,34,36
0,4,7,35,36
0,4,7,36,34
0,4,7,37,40
0,4,7,38,34
0,4,7,39,38
0,4,7,40,38
0,4,7,41,36
0,4,7,42,40
0,4,7,43,36
0,4,7,44,36
0,4,7,45,36
0,4,7,46,34
0,4,7,47,34
0,4,7,48,34
0,4,7,49,34
0,4,7,50,36
0,4,7,51,38
0,4,7,52,40
0,4,7,53,40
0,4,7,54,32
0,4,7,55,36
0,4,7,56,36
0,4,7,57,32
0,4,7,58,34
0,4,7,59,38
0,4,7,60,36
0,4,7,61,38
0,4,7,62,36
0,4,7,63,40
0,4,8,0,36
0,4,8,1,34
0,4,8,2,36
0,4,8,3,36
0,4,8,4,40
0,4,8,5,36
0,4,8,6,38
0,4,8,7,38
0,4,8,8,34
0,4,8,9,38
0,4,8,10,34
0,4,8,11,38
0,4,8,12,38
0,4,8,13,38
0,4,8,14,36
0,4,8,15,38
0,4,8,16,36
0,4,8,17,38
0,4,8,18,38
0,4,8,19,34
0,4,8,20,38
0,4,8,21,36
0,4,8,22,34
0,4,8,23,36
0,4,8,24,40
0,4,8,25,40
0,4,8,26,36
0,4,8,27,36
0,4,8,28,38
0,4,8,29,36
0,4,8,30,36
0,4,8,31,36
0,4,8,32,36
0,4,8,33,34
0,4,8,34,38
0,4,8,35,40
0,4,8,36,38
0,4,8,37,38
0,4,8,38,38
0,4,8,39,36
0,4,8,40,38
0,4,8,41,36
0,4,8,42,36
0,4,8,43,32
0,4,8,44,34
0,4,8,45,36
0,4,8,46,32
0,4,8,47,38
0,4,8,48,34
0,4,8,49,62
0,4,8,50,36
0,4,8,51,40
0,4,8,52,44
0,4,8,53,36
0,4,8,54,34
0,4,8,55,38
0,4,8,56,36
0,4,8,57,32
0,4,8,58,36
0,4,8,59,36
0,4,8,60,36
0,4,8,61,36
0,4,8,62,40
0,4,8,63,34
0,4,9,0,34
0,4,9,1,38
0,4,9,2,38
0,4,9,3,34
0,4,9,4,36
0,4,9,5,38
0,4,9,6,40
0,4,9,7,40
0,4,9,8,38
0,4,9,9,36
0,4,9,10,42
0,4,9,11,32
0,4,9,12,34
0,4,9,13,34
0,4,9,14,36
0,4,9,15,36
0,4,9,16,40
0,4,9,17,38
0,4,9,18,36
0,4,9,19,34
0,4,9,20,40
0,4,9,21,40
0,4,9,22,36
0,4,9,23,36
0,4,9,24,34
0,4,9,25,38
0,4,9,26,36
0,4,9,27,40
0,4,9,28,38
0,4,9,29,40
0,4,9,30,36
0,4,9,31,40
0,4,9,32,40
0,4,9,33,42
0,4,9,34,36
0,4,9,35,36
0,4,9,36,40
0,4,9,37,38
0,4,9,38,36
0,4,9,39,36
0,4,9,40,38
0,4,9,41,32
0,4,9,42,36
0,4,9,43,34
0,4,9,44,36
0,4,9,45,36
0,4,9,46,40
0,4,9,47,38
0,4,9,48,36
0,4,9,49,38
0,4,9,50,36
0,4,9,51,34
0,4,9,52,38
0,4,9,53,38
0,4,9,54,40
0,4,9,55,40
0,4,9,56,36
0,4,9,57,34
0,4,9,58,38
0,4,9,59,36
0,4,9,60,34
0,4,9,61,40
0,4,9,62,36
0,4,9,63,36
0,4,10,0,34
0,4,10,1,38
0,4,10,2,40
0,4,10,3,36
0,4,10,4,40
0,4,10,5,38
0,4,10,6,40
0,4,10,7,38
0,4,10,8,40
0,4,10,9,36
0,4,10,10,38
0,4,10,11,38
0,4,10,12,36
0,4,10,13,50
0,4,10,14,36
0,4,10,15,38
0,4,10,16,76
0,4,10,17,40
0,4,10,18,40
0,4,10,19,36
0,4,10,20,38
0,4,10,21,36
0,4,10,22,36
0,4,10,23,38
0,4,10,24,34
0,4,10,25,36
0,4,10,26,40
0,4,10,27,36
0,4,10,28,38
0,4,10,29,38
0,4,10,30,36
0,4,10,31,36
0,4,10,32,38
0,4,10,33,68
0,4,10,34,36
0,4,10,35,38
0,4,10,36,38
0,4,10,37,38
0,4,10,38,36
0,4,10,39,42
0,4,10,40,40
0,4,10,41,36
0,4,10,42,42
0,4,10,43,36
0,4,10,44,38
0,4,10,45,38
0,4,10,46,36
0,4,10,47,42
0,4,10,48,40
0,4,10,49,62
0,4,10,50,74
0,4,10,51,36
0,4,10,52,38
0,4,10,53,40
0,4,10,54,76
0,4,10,55,40
0,4,10,56,68
0,4,10,57,38
0,4,10,58,40
0,4,10,59,38
0,4,10,60,66
0,4,10,61,38
0,4,10,62,38
0,4,10,63,38
0,4,11,0,34
0,4,11,1,38
0,4,11,2,38
0,4,11,3,36
0,4,11,4,38
0,4,11,5,36
0,4,11,6,40
0,4,11,7,36
0,4,11,8,36
0,4,11,9,36
0,4,11,10,40
0,4,11,11,42
0,4,11,12,38
0,4,11,13,36
0,4,11,14,40
0,4,11,15,36
0,4,11,16,36
0,4,11,17,34
0,4,11,18,38
0,4,11,19,34
0,4,11,20,36
0,4,11,21,40
0,4,11,22,38
0,4,11,23,38
0,4,11,24,34
0,4,11,25,40
0,4,11,26,34
0,4,11,27,36
0,4,11,28,36
0,4,11,29,32
0,4,11,30,38
0,4,11,31,36
0,4,11,32,34
0,4,11,33,40
0,4,11,34,36
0,4,11,35,36
0,4,11,36,38
0,4,11,37,40
0,4,11,38,36
0,4,11,39,36
0,4,11,40,36
0,4,11,41,34
0,4,11,42,36
0,4,11,43,36
0,4,11,44,36
0,4,11,45,46
0,4,11,46,36
0,4,11,47,40
0,4,11,48,40
0,4,11,49,32
0,4,11,50,38
0,4,11,51,32
0,4,11,52,36
0,4,11,53,36
0,4,11,54,36
0,4,11,55,40
0,4,11,56,70
0,4,11,57,38
0,4,11,58,36
0,4,11,59,34
0,4,11,60,38
0,4,11,61,42
0,4,11,62,36
0,4,11,63,40
0,4,12,0,36
0,4,12,1,38
0,4,12,2,36
0,4,12,3,40
0,4,12,4,36
0,4,12,5,38
0,4,12,6,38
0,4,12,7,34
0,4,12,8,38
0,4,12,9,36
0,4,12,10,40
0,4,12,11,36
0,4,12,12,34
0,4,12,13,36
0,4,12,14,36
0,4,12,15,32
0,4,12,16,36
0,4,12,17,40
0,4,12,18,38
0,4,12,19,36
0,4,12,20,34
0,4,12,21,36
0,4,12,22,38
0,4,12,23,36
0,4,12,24,38
0,4,12,25,36
0,4,12,26,40
0,4,12,27,38
0,4,12,28,36
0,4,12,29,38
0,4,12,30,40
0,4,12,31,32
0,4,12,32,38
0,4,12,33,34
0,4,12,34,38
0,4,12,35,36
0,4,12,36,40
0,4,12,37,34
0,4,12,38,36
0,4,12,39,40
0,4,12,40,38
0,4,12,41,36
0,4,12,42,36
0,4,12,43,36
0,4,12,44,36
0,4,12,45,40
0,4,12,46,36
0,4,12,47,36
0,4,12,48,34
0,4,12,49,40
0,4,12,50,32
0,4,12,51,36
0,4,12,52,32
0,4,12,53,38
0,4,12,54,38
0,4,12,55,32
0,4,12,56,34
0,4,12,57,40
0,4,12,58,36
0,4,12,59,34
0,4,12,60,34
0,4,12,61,34
0,4,12,62,38
0,4,12,63,34
0,4,13,0,40
0,4,13,1,38
0,4,13,2,34
0,4,13,3,36
0,4,13,4,40
0,4,13,5,40
0,4,13,6,36
0,4,13,7,38
0,4,13,8,40
0,4,13,9,38
0,4,13,10,36
0,4,13,11,36
0,4,13,12,38
0,4,13,13,40
0,4,13,14,34
0,4,13,15,36
0,4,13,16,36
0,4,13,17,34
0,4,13,18,36
0,4,13,19,34
0,4,13,20,34
0,4,13,21,38
0,4,13,22,40
0,4,13,23,38
0,4,13,24,40
0,4,13,25,40
0,4,13,26,40
0,4,13,27,34
0,4,13,28,42
0,4,13,29,40
0,4,13,30,38
0,4,13,31,34
0,4,13,32,36
0,4,13,33,42
0,4,13,34,36
0,4,13,35,36
0,4,13,36,40
0,4,13,37,34
0,4,13,38,36
0,4,13,39,36
0,4,13,40,36
0,4,13,41,36
0,4,13,42,36
0,4,13,43,40
0,4,13,44,36
0,4,13,45,34
0,4,13,46,42
0,4,13,47,36
0,4,13,48,40
0,4,13,49,34
0,4,13,50,38
0,4,13,51,36
0,4,13,52,38
0,4,13,53,34
0,4,13,54,38
0,4,13,55,46
0,4,13,56,66
0,4,13,57,36
0,4,13,58,36
0,4,13,59,40
0,4,13,60,38
0,4,13,61,40
0,4,13,62,34
0,4,13,63,36
0,4,14,0,36
0,4,14,1,36
0,4,14,2,36
0,4,14,3,36
0,4,14,4,40
0,4,14,5,36
0,4,14,6,38
0,4,14,7,36
0,4,14,8,36
0,4,14,9,40
0,4,14,10,38
0,4,14,11,40
0,4,14,12,38
0,4,14,13,36
0,4,14,14,38
0,4,14,15,38
0,4,14,16,36
0,4,14,17,40
0,4,14,18,36
0,4,14,19,36
0,4,14,20,40
0,4,14,21,34
0,4,14,22,36
0,4,14,23,36
0,4,14,24,36
0,4,14,25,36
0,4,14,26,36
0,4,14,27,36
0,4,14,28,36
0,4,14,29,36
0,4,14,30,36
0,4,14,31,38
0,4,14,32,36
0,4,14,33,36
0,4,14,34,42
0,4,14,35,40
0,4,14,36,38
0,4,14,37,36
0,4,14,38,38
0,4,14,39,34
0,4,14,40,38
0,4,14,41,34
0,4,14,42,34
0,4,14,43,36
0,4,14,44,38
0,4,14,45,36
0,4,14,46,36
0,4,14,47,34
0,4,14,48,36
0,4,14,49,38
0,4,14,50,36
0,4,14,51,36
0,4,14,52,34
0,4,14,53,34
0,4,14,54,32
0,4,14,55,36
0,4,14,56,36
0,4,14,57,36
0,4,14,58,38
0,4,14,59,38
0,4,14,60,36
0,4,14,61,38
0,4,14,62,40
0,4,14,63,34
1,0,0,0,46
1,0,0,1,42
1,0,0,2,74
1,0,0,3,78
1,0,0,4,66
1,0,0,5,68
1,0,0,6,82
1,0,0,7,72
1,0,0,8,60
1,0,0,9,64
1,0,0,10,72
1,0,0,11,74
1,0,0,12,208
1,0,0,13,64
1,0,0,14,70
1,0,0,15,74
1,0,0,16,68
1,0,0,17,62
1,0,0,18,38
1,0,0,19,74
1,0,0,20,38
1,0,0,21,36
1,0,0,22,40
1,0,0,23,40
1,0,0,24,38
1,0,0,25,36
1,0,0,26,40
1,0,0,27,34
1,0,0,28,36
1,0,0,29,36
1,0,0,30,38
1,0,0,31,70
1,0,0,32,76
1,0,0,33,74
1,0,0,34,70
1,0,0,35,36
1,0,0,36,74
1,0,0,37,40
1,0,0,38,36
1,0,0,39,38
1,0,0,40,36
1,0,0,41,40
1,0,0,42,40
1,0,0,43,68
1,0,0,44,32
1,0,0,45,36
1,0,0,46,46
1,0,0,47,40
1,0,0,48,38
1,0,0,49,40
1,0,0,50,38
1,0,0,51,40
1,0,0,52,40
1,0,0,53,34
1,0,0,54,38
1,0,0,55,66
1,0,0,56,70
1,0,0,57,68
1,0,0,58,68
1,0,0,59,64
1,0,0,60,38
1,0,0,61,36
1,0,0,62,70
1,0,0,63,68
1,0,1,0,36
1,0,1,1,34
1,0,1,2,36
1,0,1,3,36
1,0,1,4,38
1,0,1,5,32
1,0,1,6,36
1,0,1,7,38
1,0,1,8,34
1,0,1,9,34
1,0,1,10,36
1,0,1,11,36
1,0,1,12,40
1,0,1,13,38
1,0,1,14,34
1,0,1,15,38
1,0,1,16,36
1,0,1,17,40
1,0,1,18,36
1,0,1,19,36
1,0,1,20,34
1,0,1,21,34
1,0,1,22,36
1,0,1,23,36
1,0,1,24,38
1,0,1,25,36
1,0,1,26,38
1,0,1,27,36
1,0,1,28,36
1,0,1,29,38
1,0,1,30,34
1,0,1,31,40
1,0,1,32,40
1,0,1,33,36
1,0,1,34,36
1,0,1,35,36
1,0,1,36,36
1,0,1,37,36
1,0,1,38,38
1,0,1,39,36
1,0,1,40,38
1,0,1,41,34
1,0,1,42,38
1,0,1,43,40
1,0,1,44,40
1,0,1,45,36
1,0,1,46,42
1,0,1,47,38
1,0,1,48,42
1,0,1,49,40
1,0,1,50,42
1,0,1,51,40
1,0,1,52,38
1,0,1,53,36
1,0,1,54,38
1,0,1,55,36
1,0,1,56,36
1,0,1,57,38
1,0,1,58,40
1,0,1,59,34
1,0,1,60,38
1,0,1,61,36
1,0,1,62,36
1,0,1,63,36
1,0,2,0,34
1,0,2,1,38
1,0,2,2,38
1,0,2,3,34
1,0,2,4,34
1,0,2,5,36
1,0,2,6,38
1,0,2,7,36
1,0,2,8,40
1,0,2,9,36
1,0,2,10,38
1,0,2,11,34
1,0,2,12,38
1,0,2,13,36
1,0,2,14,36
1,0,2,15,40
1,0,2,16,38
1,0,2,17,38
1,0,2,18,40
1,0,2,19,38
1,0,2,20,32
1,0,2,21,36
1,0,2,22,40
1,0,2,23,42
1,0,2,24,34
1,0,2,25,40
1,0,2,26,38
1,0,2,27,38
1,0,2,28,44
1,0,2,29,36
1,0,2,30,38
1,0,2,31,34
1,0,2,32,38
1,0,2,33,34
1,0,2,34,38
1,0,2,35,38
1,0,2,36,38
1,0,2,37,32
1,0,2,38,36
1,0,2,39,36
1,0,2,40,36
1,0,2,41,34
1,0,2,42,34
1,0,2,43,34
1,0,2,44,40
1,0,2,45,34
1,0,2,46,42
1,0,2,47,38
1,0,2,48,36
1,0,2,49,34
1,0,2,50,36
1,0,2,51,38
1,0,2,52,36
1,0,2,53,36
1,0,2,54,36
1,0,2,55,40
1,0,2,56,32
1,0,2,57,36
1,0,2,58,36
1,0,2,59,34
1,0,2,60,38
1,0,2,61,34
1,0,2,62,40
1,0,2,63,36
1,0,3,0,32
1,0,3,1,36
1,0,3,2,36
1,0,3,3,38
1,0,3,4,36
1,0,3,5,36
1,0,3,6,38
1,0,3,7,32
1,0,3,8,32
1,0,3,9,34
1,0,3,10,36
1,0,3,11,36
1,0,3,12,40
1,0,3,13,34
1,0,3,14,36
1,0,3,15,36
1,0,3,16,38
1,0,3,17,38
1,0,3,18,34
1,0,3,19,40
1,0,3,20,36
1,0,3,21,40
1,0,3,22,36
1,0,3,23,36
1,0,3,24,38
1,0,3,25,36
1,0,3,26,38
1,0,3,27,38
1,0,3,28,36
1,0,3,29,38
1,0,3,30,38
1,0,3,31,36
1,0,3,32,36
1,0,3,33,42
1,0,3,34,36
1,0,3,35,36
1,0,3,36,40
1,0,3,37,36
1,0,3,38,34
1,0,3,39,38
1,0,3,40,34
1,0,3,41,38
1,0,3,42,36
1,0,3,43,36
1,0,3,44,36
1,0,3,45,36
1,0,3,46,38
1,0,3,47,36
1,0,3,48,36
1,0,3,49,36
1,0,3,50,36
1,0,3,51,34
1,0,3,52,34
1,0,3,53,36
1,0,3,54,34
1,0,3,55,36
1,0,3,56,40
1,0,3,57,34
1,0,3,58,36
1,0,3,59,40
1,0,3,60,36
1,0,3,61,36
1,0,3,62,38
1,0,3,63,38
1,0,4,0,40
1,0,4,1,38
1,0,4,2,34
1,0,4,3,38
1,0,4,4,32
1,0,4,5,40
1,0,4,6,38
1,0,4,7,36
1,0,4,8,36
1,0,4,9,40
1,0,4,10,36
1,0,4,11,34
1,0,4,12,40
1,0,4,13,38
1,0,4,14,40
1,0,4,15,36
1,0,4,16,40
1,0,4,17,38
1,0,4,18,36
1,0,4,19,36
1,0,4,20,40
1,0,4,21,36
1,0,4,22,40
1,0,4,23,40
1,0,4,24,36
1,0,4,25,38
1,0,4,26,36
1,0,4,27,36
1,0,4,28,36
1,0,4,29,38
1,0,4,30,38
1,0,4,31,36
1,0,4,32,40
1,0,4,33,40
1,0,4,34,36
1,0,4,35,38
1,0,4,36,38
1,0,4,37,38
1,0,4,38,34
1,0,4,39,36
1,0,4,40,36
1,0,4,41,36
1,0,4,42,38
1,0,4,43,38
1,0,4,44,32
1,0,4,45,38
1,0,4,46,34
1,0,4,47,38
1,0,4,48,40
1,0,4,49,38
1,0,4,50,36
1,0,4,51,36
1,0,4,52,38
1,0,4,53,36
1,0,4,54,36
1,0,4,55,34
1,0,4,56,38
1,0,4,57,38
1,0,4,58,40
1,0,4,59,36
1,0,4,60,36
1,0,4,61,38
1,0,4,62,42
1,0,4,63,40
1,0,5,0,36
1,0,5,1,38
1,0,5,2,36
1,0,5,3,36
1,0,5,4,40
1,0,5,5,34
1,0,5,6,38
1,0,5,7,34
1,0,5,8,38
1,0,5,9,38
1,0,5,10,40
1,0,5,11,38
1,0,5,12,40
1,0,5,13,34
1,0,5,14,36
1,0,5,15,40
1,0,5,16,36
1,0,5,17,34
1,0,5,18,38
1,0,5,19,38
1,0,5,20,34
1,0,5,21,36
1,0,5,22,34
1,0,5,23,38
1,0,5,24,40
1,0,5,25,38
1,0,5,26,38
1,0,5,27,40
1,0,5,28,38
1,0,5,29,40
1,0,5,30,36
1,0,5,31,36
1,0,5,32,36
1,0,5,33,38
1,0,5,34,36
1,0,5,35,34
1,0,5,36,32
1,0,5,37,34
1,0,5,38,40
1,0,5,39,42
1,0,5,40,36
1,0,5,41,34
1,0,5,42,34
1,0,5,43,36
1,0,5,44,44
1,0,5,45,34
1,0,5,46,34
1,0,5,47,34
1,0,5,48,38
1,0,5,49,34
1,0,5,50,38
1,0,5,51,34
1,0,5,52,38
1,0,5,53,36
1,0,5,54,36
1,0,5,55,34
1,0,5,56,40
1,0,5,57,38
1,0,5,58,34
1,0,5,59,40
1,0,5,60,38
1,0,5,61,36
1,0,5,62,34
1,0,5,63,36
1,0,6,0,38
1,0,6,1,34
1,0,6,2,36
1,0,6,3,36
1,0,6,4,40
1,0,6,5,34
1,0,6,6,34
1,0,6,7,40
1,0,6,8,36
1,0,6,9,34
1,0,6,10,36
1,0,6,11,38
1,0,6,12,38
1,0,6,13,40
1,0,6,14,36
1,0,6,15,36
1,0,6,16,36
1,0,6,17,36
1,0,6,18,36
1,0,6,19,38
1,0,6,20,34
1,0,6,21,34
1,0,6,22,38
1,0,6,23,38
1,0,6,24,42
1,0,6,25,40
1,0,6,26,36
1,0,6,27,36
1,0,6,28,34
1,0,6,29,36
1,0,6,30,36
1,0,6,31,36
1,0,6,32,40
1,0,6,33,40
1,0,6,34,38
1,0,6,35,36
1,0,6,36,36
1,0,6,37,36
1,0,6,38,42
1,0,6,39,36
1,0,6,40,40
1,0,6,41,36
1,0,6,42,36
1,0,6,43,34
1,0,6,44,38
1,0,6,45,32
1,0,6,46,38
1,0,6,47,38
1,0,6,48,38
1,0,6,49,36
1,0,6,50,36
1,0,6,51,36
1,0,6,52,38
1,0,6,53,36
1,0,6,54,36
1,0,6,55,40
1,0,6,56,32
1,0,6,57,36
1,0,6,58,36
1,0,6,59,36
1,0,6,60,38
1,0,6,61,36
1,0,6,62,38
1,0,6,63,34
1,0,7,0,40
1,0,7,1,38
1,0,7,2,36
1,0,7,3,34
1,0,7,4,40
1,0,7,5,42
1,0,7,6,36
1,0,7,7,36
1,0,7,8,38
1,0,7,9,34
1,0,7,10,38
1,0,7,11,32
1,0,7,12,38
1,0,7,13,32
1,0,7,14,32
1,0,7,15,36
1,0,7,16,42
1,0,7,17,36
1,0,7,18,36
1,0,7,19,36
1,0,7,20,38
1,0,7,21,38
1,0,7,22,34
1,0,7,23,36
1,0,7,24,34
1,0,7,25,36
1,0,7,26,42
1,0,7,27,38
1,0,7,28,36
1,0,7,29,40
1,0,7,30,40
1,0,7,31,34
1,0,7,32,36
1,0,7,33,36
1,0,7,34,38
1,0,7,35,40
1,0,7,36,34
1,0,7,37,38
1,0,7,38,34
1,0,7,39,40
1,0,7,40,38
1,0,7,41,32
1,0,7,42,36
1,0,7,43,34
1,0,7,44,36
1,0,7,45,36
1,0,7,46,38
1,0,7,47,38
1,0,7,48,38
1,0,7,49,38
1,0,7,50,38
1,0,7,51,40
1,0,7,52,36
1,0,7,53,40
1,0,7,54,38
1,0,7,55,34
1,0,7,56,36
1,0,7,57,34
1,0,7,58,38
1,0,7,59,40
1,0,7,60,50
1,0,7,61,36
1,0,7,62,34
1,0,7,63,36
1,0,8,0,34
1,0,8,1,34
1,0,8,2,42
1,0,8,3,34
1,0,8,4,38
1,0,8,5,40
1,0,8,6,36
1,0,8,7,38
1,0,8,8,40
1,0,8,9,36
1,0,8,10,40
1,0,8,11,34
1,0,8,12,38
1,0,8,13,36
1,0,8,14,38
1,0,8,15,36
1,0,8,16,32
1,0,8,17,36
1,0,8,18,36
1,0,8,19,36
1,0,8,20,38
1,0,8,21,40
1,0,8,22,40
1,0,8,23,36
1,0,8,24,38
1,0,8,25,34
1,0,8,26,36
1,0,8,27,36
1,0,8,28,40
1,0,8,29,36
1,0,8,30,40
1,0,8,31,38
1,0,8,32,36
1,0,8,33,38
1,0,8,34,38
1,0,8,35,36
1,0,8,36,36
1,0,8,37,38
1,0,8,38,36
1,0,8,39,38
1,0,8,40,36
1,0,8,41,34
1,0,8,42,38
1,0,8,43,36
1,0,8,44,38
1,0,8,45,40
1,0,8,46,36
1,0,8,47,38
1,0,8,48,34
1,0,8,49,38
1,0,8,50,36
1,0,8,51,34
1,0,8,52,38
1,0,8,53,36
1,0,8,54,34
1,0,8,55,42
1,0,8,56,36
1,0,8,57,36
1,0,8,58,36
1,0,8,59,38
1,0,8,60,36
1,0,8,61,38
1,0,8,62,34
1,0,8,63,34
1,0,9,0,36
1,0,9,1,40
1,0,9,2,40
1,0,9,3,40
1,0,9,4,38
1,0,9,5,36
1,0,9,6,38
1,0,9,7,38
1,0,9,8,42
1,0,9,9,36
1,0,9,10,34
1,0,9,11,36
1,0,9,12,36
1,0,9,13,34
1,0,9,14,38
1,0,9,15,32
1,0,9,16,38
1,0,9,17,36
1,0,9,18,40
1,0,9,19,36
1,0,9,20,36
1,0,9,21,36
1,0,9,22,40
1,0,9,23,36
1,0,9,24,36
1,0,9,25,38
1,0,9,26,36
1,0,9,27,36
1,0,9,28,38
1,0,9,29,40
1,0,9,30,38
1,0,9,31,36
1,0,9,32,36
1,0,9,33,36
1,0,9,34,40
1,0,9,35,36
1,0,9,36,36
1,0,9,37,34
1,0,9,38,36
1,0,9,39,36
1,0,9,40,38
1,0,9,41,38
1,0,9,42,36
1,0,9,43,38
1,0,9,44,36
1,0,9,45,36
1,0,9,46,34
1,0,9,47,38
1,0,9,48,36
1,0,9,49,36
1,0,9,50,38
1,0,9,51,38
1,0,9,52,36
1,0,9,53,36
1,0,9,54,38
1,0,9,55,36
1,0,9,56,50
1,0,9,57,38
1,0,9,58,38
1,0,9,59,32
1,0,9,60,36
1,0,9,61,36
1,0,9,62,36
1,0,9,63,38
1,0,10,0,42
1,0,10,1,36
1,0,10,2,38
1,0,10,3,34
1,0,10,4,42
1,0,10,5,36
1,0,10,6,40
1,0,10,7,36
1,0,10,8,36
1,0,10,9,34
1,0,10,10,36
1,0,10,11,40
1,0,10,12,38
1,0,10,13,36
1,0,10,14,34
1,0,10,15,34
1,0,10,16,36
1,0,10,17,38
1,0,10,18,36
1,0,10,19,36
1,0,10,20,40
1,0,10,21,34
1,0,10,22,38
1,0,10,23,36
1,0,10,24,38
1,0,10,25,38
1,0,10,26,40
1,0,10,27,34
1,0,10,28,38
1,0,10,29,38
1,0,10,30,36
1,0,10,31,36
1,0,10,32,38
1,0,10,33,40
1,0,10,34,34
1,0,10,35,38
1,0,10,36,36
1,0,10,37,40
1,0,10,38,34
1,0,10,39,36
1,0,10,40,34
1,0,10,41,38
1,0,10,42,48
1,0,10,43,38
1,0,10,44,34
1,0,10,45,38
1,0,10,46,34
1,0,10,47,38
1,0,10,48,42
1,0,10,49,36
1,0,10,50,36
1,0,10,51,32
1,0,10,52,40
1,0,10,53,38
1,0,10,54,36
1,0,10,55,36
1,0,10,56,34
1,0,10,57,36
1,0,10,58,36
1,0,10,59,36
1,0,10,60,40
1,0,10,61,36
1,0,10,62,38
1,0,10,63,40
1,0,11,0,40
1,0,11,1,36
1,0,11,2,36
1,0,11,3,36
1,0,11,4,36
1,0,11,5,36
1,0,11,6,40
1,0,11,7,38
1,0,11,8,36
1,0,11,9,38
1,0,11,10,40
1,0,11,11,36
1,0,11,12,36
1,0,11,13,34
1,0,11,14,34
1,0,11,15,42
1,0,11,16,40
1,0,11,17,40
1,0,11,18,32
1,0,11,19,38
1,0,11,20,40
1,0,11,21,36
1,0,11,22,38
1,0,11,23,36
1,0,11,24,38
1,0,11,25,38
1,0,11,26,36
1,0,11,27,36
1,0,11,28,38
1,0,11,29,36
1,0,11,30,42
1,0,11,31,38
1,0,11,32,40
1,0,11,33,36
1,0,11,34,40
1,0,11,35,38
1,0,11,36,38
1,0,11,37,36
1,0,11,38,32
1,0,11,39,38
1,0,11,40,36
1,0,11,41,32
1,0,11,42,38
1,0,11,43,32
1,0,11,44,36
1,0,11,45,36
1,0,11,46,40
1,0,11,47,38
1,0,11,48,36
1,0,11,49,38
1,0,11,50,36
1,0,11,51,36
1,0,11,52,36
1,0,11,53,38
1,0,11,54,38
1,0,11,55,38
1,0,11,56,40
1,0,11,57,40
1,0,11,58,38
1,0,11,59,36
1,0,11,60,40
1,0,11,61,38
1,0,11,62,36
1,0,11,63,38
1,0,12,0,36
1,0,12,1,34
1,0,12,2,38
1,0,12,3,36
1,0,12,4,36
1,0,12,5,36
1,0,12,6,38
1,0,12,7,38
1,0,12,8,40
1,0,12,9,36
1,0,12,10,36
1,0,12,11,36
1,0,12,12,38
1,0,12,13,38
1,0,12,14,38
1,0,12,15,34
1,0,12,16,34
1,0,12,17,34
1,0,12,18,38
1,0,12,19,42
1,0,12,20,38
1,0,12,21,34
1,0,12,22,38
1,0,12,23,36
1,0,12,24,36
1,0,12,25,36
1,0,12,26,38
1,0,12,27,36
1,0,12,28,36
1,0,12,29,36
1,0,12,30,34
1,0,12,31,38
1,0,12,32,34
1,0,12,33,38
1,0,12,34,40
1,0,12,35,50
1,0,12,36,36
1,0,12,37,36
1,0,12,38,36
1,0,12,39,36
1,0,12,40,38
1,0,12,41,36
1,0,12,42,40
1,0,12,43,38
1,0,12,44,40
1,0,12,45,36
1,0,12,46,36
1,0,12,47,32
1,0,12,48,36
1,0,12,49,36
1,0,12,50,38
1,0,12,51,36
1,0,12,52,40
1,0,12,53,40
1,0,12,54,36
1,0,12,55,36
1,0,12,56,36
1,0,12,57,38
1,0,12,58,38
1,0,12,59,38
1,0,12,60,40
1,0,12,61,36
1,0,12,62,36
1,0,12,63,34
1,0,13,0,38
1,0,13,1,38
1,0,13,2,34
1,0,13,3,42
1,0,13,4,38
1,0,13,5,36
1,0,13,6,36
1,0,13,7,36
1,0,13,8,36
1,0,13,9,36
1,0,13,10,36
1,0,13,11,36
1,0,13,12,32
1,0,13,13,34
1,0,13,14,42
1,0,13,15,38
1,0,13,16,36
1,0,13,17,36
1,0,13,18,38
1,0,13,19,36
1,0,13,20,38
1,0,13,21,38
1,0,13,22,36
1,0,13,23,38
1,0,13,24,34
1,0,13,25,36
1,0,13,26,36
1,0,13,27,34
1,0,13,28,38
1,0,13,29,38
1,0,13,30,38
1,0,13,31,36
1,0,13,32,38
1,0,13,33,36
1,0,13,34,36
1,0,13,35,36
1,0,13,36,34
1,0,13,37,38
1,0,13,38,34
1,0,13,39,38
1,0,13,40,34
1,0,13,41,38
1,0,13,42,36
1,0,13,43,34
1,0,13,44,40
1,0,13,45,38
1,0,13,46,38
1,0,13,47,40
1,0,13,48,40
1,0,13,49,40
1,0,13,50,40
1,0,13,51,36
1,0,13,52,40
1,0,13,53,36
1,0,13,54,36
1,0,13,55,32
1,0,13,56,36
1,0,13,57,36
1,0,13,58,42
1,0,13,59,34
1,0,13,60,32
1,0,13,61,38
1,0,13,62,42
1,0,13,63,34
1,0,14,0,42
1,0,14,1,36
1,0,14,2,36
1,0,14,3,32
1,0,14,4,36
1,0,14,5,36
1,0,14,6,36
1,0,14,7,36
1,0,14,8,36
1,0,14,9,34
1,0,14,10,38
1,0,14,11,32
1,0,14,12,38
1,0,14,13,32
1,0,14,14,36
1,0,14,15,36
1,0,14,16,32
1,0,14,17,36
1,0,14,18,38
1,0,14,19,34
1,0,14,20,34
1,0,14,21,36
1,0,14,22,36
1,0,14,23,42
1,0,14,24,40
1,0,14,25,36
1,0,14,26,36
1,0,14,27,36
1,0,14,28,32
1,0,14,29,38
1,0,14,30,36
1,0,14,31,38
1,0,14,32,36
1,0,14,33,36
1,0,14,34,36
1,0,14,35,34
1,0,14,36,36
1,0,14,37,36
1,0,14,38,36
1,0,14,39,32
1,0,14,40,38
1,0,14,41,36
1,0,14,42,32
1,0,14,43,36
1,0,14,44,36
1,0,14,45,40
1,0,14,46,32
1,0,14,47,36
1,0,14,48,38
1,0,14,49,34
1,0,14,50,32
1,0,14,51,36
1,0,14,52,34
1,0,14,53,40
1,0,14,54,36
1,0,14,55,36
1,0,14,56,38
1,0,14,57,34
1,0,14,58,34
1,0,14,59,42
1,0,14,60,36
1,0,14,61,36
1,0,14,62,40
1,0,14,63,36
1,1,0,0,36
1,1,0,1,36
1,1,0,2,36
1,1,0,3,36
1,1,0,4,38
1,1,0,5,36
1,1,0,6,36
1,1,0,7,36
1,1,0,8,38
1,1,0,9,42
1,1,0,10,38
1,1,0,11,38
1,1,0,12,38
1,1,0,13,38
1,1,0,14,38
1,1,0,15,34
1,1,0,16,36
1,1,0,17,38
1,1,0,18,34
1,1,0,19,36
1,1,0,20,36
1,1,0,21,38
1,1,0,22,38
1,1,0,23,38
1,1,0,24,36
1,1,0,25,34
1,1,0,26,36
1,1,0,27,38
1,1,0,28,38
1,1,0,29,40
1,1,0,30,36
1,1,0,31,40
1,1,0,32,36
1,1,0,33,38
1,1,0,34,36
1,1,0,35,36
1,1,0,36,40
1,1,0,37,34
1,1,0,38,36
1,1,0,39,38
1,1,0,40,36
1,1,0,41,36
1,1,0,42,40
1,1,0,43,38
1,1,0,44,36
1,1,0,45,36
1,1,0,46,36
1,1,0,47,40
1,1,0,48,40
1,1,0,49,74
1,1,0,50,66
1,1,0,51,36
1,1,0,52,36
1,1,0,53,38
1,1,0,54,40
1,1,0,55,62
1,1,0,56,36
1,1,0,57,38
1,1,0,58,40
1,1,0,59,40
1,1,0,60,38
1,1,0,61,38
1,1,0,62,34
1,1,0,63,38
1,1,1,0,36
1,1,1,1,36
1,1,1,2,38
1,1,1,3,38
1,1,1,4,36
1,1,1,5,34
1,1,1,6,40
1,1,1,7,38
1,1,1,8,36
1,1,1,9,34
1,1,1,10,40
1,1,1,11,38
1,1,1,12,40
1,1,1,13,36
1,1,1,14,40
1,1,1,15,36
1,1,1,16,36
1,1,1,17,38
1,1,1,18,38
1,1,1,19,40
1,1,1,20,34
1,1,1,21,38
1,1,1,22,38
1,1,1,23,36
1,1,1,24,36
1,1,1,25,38
1,1,1,26,36
1,1,1,27,38
1,1,1,28,34
1,1,1,29,36
1,1,1,30,40
1,1,1,31,38
1,1,1,32,34
1,1,1,33,36
1,1,1,34,34
1,1,1,35,34
1,1,1,36,34
1,1,1,37,36
1,1,1,38,38
1,1,1,39,36
1,1,1,40,36
1,1,1,41,34
1,1,1,42,38
1,1,1,43,36
1,1,1,44,32
1,1,1,45,36
1,1,1,46,40
1,1,1,47,34
1,1,1,48,34
1,1,1,49,36
1,1,1,50,36
1,1,1,51,42
1,1,1,52,40
1,1,1,53,40
1,1,1,54,34
1,1,1,55,36
1,1,1,56,36
1,1,1,57,40
1,1,1,58,36
1,1,1,59,38
1,1,1,60,40
1,1,1,61,36
1,1,1,62,34
1,1,1,63,36
1,1,2,0,36
1,1,2,1,36
1,1,2,2,36
1,1,2,3,36
1,1,2,4,36
1,1,2,5,36
1,1,2,6,36
1,1,2,7,34
1,1,2,8,34
1,1,2,9,36
1,1,2,10,36
1,1,2,11,36
1,1,2,12,38
1,1,2,13,36
1,1,2,14,38
1,1,2,15,36
1,1,2,16,40
1,1,2,17,34
1,1,2,18,34
1,1,2,19,38
1,1,2,20,38
1,1,2,21,36
1,1,2,22,40
1,1,2,23,38
1,1,2,24,34
1,1,2,25,36
1,1,2,26,38
1,1,2,27,38
1,1,2,28,36
1,1,2,29,38
1,1,2,30,36
1,1,2,31,40
1,1,2,32,40
1,1,2,33,40
1,1,2,34,36
1,1,2,35,36
1,1,2,36,42
1,1,2,37,36
1,1,2,38,38
1,1,2,39,38
1,1,2,40,46
1,1,2,41,36
1,1,2,42,38
1,1,2,43,34
1,1,2,44,38
1,1,2,45,38
1,1,2,46,38
1,1,2,47,42
1,1,2,48,38
1,1,2,49,36
1,1,2,50,36
1,1,2,51,36
1,1,2,52,40
1,1,2,53,38
1,1,2,54,36
1,1,2,55,40
1,1,2,56,36
1,1,2,57,36
1,1,2,58,36
1,1,2,59,36
1,1,2,60,36
1,1,2,61,34
1,1,2,62,38
1,1,2,63,38
1,1,3,0,32
1,1,3,1,38
1,1,3,2,40
1,1,3,3,38
1,1,3,4,32
1,1,3,5,36
1,1,3,6,38
1,1,3,7,40
1,1,3,8,40
1,1,3,9,34
1,1,3,10,36
1,1,3,11,42
1,1,3,12,36
1,1,3,13,36
1,1,3,14,40
1,1,3,15,34
1,1,3,16,36
1,1,3,17,40
1,1,3,18,36
1,1,3,19,36
1,1,3,20,36
1,1,3,21,40
1,1,3,22,40
1,1,3,23,36
1,1,3,24,34
1,1,3,25,36
1,1,3,26,36
1,1,3,27,36
1,1,3,28,36
1,1,3,29,32
1,1,3,30,36
1,1,3,31,36
1,1,3,32,36
1,1,3,33,40
1,1,3,34,38
1,1,3,35,38
1,1,3,36,36
1,1,3,37,38
1,1,3,38,36
1,1,3,39,38
1,1,3,40,38
1,1,3,41,34
1,1,3,42,36
1,1,3,43,38
1,1,3,44,36
1,1,3,45,38
1,1,3,46,38
1,1,3,47,40
1,1,3,48,36
1,1,3,49,36
1,1,3,50,32
1,1,3,51,34
1,1,3,52,38
1,1,3,53,36
1,1,3,54,36
1,1,3,55,38
1,1,3,56,36
1,1,3,57,38
1,1,3,58,38
1,1,3,59,38
1,1,3,60,36
1,1,3,61,36
1,1,3,62,34
1,1,3,63,38
1,1,4,0,40
1,1,4,1,36
1,1,4,2,36
1,1,4,3,34
1,1,4,4,36
1,1,4,5,38
1,1,4,6,38
1,1,4,7,38
1,1,4,8,42
1,1,4,9,38
1,1,4,10,36
1,1,4,11,34
1,1,4,12,36
1,1,4,13,40
1,1,4,14,38
1,1,4,15,38
1,1,4,16,38
1,1,4,17,38
1,1,4,18,38
1,1,4,19,38
1,1,4,20,34
1,1,4,21,38
1,1,4,22,36
1,1,4,23,36
1,1,4,24,38
1,1,4,25,36
1,1,4,26,36
1,1,4,27,46
1,1,4,28,36
1,1,4,29,34
1,1,4,30,40
1,1,4,31,38
1,1,4,32,36
1,1,4,33,38
1,1,4,34,36
1,1,4,35,38
1,1,4,36,38
1,1,4,37,36
1,1,4,38,40
1,1,4,39,36
1,1,4,40,38
1,1,4,41,36
1,1,4,42,36
1,1,4,43,38
1,1,4,44,40
1,1,4,45,34
1,1,4,46,38
1,1,4,47,38
1,1,4,48,40
1,1,4,49,38
1,1,4,50,34
1,1,4,51,38
1,1,4,52,34
1,1,4,53,34
1,1,4,54,42
1,1,4,55,34
1,1,4,56,36
1,1,4,57,38
1,1,4,58,34
1,1,4,59,38
1,1,4,60,32
1,1,4,61,36
1,1,4,62,38
1,1,4,63,36
1,1,5,0,36
1,1,5,1,40
1,1,5,2,34
1,1,5,3,38
1,1,5,4,36
1,1,5,5,36
1,1,5,6,34
1,1,5,7,38
1,1,5,8,36
1,1,5,9,38
1,1,5,10,36
1,1,5,11,36
1,1,5,12,38
1,1,5,13,38
1,1,5,14,34
1,1,5,15,40
1,1,5,16,38
1,1,5,17,36
1,1,5,18,38
1,1,5,19,38
1,1,5,20,38
1,1,5,21,40
1,1,5,22,40
1,1,5,23,38
1,1,5,24,36
1,1,5,25,40
1,1,5,26,38
1,1,5,27,36
1,1,5,28,40
1,1,5,29,36
1,1,5,30,36
1,1,5,31,40
1,1,5,32,40
1,1,5,33,38
1,1,5,34,36
1,1,5,35,42
1,1,5,36,36
1,1,5,37,34
1,1,5,38,36
1,1,5,39,36
1,1,5,40,36
1,1,5,41,36
1,1,5,42,36
1,1,5,43,38
1,1,5,44,40
1,1,5,45,42
1,1,5,46,32
1,1,5,47,34
1,1,5,48,38
1,1,5,49,38
1,1,5,50,36
1,1,5,51,36
1,1,5,52,40
1,1,5,53,38
1,1,5,54,36
1,1,5,55,38
1,1,5,56,40
1,1,5,57,36
1,1,5,58,38
1,1,5,59,48
1,1,5,60,36
1,1,5,61,36
1,1,5,62,32
1,1,5,63,40
1,1,6,0,36
1,1,6,1,38
1,1,6,2,34
1,1,6,3,36
1,1,6,4,40
1,1,6,5,40
1,1,6,6,36
1,1,6,7,40
1,1,6,8,36
1,1,6,9,38
1,1,6,10,38
1,1,6,11,42
1,1,6,12,38
1,1,6,13,38
1,1,6,14,38
1,1,6,15,34
1,1,6,16,38
1,1,6,17,32
1,1,6,18,40
1,1,6,19,42
1,1,6,20,38
1,1,6,21,34
1,1,6,22,36
1,1,6,23,36
1,1,6,24,40
1,1,6,25,38
1,1,6,26,36
1,1,6,27,40
1,1,6,28,38
1,1,6,29,36
1,1,6,30,36
1,1,6,31,32
1,1,6,32,36
1,1,6,33,40
1,1,6,34,38
1,1,6,35,36
1,1,6,36,36
1,1,6,37,40
1,1,6,38,36
1,1,6,39,34
1,1,6,40,38
1,1,6,41,36
1,1,6,42,38
1,1,6,43,38
1,1,6,44,36
1,1,6,45,34
1,1,6,46,34
1,1,6,47,34
1,1,6,48,40
1,1,6,49,36
1,1,6,50,40
1,1,6,51,38
1,1,6,52,36
1,1,6,53,36
1,1,6,54,38
1,1,6,55,36
1,1,6,56,36
1,1,6,57,42
1,1,6,58,40
1,1,6,59,36
1,1,6,60,38
1,1,6,61,34
1,1,6,62,36
1,1,6,63,40
1,1,7,0,38
1,1,7,1,40
1,1,7,2,32
1,1,7,3,38
1,1,7,4,36
1,1,7,5,38
1,1,7,6,48
1,1,7,7,38
1,1,7,8,36
1,1,7,9,36
1,1,7,10,36
1,1,7,11,36
1,1,7,12,36
1,1,7,13,36
1,1,7,14,36
1,1,7,15,36
1,1,7,16,40
1,1,7,17,36
1,1,7,18,40
1,1,7,19,38
1,1,7,20,38
1,1,7,21,36
1,1,7,22,36
1,1,7,23,42
1,1,7,24,38
1,1,7,25,36
1,1,7,26,40
1,1,7,27,32
1,1,7,28,36
1,1,7,29,34
1,1,7,30,40
1,1,7,31,38
1,1,7,32,34
1,1,7,33,32
1,1,7,34,42
1,1,7,35,34
1,1,7,36,34
1,1,7,37,34
1,1,7,38,36
1,1,7,39,40
1,1,7,40,40
1,1,7,41,36
1,1,7,42,36
1,1,7,43,34
1,1,7,44,38
1,1,7,45,36
1,1,7,46,40
1,1,7,47,36
1,1,7,48,42
1,1,7,49,40
1,1,7,50,42
1,1,7,51,38
1,1,7,52,36
1,1,7,53,32
1,1,7,54,36
1,1,7,55,36
1,1,7,56,36
1,1,7,57,38
1,1,7,58,36
1,1,7,59,36
1,1,7,60,36
1,1,7,61,36
1,1,7,62,38
1,1,7,63,34
1,1,8,0,36
1,1,8,1,34
1,1,8,2,38
1,1,8,3,40
1,1,8,4,34
1,1,8,5,40
1,1,8,6,34
1,1,8,7,36
1,1,8,8,34
1,1,8,9,36
1,1,8,10,36
1,1,8,11,34
1,1,8,12,36
1,1,8,13,38
1,1,8,14,36
1,1,8,15,40
1,1,8,16,40
1,1,8,17,34
1,1,8,18,38
1,1,8,19,34
1,1,8,20,36
1,1,8,21,34
1,1,8,22,40
1,1,8,23,36
1,1,8,24,38
1,1,8,25,36
1,1,8,26,36
1,1,8,27,38
1,1,8,28,38
1,1,8,29,32
1,1,8,30,40
1,1,8,31,36
1,1,8,32,36
1,1,8,33,36
1,1,8,34,36
1,1,8,35,38
1,1,8,36,36
1,1,8,37,40
1,1,8,38,34
1,1,8,39,34
1,1,8,40,40
1,1,8,41,42
1,1,8,42,36
1,1,8,43,36
1,1,8,44,36
1,1,8,45,40
1,1,8,46,36
1,1,8,47,40
1,1,8,48,40
1,1,8,49,34
1,1,8,50,36
1,1,8,51,38
1,1,8,52,34
1,1,8,53,34
1,1,8,54,38
1,1,8,55,36
1,1,8,56,36
1,1,8,57,38
1,1,8,58,34
1,1,8,59,36
1,1,8,60,36
1,1,8,61,38
1,1,8,62,34
1,1,8,63,38
1,1,9,0,36
1,1,9,1,40
1,1,9,2,36
1,1,9,3,40
1,1,9,4,36
1,1,9,5,36
1,1,9,6,36
1,1,9,7,38
1,1,9,8,40
1,1,9,9,38
1,1,9,10,38
1,1,9,11,34
1,1,9,12,36
1,1,9,13,36
1,1,9,14,36
1,1,9,15,38
1,1,9,16,40
1,1,9,17,40
1,1,9,18,40
1,1,9,19,38
1,1,9,20,38
1,1,9,21,36
1,1,9,22,34
1,1,9,23,34
1,1,9,24,40
1,1,9,25,38
1,1,9,26,38
1,1,9,27,36
1,1,9,28,44
1,1,9,29,36
1,1,9,30,38
1,1,9,31,40
1,1,9,32,34
1,1,9,33,40
1,1,9,34,40
1,1,9,35,38
1,1,9,36,34
1,1,9,37,40
1,1,9,38,38
1,1,9,39,38
1,1,9,40,42
1,1,9,41,40
1,1,9,42,34
1,1,9,43,36
1,1,9,44,38
1,1,9,45,38
1,1,9,46,40
1,1,9,47,32
1,1,9,48,36
1,1,9,49,38
1,1,9,50,42
1,1,9,51,42
1,1,9,52,34
1,1,9,53,38
1,1,9,54,38
1,1,9,55,40
1,1,9,56,38
1,1,9,57,36
1,1,9,58,34
1,1,9,59,34
1,1,9,60,34
1,1,9,61,38
1,1,9,62,40
1,1,9,63,36
1,1,10,0,38
1,1,10,1,38
1,1,10,2,40
1,1,10,3,36
1,1,10,4,32
1,1,10,5,36
1,1,10,6,38
1,1,10,7,34
1,1,10,8,32
1,1,10,9,34
1,1,10,10,40
1,1,10,11,36
1,1,10,12,38
1,1,10,13,42
1,1,10,14,42
1,1,10,15,36
1,1,10,16,38
1,1,10,17,38
1,1,10,18,36
1,1,10,19,40
1,1,10,20,38
1,1,10,21,40
1,1,10,22,38
1,1,10,23,38
1,1,10,24,40
1,1,10,25,38
1,1,10,26,42
1,1,10,27,36
1,1,10,28,36
1,1,10,29,36
1,1,10,30,36
1,1,10,31,38
1,1,10,32,36
1,1,10,33,38
1,1,10,34,34
1,1,10,35,42
1,1,10,36,36
1,1,10,37,40
1,1,10,38,38
1,1,10,39,32
1,1,10,40,36
1,1,10,41,36
1,1,10,42,38
1,1,10,43,40
1,1,10,44,38
1,1,10,45,36
1,1,10,46,38
1,1,10,47,34
1,1,10,48,36
1,1,10,49,38
1,1,10,50,38
1,1,10,51,38
1,1,10,52,38
1,1,10,53,36
1,1,10,54,38
1,1,10,55,38
1,1,10,56,38
1,1,10,57,34
1,1,10,58,34
1,1,10,59,36
1,1,10,60,38
1,1,10,61,36
1,1,10,62,40
1,1,10,63,34
1,1,11,0,36
1,1,11,1,38
1,1,11,2,40
1,1,11,3,34
1,1,11,4,40
1,1,11,5,38
1,1,11,6,34
1,1,11,7,36
1,1,11,8,36
1,1,11,9,36
1,1,11,10,34
1,1,11,11,38
1,1,11,12,50
1,1,11,13,38
1,1,11,14,38
1,1,11,15,36
1,1,11,16,36
1,1,11,17,36
1,1,11,18,42
1,1,11,19,34
1,1,11,20,32
1,1,11,21,36
1,1,11,22,40
1,1,11,23,34
1,1,11,24,36
1,1,11,25,36
1,1,11,26,36
1,1,11,27,38
1,1,11,28,38
1,1,11,29,36
1,1,11,30,36
1,1,11,31,36
1,1,11,32,38
1,1,11,33,36
1,1,11,34,36
1,1,11,35,38
1,1,11,36,36
1,1,11,37,38
1,1,11,38,38
1,1,11,39,36
1,1,11,40,38
1,1,11,41,38
1,1,11,42,40
1,1,11,43,38
1,1,11,44,40
1,1,11,45,38
1,1,11,46,36
1,1,11,47,36
1,1,11,48,36
1,1,11,49,38
1,1,11,50,38
1,1,11,51,36
1,1,11,52,36
1,1,11,53,36
1,1,11,54,38
1,1,11,55,42
1,1,11,56,36
1,1,11,57,38
1,1,11,58,40
1,1,11,59,38
1,1,11,60,36
1,1,11,61,34
1,1,11,62,42
1,1,11,63,38
1,1,12,0,34
1,1,12,1,38
1,1,12,2,34
1,1,12,3,34
1,1,12,4,40
1,1,12,5,36
1,1,12,6,38
1,1,12,7,38
1,1,12,8,34
1,1,12,9,36
1,1,12,10,36
1,1,12,11,36
1,1,12,12,40
1,1,12,13,34
1,1,12,14,40
1,1,12,15,40
1,1,12,16,36
1,1,12,17,36
1,1,12,18,36
1,1,12,19,40
1,1,12,20,38
1,1,12,21,36
1,1,12,22,36
1,1,12,23,36
1,1,12,24,36
1,1,12,25,36
1,1,12,26,38
1,1,12,27,36
1,1,12,28,36
1,1,12,29,38
1,1,12,30,36
1,1,12,31,34
1,1,12,32,36
1,1,12,33,34
1,1,12,34,32
1,1,12,35,36
1,1,12,36,42
1,1,12,37,36
1,1,12,38,40
1,1,12,39,38
1,1,12,40,38
1,1,12,41,38
1,1,12,42,38
1,1,12,43,34
1,1,12,44,46
1,1,12,45,40
1,1,12,46,36
1,1,12,47,40
1,1,12,48,38
1,1,12,49,34
1,1,12,50,34
1,1,12,51,36
1,1,12,52,38
1,1,12,53,38
1,1,12,54,36
1,1,12,55,36
1,1,12,56,36
1,1,12,57,40
1,1,12,58,34
1,1,12,59,38
1,1,12,60,38
1,1,12,61,38
1,1,12,62,36
1,1,12,63,40
1,1,13,0,34
1,1,13,1,34
1,1,13,2,36
1,1,13,3,36
1,1,13,4,34
1,1,13,5,38
1,1,13,6,36
1,1,13,7,40
1,1,13,8,36
1,1,13,9,36
1,1,13,10,40
1,1,13,11,38
1,1,13,12,36
1,1,13,13,40
1,1,13,14,40
1,1,13,15,34
1,1,13,16,36
1,1,13,17,36
1,1,13,18,38
1,1,13,19,34
1,1,13,20,36
1,1,13,21,32
1,1,13,22,38
1,1,13,23,32
1,1,13,24,36
1,1,13,25,34
1,1,13,26,34
1,1,13,27,36
1,1,13,28,36
1,1,13,29,32
1,1,13,30,34
1,1,13,31,38
1,1,13,32,36
1,1,13,33,34
1,1,13,34,36
1,1,13,35,36
1,1,13,36,34
1,1,13,37,32
1,1,13,38,34
1,1,13,39,36
1,1,13,40,36
1,1,13,41,34
1,1,13,42,36
1,1,13,43,36
1,1,13,44,34
1,1,13,45,36
1,1,13,46,34
1,1,13,47,40
1,1,13,48,38
1,1,13,49,34
1,1,13,50,36
1,1,13,51,36
1,1,13,52,42
1,1,13,53,36
1,1,13,54,34
1,1,13,55,36
1,1,13,56,34
1,1,13,57,36
1,1,13,58,42
1,1,13,59,38
1,1,13,60,38
1,1,13,61,36
1,1,13,62,40
1,1,13,63,38
1,1,14,0,36
1,1,14,1,36
1,1,14,2,36
1,1,14,3,38
1,1,14,4,36
1,1,14,5,36
1,1,14,6,40
1,1,14,7,36
1,1,14,8,38
1,1,14,9,36
1,1,14,10,38
1,1,14,11,34
1,1,14,12,36
1,1,14,13,36
1,1,14,14,36
1,1,14,15,36
1,1,14,16,34
1,1,14,17,40
1,1,14,18,36
1,1,14,19,40
1,1,14,20,38
1,1,14,21,38
1,1,14,22,36
1,1,14,23,36
1,1,14,24,36
1,1,14,25,38
1,1,14,26,42
1,1,14,27,34
1,1,14,28,38
1,1,14,29,40
1,1,14,30,34
1,1,14,31,36
1,1,14,32,38
1,1,14,33,36
1,1,14,34,38
1,1,14,35,36
1,1,14,36,38
1,1,14,37,42
1,1,14,38,38
1,1,14,39,40
1,1,14,40,36
1,1,14,41,38
1,1,14,42,36
1,1,14,43,38
1,1,14,44,36
1,1,14,45,36
1,1,14,46,38
1,1,14,47,38
1,1,14,48,36
1,1,14,49,34
1,1,14,50,36
1,1,14,51,38
1,1,14,52,38
1,1,14,53,40
1,1,14,54,38
1,1,14,55,38
1,1,14,56,36
1,1,14,57,36
1,1,14,58,36
1,1,14,59,36
1,1,14,60,46
1,1,14,61,40
1,1,14,62,40
1,1,14,63,36
1,2,0,0,64
1,2,0,1,66
1,2,0,2,68
1,2,0,3,70
1,2,0,4,62
1,2,0,5,64
1,2,0,6,70
1,2,0,7,74
1,2,0,8,60
1,2,0,9,70
1,2,0,10,72
1,2,0,11,74
1,2,0,12,62
1,2,0,13,66
1,2,0,14,74
1,2,0,15,76
1,2,0,16,64
1,2,0,17,66
1,2,0,18,34
1,2,0,19,72
1,2,0,20,70
1,2,0,21,66
1,2,0,22,76
1,2,0,23,70
1,2,0,24,32
1,2,0,25,38
1,2,0,26,74
1,2,0,27,72
1,2,0,28,38
1,2,0,29,40
1,2,0,30,38
1,2,0,31,40
1,2,0,32,78
1,2,0,33,74
1,2,0,34,62
1,2,0,35,36
1,2,0,36,74
1,2,0,37,38
1,2,0,38,84
1,2,0,39,74
1,2,0,40,38
1,2,0,41,38
1,2,0,42,38
1,2,0,43,32
1,2,0,44,76
1,2,0,45,40
1,2,0,46,60
1,2,0,47,66
1,2,0,48,76
1,2,0,49,38
1,2,0,50,66
1,2,0,51,64
1,2,0,52,76
1,2,0,53,72
1,2,0,54,66
1,2,0,55,64
1,2,0,56,76
1,2,0,57,66
1,2,0,58,66
1,2,0,59,66
1,2,0,60,70
1,2,0,61,70
1,2,0,62,68
1,2,0,63,68
1,2,1,0,36
1,2,1,1,38
1,2,1,2,36
1,2,1,3,36
1,2,1,4,36
1,2,1,5,40
1,2,1,6,38
1,2,1,7,40
1,2,1,8,38
1,2,1,9,38
1,2,1,10,36
1,2,1,11,36
1,2,1,12,34
1,2,1,13,36
1,2,1,14,36
1,2,1,15,34
1,2,1,16,38
1,2,1,17,38
1,2,1,18,38
1,2,1,19,40
1,2,1,20,38
1,2,1,21,36
1,2,1,22,34
1,2,1,23,40
1,2,1,24,38
1,2,1,25,36
1,2,1,26,36
1,2,1,27,38
1,2,1,28,34
1,2,1,29,34
1,2,1,30,34
1,2,1,31,38
1,2,1,32,36
1,2,1,33,40
1,2,1,34,34
1,2,1,35,36
1,2,1,36,40
1,2,1,37,36
1,2,1,38,38
1,2,1,39,38
1,2,1,40,38
1,2,1,41,34
1,2,1,42,36
1,2,1,43,40
1,2,1,44,36
1,2,1,45,38
1,2,1,46,40
1,2,1,47,40
1,2,1,48,36
1,2,1,49,32
1,2,1,50,38
1,2,1,51,36
1,2,1,52,40
1,2,1,53,38
1,2,1,54,40
1,2,1,55,50
1,2,1,56,34
1,2,1,57,38
1,2,1,58,40
1,2,1,59,36
1,2,1,60,38
1,2,1,61,40
1,2,1,62,40
1,2,1,63,38
1,2,2,0,38
1,2,2,1,34
1,2,2,2,36
1,2,2,3,40
1,2,2,4,40
1,2,2,5,38
1,2,2,6,38
1,2,2,7,34
1,2,2,8,36
1,2,2,9,36
1,2,2,10,36
1,2,2,11,42
1,2,2,12,36
1,2,2,13,32
1,2,2,14,42
1,2,2,15,38
1,2,2,16,32
1,2,2,17,40
1,2,2,18,38
1,2,2,19,38
1,2,2,20,34
1,2,2,21,40
1,2,2,22,40
1,2,2,23,36
1,2,2,24,32
1,2,2,25,36
1,2,2,26,32
1,2,2,27,36
1,2,2,28,36
1,2,2,29,36
1,2,2,30,40
1,2,2,31,34
1,2,2,32,36
1,2,2,33,36
1,2,2,34,34
1,2,2,35,36
1,2,2,36,34
1,2,2,37,38
1,2,2,38,38
1,2,2,39,36
1,2,2,40,36
1,2,2,41,36
1,2,2,42,36
1,2,2,43,38
1,2,2,44,36
1,2,2,45,36
1,2,2,46,38
1,2,2,47,34
1,2,2,48,36
1,2,2,49,36
1,2,2,50,38
1,2,2,51,36
1,2,2,52,34
1,2,2,53,38
1,2,2,54,34
1,2,2,55,38
1,2,2,56,38
1,2,2,57,32
1,2,2,58,36
1,2,2,59,36
1,2,2,60,36
1,2,2,61,36
1,2,2,62,36
1,2,2,63,34
1,2,3,0,34
1,2,3,1,40
1,2,3,2,40
1,2,3,3,36
1,2,3,4,38
1,2,3,5,34
1,2,3,6,36
1,2,3,7,38
1,2,3,8,38
1,2,3,9,36
1,2,3,10,38
1,2,3,11,36
1,2,3,12,40
1,2,3,13,38
1,2,3,14,38
1,2,3,15,36
1,2,3,16,40
1,2,3,17,40
1,2,3,18,34
1,2,3,19,36
1,2,3,20,38
1,2,3,21,36
1,2,3,22,36
1,2,3,23,36
1,2,3,24,38
1,2,3,25,38
1,2,3,26,40
1,2,3,27,40
1,2,3,28,40
1,2,3,29,40
1,2,3,30,34
1,2,3,31,32
1,2,3,32,36
1,2,3,33,40
1,2,3,34,36
1,2,3,35,42
1,2,3,36,40
1,2,3,37,40
1,2,3,38,40
1,2,3,39,36
1,2,3,40,32
1,2,3,41,38
1,2,3,42,36
1,2,3,43,36
1,2,3,44,36
1,2,3,45,38
1,2,3,46,36
1,2,3,47,36
1,2,3,48,36
1,2,3,49,38
1,2,3,50,32
1,2,3,51,34
1,2,3,52,36
1,2,3,53,40
1,2,3,54,36
1,2,3,55,38
1,2,3,56,36
1,2,3,57,38
1,2,3,58,36
1,2,3,59,40
1,2,3,60,38
1,2,3,61,40
1,2,3,62,40
1,2,3,63,46
1,2,4,0,36
1,2,4,1,36
1,2,4,2,36
1,2,4,3,38
1,2,4,4,34
1,2,4,5,36
1,2,4,6,34
1,2,4,7,32
1,2,4,8,38
1,2,4,9,36
1,2,4,10,36
1,2,4,11,36
1,2,4,12,36
1,2,4,13,36
1,2,4,14,36
1,2,4,15,34
1,2,4,16,34
1,2,4,17,36
1,2,4,18,34
1,2,4,19,38
1,2,4,20,38
1,2,4,21,44
1,2,4,22,36
1,2,4,23,36
1,2,4,24,40
1,2,4,25,40
1,2,4,26,40
1,2,4,27,38
1,2,4,28,40
1,2,4,29,34
1,2,4,30,38
1,2,4,31,34
1,2,4,32,40
1,2,4,33,36
1,2,4,34,36
1,2,4,35,40
1,2,4,36,42
1,2,4,37,38
1,2,4,38,38
1,2,4,39,36
1,2,4,40,32
1,2,4,41,42
1,2,4,42,36
1,2,4,43,38
1,2,4,44,36
1,2,4,45,32
1,2,4,46,38
1,2,4,47,36
1,2,4,48,38
1,2,4,49,38
1,2,4,50,40
1,2,4,51,34
1,2,4,52,36
1,2,4,53,36
1,2,4,54,38
1,2,4,55,36
1,2,4,56,40
1,2,4,57,36
1,2,4,58,36
1,2,4,59,38
1,2,4,60,34
1,2,4,61,40
1,2,4,62,38
1,2,4,63,36
1,2,5,0,36
1,2,5,1,38
1,2,5,2,36
1,2,5,3,40
1,2,5,4,34
1,2,5,5,36
1,2,5,6,36
1,2,5,7,38
1,2,5,8,36
1,2,5,9,34
1,2,5,10,38
1,2,5,11,36
1,2,5,12,32
1,2,5,13,38
1,2,5,14,36
1,2,5,15,34
1,2,5,16,40
1,2,5,17,38
1,2,5,18,34
1,2,5,19,40
1,2,5,20,38
1,2,5,21,40
1,2,5,22,36
1,2,5,23,36
1,2,5,24,36
1,2,5,25,40
1,2,5,26,34
1,2,5,27,42
1,2,5,28,40
1,2,5,29,36
1,2,5,30,38
1,2,5,31,36
1,2,5,32,36
1,2,5,33,36
1,2,5,34,34
1,2,5,35,40
1,2,5,36,36
1,2,5,37,38
1,2,5,38,34
1,2,5,39,38
1,2,5,40,36
1,2,5,41,38
1,2,5,42,40
1,2,5,43,34
1,2,5,44,34
1,2,5,45,36
1,2,5,46,38
1,2,5,47,36
1,2,5,48,40
1,2,5,49,34
1,2,5,50,36
1,2,5,51,38
1,2,5,52,36
1,2,5,53,34
1,2,5,54,36
1,2,5,55,40
1,2,5,56,36
1,2,5,57,40
1,2,5,58,40
1,2,5,59,34
1,2,5,60,38
1,2,5,61,36
1,2,5,62,36
1,2,5,63,38
1,2,6,0,40
1,2,6,1,36
1,2,6,2,36
1,2,6,3,36
1,2,6,4,36
1,2,6,5,34
1,2,6,6,36
1,2,6,7,34
1,2,6,8,36
1,2,6,9,36
1,2,6,10,38
1,2,6,11,36
1,2,6,12,38
1,2,6,13,38
1,2,6,14,36
1,2,6,15,34
1,2,6,16,36
1,2,6,17,38
1,2,6,18,38
1,2,6,19,36
1,2,6,20,38
1,2,6,21,38
1,2,6,22,36
1,2,6,23,34
1,2,6,24,34
1,2,6,25,38
1,2,6,26,34
1,2,6,27,38
1,2,6,28,38
1,2,6,29,34
1,2,6,30,40
1,2,6,31,50
1,2,6,32,40
1,2,6,33,36
1,2,6,34,36
1,2,6,35,32
1,2,6,36,36
1,2,6,37,38
1,2,6,38,38
1,2,6,39,40
1,2,6,40,34
1,2,6,41,42
1,2,6,42,36
1,2,6,43,38
1,2,6,44,36
1,2,6,45,38
1,2,6,46,38
1,2,6,47,34
1,2,6,48,34
1,2,6,49,36
1,2,6,50,40
1,2,6,51,36
1,2,6,52,34
1,2,6,53,42
1,2,6,54,34
1,2,6,55,34
1,2,6,56,36
1,2,6,57,36
1,2,6,58,34
1,2,6,59,40
1,2,6,60,34
1,2,6,61,34
1,2,6,62,36
1,2,6,63,38
1,2,7,0,36
1,2,7,1,38
1,2,7,2,36
1,2,7,3,36
1,2,7,4,38
1,2,7,5,36
1,2,7,6,36
1,2,7,7,40
1,2,7,8,34
1,2,7,9,36
1,2,7,10,38
1,2,7,11,38
1,2,7,12,38
1,2,7,13,32
1,2,7,14,32
1,2,7,15,36
1,2,7,16,36
1,2,7,17,34
1,2,7,18,34
1,2,7,19,36
1,2,7,20,38
1,2,7,21,34
1,2,7,22,38
1,2,7,23,36
1,2,7,24,36
1,2,7,25,38
1,2,7,26,38
1,2,7,27,34
1,2,7,28,40
1,2,7,29,40
1,2,7,30,38
1,2,7,31,38
1,2,7,32,34
1,2,7,33,36
1,2,7,34,38
1,2,7,35,40
1,2,7,36,40
1,2,7,37,38
1,2,7,38,36
1,2,7,39,36
1,2,7,40,36
1,2,7,41,36
1,2,7,42,38
1,2,7,43,36
1,2,7,44,42
1,2,7,45,38
1,2,7,46,38
1,2,7,47,32
1,2,7,48,34
1,2,7,49,38
1,2,7,50,40
1,2,7,51,38
1,2,7,52,38
1,2,7,53,38
1,2,7,54,40
1,2,7,55,40
1,2,7,56,38
1,2,7,57,36
1,2,7,58,34
1,2,7,59,38
1,2,7,60,34
1,2,7,61,36
1,2,7,62,36
1,2,7,63,34
1,2,8,0,36
1,2,8,1,36
1,2,8,2,36
1,2,8,3,36
1,2,8,4,36
1,2,8,5,34
1,2,8,6,36
1,2,8,7,36
1,2,8,8,36
1,2,8,9,38
1,2,8,10,36
1,2,8,11,38
1,2,8,12,34
1,2,8,13,38
1,2,8,14,36
1,2,8,15,38
1,2,8,16,38
1,2,8,17,38
1,2,8,18,36
1,2,8,19,36
1,2,8,20,38
1,2,8,21,36
1,2,8,22,40
1,2,8,23,38
1,2,8,24,38
1,2,8,25,38
1,2,8,26,36
1,2,8,27,38
1,2,8,28,38
1,2,8,29,38
1,2,8,30,38
1,2,8,31,32
1,2,8,32,38
1,2,8,33,34
1,2,8,34,36
1,2,8,35,34
1,2,8,36,34
1,2,8,37,36
1,2,8,38,34
1,2,8,39,40
1,2,8,40,36
1,2,8,41,32
1,2,8,42,36
1,2,8,43,36
1,2,8,44,36
1,2,8,45,36
1,2,8,46,40
1,2,8,47,34
1,2,8,48,36
1,2,8,49,38
1,2,8,50,36
1,2,8,51,38
1,2,8,52,36
1,2,8,53,38
1,2,8,54,36
1,2,8,55,36
1,2,8,56,36
1,2,8,57,36
1,2,8,58,36
1,2,8,59,36
1,2,8,60,40
1,2,8,61,34
1,2,8,62,36
1,2,8,63,36
1,2,9,0,40
1,2,9,1,36
1,2,9,2,38
1,2,9,3,38
1,2,9,4,38
1,2,9,5,38
1,2,9,6,38
1,2,9,7,34
1,2,9,8,36
1,2,9,9,34
1,2,9,10,38
1,2,9,11,36
1,2,9,12,34
1,2,9,13,36
1,2,9,14,34
1,2,9,15,40
1,2,9,16,36
1,2,9,17,40
1,2,9,18,36
1,2,9,19,40
1,2,9,20,40
1,2,9,21,40
1,2,9,22,40
1,2,9,23,36
1,2,9,24,36
1,2,9,25,36
1,2,9,26,38
1,2,9,27,36
1,2,9,28,42
1,2,9,29,38
1,2,9,30,36
1,2,9,31,36
1,2,9,32,38
1,2,9,33,36
1,2,9,34,34
1,2,9,35,34
1,2,9,36,36
1,2,9,37,40
1,2,9,38,34
1,2,9,39,38
1,2,9,40,34
1,2,9,41,36
1,2,9,42,42
1,2,9,43,38
1,2,9,44,34
1,2,9,45,38
1,2,9,46,40
1,2,9,47,38
1,2,9,48,34
1,2,9,49,40
1,2,9,50,36
1,2,9,51,38
1,2,9,52,40
1,2,9,53,34
1,2,9,54,36
1,2,9,55,40
1,2,9,56,40
1,2,9,57,34
1,2,9,58,40
1,2,9,59,36
1,2,9,60,36
1,2,9,61,36
1,2,9,62,36
1,2,9,63,38
1,2,10,0,36
1,2,10,1,36
1,2,10,2,38
1,2,10,3,38
1,2,10,4,36
1,2,10,5,40
1,2,10,6,38
1,2,10,7,36
1,2,10,8,36
1,2,10,9,36
1,2,10,10,36
1,2,10,11,36
1,2,10,12,38
1,2,10,13,36
1,2,10,14,36
1,2,10,15,34
1,2,10,16,38
1,2,10,17,36
1,2,10,18,38
1,2,10,19,34
1,2,10,20,36
1,2,10,21,36
1,2,10,22,36
1,2,10,23,36
1,2,10,24,38
1,2,10,25,38
1,2,10,26,36
1,2,10,27,42
1,2,10,28,40
1,2,10,29,34
1,2,10,30,36
1,2,10,31,34
1,2,10,32,38
1,2,10,33,40
1,2,10,34,40
1,2,10,35,36
1,2,10,36,40
1,2,10,37,36
1,2,10,38,36
1,2,10,39,36
1,2,10,40,38
1,2,10,41,40
1,2,10,42,38
1,2,10,43,36
1,2,10,44,40
1,2,10,45,36
1,2,10,46,40
1,2,10,47,36
1,2,10,48,34
1,2,10,49,36
1,2,10,50,40
1,2,10,51,38
1,2,10,52,34
1,2,10,53,38
1,2,10,54,36
1,2,10,55,42
1,2,10,56,40
1,2,10,57,36
1,2,10,58,34
1,2,10,59,36
1,2,10,60,38
1,2,10,61,38
1,2,10,62,34
1,2,10,63,38
1,2,11,0,38
1,2,11,1,38
1,2,11,2,36
1,2,11,3,38
1,2,11,4,40
1,2,11,5,40
1,2,11,6,38
1,2,11,7,38
1,2,11,8,38
1,2,11,9,36
1,2,11,10,40
1,2,11,11,40
1,2,11,12,40
1,2,11,13,38
1,2,11,14,40
1,2,11,15,38
1,2,11,16,42
1,2,11,17,36
1,2,11,18,38
1,2,11,19,36
1,2,11,20,36
1,2,11,21,38
1,2,11,22,40
1,2,11,23,40
1,2,11,24,36
1,2,11,25,36
1,2,11,26,36
1,2,11,27,36
1,2,11,28,36
1,2,11,29,40
1,2,11,30,38
1,2,11,31,36
1,2,11,32,42
1,2,11,33,42
1,2,11,34,36
1,2,11,35,38
1,2,11,36,40
1,2,11,37,40
1,2,11,38,40
1,2,11,39,40
1,2,11,40,38
1,2,11,41,40
1,2,11,42,36
1,2,11,43,34
1,2,11,44,40
1,2,11,45,38
1,2,11,46,36
1,2,11,47,40
1,2,11,48,38
1,2,11,49,34
1,2,11,50,38
1,2,11,51,40
1,2,11,52,36
1,2,11,53,38
1,2,11,54,42
1,2,11,55,40
1,2,11,56,36
1,2,11,57,32
1,2,11,58,38
1,2,11,59,44
1,2,11,60,36
1,2,11,61,36
1,2,11,62,38
1,2,11,63,38
1,2,12,0,38
1,2,12,1,38
1,2,12,2,36
1,2,12,3,36
1,2,12,4,36
1,2,12,5,34
1,2,12,6,40
1,2,12,7,38
1,2,12,8,38
1,2,12,9,38
1,2,12,10,42
1,2,12,11,36
1,2,12,12,36
1,2,12,13,38
1,2,12,14,40
1,2,12,15,38
1,2,12,16,36
1,2,12,17,36
1,2,12,18,34
1,2,12,19,36
1,2,12,20,38
1,2,12,21,36
1,2,12,22,32
1,2,12,23,36
1,2,12,24,36
1,2,12,25,36
1,2,12,26,32
1,2,12,27,36
1,2,12,28,38
1,2,12,29,34
1,2,12,30,36
1,2,12,31,36
1,2,12,32,34
1,2,12,33,38
1,2,12,34,32
1,2,12,35,34
1,2,12,36,34
1,2,12,37,36
1,2,12,38,38
1,2,12,39,40
1,2,12,40,38
1,2,12,41,38
1,2,12,42,38
1,2,12,43,38
1,2,12,44,38
1,2,12,45,36
1,2,12,46,36
1,2,12,47,36
1,2,12,48,38
1,2,12,49,34
1,2,12,50,40
1,2,12,51,36
1,2,12,52,36
1,2,12,53,36
1,2,12,54,36
1,2,12,55,36
1,2,12,56,36
1,2,12,57,36
1,2,12,58,40
1,2,12,59,32
1,2,12,60,38
1,2,12,61,36
1,2,12,62,36
1,2,12,63,40
1,2,13,0,34
1,2,13,1,36
1,2,13,2,36
1,2,13,3,34
1,2,13,4,40
1,2,13,5,38
1,2,13,6,46
1,2,13,7,40
1,2,13,8,38
1,2,13,9,34
1,2,13,10,40
1,2,13,11,40
1,2,13,12,38
1,2,13,13,36
1,2,13,14,36
1,2,13,15,36
1,2,13,16,36
1,2,13,17,32
1,2,13,18,38
1,2,13,19,36
1,2,13,20,36
1,2,13,21,36
1,2,13,22,34
1,2,13,23,32
1,2,13,24,36
1,2,13,25,38
1,2,13,26,36
1,2,13,27,38
1,2,13,28,38
1,2,13,29,36
1,2,13,30,32
1,2,13,31,38
1,2,13,32,36
1,2,13,33,36
1,2,13,34,38
1,2,13,35,38
1,2,13,36,38
1,2,13,37,36
1,2,13,38,38
1,2,13,39,34
1,2,13,40,40
1,2,13,41,40
1,2,13,42,34
1,2,13,43,32
1,2,13,44,36
1,2,13,45,34
1,2,13,46,38
1,2,13,47,38
1,2,13,48,36
1,2,13,49,36
1,2,13,50,36
1,2,13,51,36
1,2,13,52,42
1,2,13,53,36
1,2,13,54,38
1,2,13,55,36
1,2,13,56,36
1,2,13,57,34
1,2,13,58,40
1,2,13,59,40
1,2,13,60,34
1,2,13,61,38
1,2,13,62,42
1,2,13,63,36
1,2,14,0,34
1,2,14,1,36
1,2,14,2,34
1,2,14,3,38
1,2,14,4,40
1,2,14,5,34
1,2,14,6,38
1,2,14,7,36
1,2,14,8,34
1,2,14,9,38
1,2,14,10,32
1,2,14,11,38
1,2,14,12,36
1,2,14,13,38
1,2,14,14,40
1,2,14,15,34
1,2,14,16,34
1,2,14,17,36
1,2,14,18,34
1,2,14,19,38
1,2,14,20,36
1,2,14,21,38
1,2,14,22,36
1,2,14,23,36
1,2,14,24,34
1,2,14,25,38
1,2,14,26,34
1,2,14,27,38
1,2,14,28,40
1,2,14,29,40
1,2,14,30,40
1,2,14,31,36
1,2,14,32,36
1,2,14,33,38
1,2,14,34,36
1,2,14,35,38
1,2,14,36,40
1,2,14,37,36
1,2,14,38,38
1,2,14,39,34
1,2,14,40,36
1,2,14,41,38
1,2,14,42,40
1,2,14,43,40
1,2,14,44,34
1,2,14,45,38
1,2,14,46,38
1,2,14,47,36
1,2,14,48,36
1,2,14,49,36
1,2,14,50,36
1,2,14,51,42
1,2,14,52,36
1,2,14,53,40
1,2,14,54,34
1,2,14,55,32
1,2,14,56,36
1,2,14,57,36
1,2,14,58,34
1,2,14,59,38
1,2,14,60,34
1,2,14,61,38
1,2,14,62,38
1,2,14,63,40
1,3,0,0,34
1,3,0,1,36
1,3,0,2,40
1,3,0,3,38
1,3,0,4,40
1,3,0,5,38
1,3,0,6,36
1,3,0,7,36
1,3,0,8,40
1,3,0,9,36
1,3,0,10,38
1,3,0,11,36
1,3,0,12,40
1,3,0,13,36
1,3,0,14,36
1,3,0,15,34
1,3,0,16,40
1,3,0,17,36
1,3,0,18,34
1,3,0,19,40
1,3,0,20,36
1,3,0,21,36
1,3,0,22,38
1,3,0,23,36
1,3,0,24,38
1,3,0,25,36
1,3,0,26,36
1,3,0,27,38
1,3,0,28,34
1,3,0,29,36
1,3,0,30,40
1,3,0,31,40
1,3,0,32,38
1,3,0,33,38
1,3,0,34,32
1,3,0,35,38
1,3,0,36,34
1,3,0,37,40
1,3,0,38,34
1,3,0,39,38
1,3,0,40,36
1,3,0,41,36
1,3,0,42,40
1,3,0,43,36
1,3,0,44,32
1,3,0,45,40
1,3,0,46,36
1,3,0,47,38
1,3,0,48,36
1,3,0,49,40
1,3,0,50,36
1,3,0,51,36
1,3,0,52,36
1,3,0,53,38
1,3,0,54,36
1,3,0,55,36
1,3,0,56,36
1,3,0,57,40
1,3,0,58,38
1,3,0,59,36
1,3,0,60,36
1,3,0,61,36
1,3,0,62,36
1,3,0,63,36
1,3,1,0,40
1,3,1,1,38
1,3,1,2,40
1,3,1,3,36
1,3,1,4,36
1,3,1,5,34
1,3,1,6,36
1,3,1,7,40
1,3,1,8,38
1,3,1,9,36
1,3,1,10,36
1,3,1,11,34
1,3,1,12,38
1,3,1,13,36
1,3,1,14,38
1,3,1,15,36
1,3,1,16,32
1,3,1,17,36
1,3,1,18,36
1,3,1,19,34
1,3,1,20,38
1,3,1,21,38
1,3,1,22,36
1,3,1,23,40
1,3,1,24,38
1,3,1,25,40
1,3,1,26,36
1,3,1,27,38
1,3,1,28,40
1,3,1,29,40
1,3,1,30,36
1,3,1,31,34
1,3,1,32,36
1,3,1,33,40
1,3,1,34,38
1,3,1,35,40
1,3,1,36,36
1,3,1,37,36
1,3,1,38,38
1,3,1,39,36
1,3,1,40,36
1,3,1,41,38
1,3,1,42,40
1,3,1,43,40
1,3,1,44,38
1,3,1,45,40
1,3,1,46,40
1,3,1,47,36
1,3,1,48,36
1,3,1,49,40
1,3,1,50,38
1,3,1,51,48
1,3,1,52,40
1,3,1,53,36
1,3,1,54,40
1,3,1,55,40
1,3,1,56,38
1,3,1,57,36
1,3,1,58,32
1,3,1,59,40
1,3,1,60,38
1,3,1,61,42
1,3,1,62,34
1,3,1,63,36
1,3,2,0,36
1,3,2,1,42
1,3,2,2,34
1,3,2,3,34
1,3,2,4,36
1,3,2,5,40
1,3,2,6,38
1,3,2,7,36
1,3,2,8,34
1,3,2,9,32
1,3,2,10,40
1,3,2,11,36
1,3,2,12,34
1,3,2,13,34
1,3,2,14,38
1,3,2,15,38
1,3,2,16,38
1,3,2,17,36
1,3,2,18,34
1,3,2,19,36
1,3,2,20,36
1,3,2,21,36
1,3,2,22,34
1,3,2,23,38
1,3,2,24,38
1,3,2,25,34
1,3,2,26,36
1,3,2,27,34
1,3,2,28,32
1,3,2,29,40
1,3,2,30,38
1,3,2,31,36
1,3,2,32,36
1,3,2,33,38
1,3,2,34,34
1,3,2,35,36
1,3,2,36,38
1,3,2,37,36
1,3,2,38,38
1,3,2,39,40
1,3,2,40,40
1,3,2,41,36
1,3,2,42,36
1,3,2,43,36
1,3,2,44,34
1,3,2,45,36
1,3,2,46,36
1,3,2,47,36
1,3,2,48,34
1,3,2,49,36
1,3,2,50,36
1,3,2,51,34
1,3,2,52,38
1,3,2,53,34
1,3,2,54,40
1,3,2,55,34
1,3,2,56,36
1,3,2,57,34
1,3,2,58,36
1,3,2,59,38
1,3,2,60,36
1,3,2,61,36
1,3,2,62,36
1,3,2,63,36
1,3,3,0,36
1,3,3,1,36
1,3,3,2,36
1,3,3,3,38
1,3,3,4,36
1,3,3,5,34
1,3,3,6,36
1,3,3,7,38
1,3,3,8,36
1,3,3,9,34
1,3,3,10,36
1,3,3,11,34
1,3,3,12,38
1,3,3,13,40
1,3,3,14,38
1,3,3,15,38
1,3,3,16,38
1,3,3,17,38
1,3,3,18,36
1,3,3,19,34
1,3,3,20,36
1,3,3,21,36
1,3,3,22,38
1,3,3,23,36
1,3,3,24,36
1,3,3,25,38
1,3,3,26,36
1,3,3,27,36
1,3,3,28,34
1,3,3,29,36
1,3,3,30,38
1,3,3,31,40
1,3,3,32,40
1,3,3,33,34
1,3,3,34,38
1,3,3,35,34
1,3,3,36,38
1,3,3,37,38
1,3,3,38,38
1,3,3,39,36
1,3,3,40,36
1,3,3,41,46
1,3,3,42,36
1,3,3,43,36
1,3,3,44,38
1,3,3,45,34
1,3,3,46,38
1,3,3,47,32
1,3,3,48,32
1,3,3,49,38
1,3,3,50,34
1,3,3,51,36
1,3,3,52,38
1,3,3,53,40
1,3,3,54,38
1,3,3,55,38
1,3,3,56,38
1,3,3,57,40
1,3,3,58,38
1,3,3,59,36
1,3,3,60,34
1,3,3,61,40
1,3,3,62,38
1,3,3,63,34
1,3,4,0,32
1,3,4,1,36
1,3,4,2,38
1,3,4,3,38
1,3,4,4,36
1,3,4,5,32
1,3,4,6,38
1,3,4,7,34
1,3,4,8,36
1,3,4,9,34
1,3,4,10,36
1,3,4,11,38
1,3,4,12,34
1,3,4,13,36
1,3,4,14,38
1,3,4,15,32
1,3,4,16,38
1,3,4,17,36
1,3,4,18,40
1,3,4,19,36
1,3,4,20,36
1,3,4,21,32
1,3,4,22,38
1,3,4,23,42
1,3,4,24,40
1,3,4,25,36
1,3,4,26,36
1,3,4,27,40
1,3,4,28,40
1,3,4,29,36
1,3,4,30,34
1,3,4,31,36
1,3,4,32,40
1,3,4,33,40
1,3,4,34,36
1,3,4,35,36
1,3,4,36,40
1,3,4,37,38
1,3,4,38,34
1,3,4,39,38
1,3,4,40,38
1,3,4,41,36
1,3,4,42,36
1,3,4,43,38
1,3,4,44,32
1,3,4,45,36
1,3,4,46,40
1,3,4,47,40
1,3,4,48,38
1,3,4,49,36
1,3,4,50,38
1,3,4,51,34
1,3,4,52,36
1,3,4,53,36
1,3,4,54,36
1,3,4,55,34
1,3,4,56,38
1,3,4,57,38
1,3,4,58,36
1,3,4,59,34
1,3,4,60,40
1,3,4,61,40
1,3,4,62,36
1,3,4,63,36
1,3,5,0,38
1,3,5,1,38
1,3,5,2,34
1,3,5,3,36
1,3,5,4,36
1,3,5,5,36
1,3,5,6,38
1,3,5,7,40
1,3,5,8,40
1,3,5,9,36
1,3,5,10,38
1,3,5,11,36
1,3,5,12,38
1,3,5,13,36
1,3,5,14,36
1,3,5,15,36
1,3,5,16,40
1,3,5,17,38
1,3,5,18,36
1,3,5,19,36
1,3,5,20,36
1,3,5,21,36
1,3,5,22,32
1,3,5,23,36
1,3,5,24,34
1,3,5,25,36
1,3,5,26,36
1,3,5,27,38
1,3,5,28,34
1,3,5,29,40
1,3,5,30,40
1,3,5,31,36
1,3,5,32,38
1,3,5,33,36
1,3,5,34,38
1,3,5,35,36
1,3,5,36,36
1,3,5,37,38
1,3,5,38,36
1,3,5,39,38
1,3,5,40,34
1,3,5,41,36
1,3,5,42,34
1,3,5,43,36
1,3,5,44,38
1,3,5,45,36
1,3,5,46,34
1,3,5,47,50
1,3,5,48,36
1,3,5,49,38
1,3,5,50,32
1,3,5,51,36
1,3,5,52,36
1,3,5,53,34
1,3,5,54,36
1,3,5,55,36
1,3,5,56,36
1,3,5,57,40
1,3,5,58,36
1,3,5,59,36
1,3,5,60,38
1,3,5,61,34
1,3,5,62,34
1,3,5,63,34
1,3,6,0,38
1,3,6,1,36
1,3,6,2,38
1,3,6,3,38
1,3,6,4,36
1,3,6,5,40
1,3,6,6,36
1,3,6,7,38
1,3,6,8,40
1,3,6,9,36
1,3,6,10,42
1,3,6,11,34
1,3,6,12,36
1,3,6,13,34
1,3,6,14,34
1,3,6,15,36
1,3,6,16,38
1,3,6,17,36
1,3,6,18,36
1,3,6,19,36
1,3,6,20,34
1,3,6,21,38
1,3,6,22,38
1,3,6,23,38
1,3,6,24,36
1,3,6,25,38
1,3,6,26,40
1,3,6,27,40
1,3,6,28,38
1,3,6,29,40
1,3,6,30,36
1,3,6,31,38
1,3,6,32,36
1,3,6,33,36
1,3,6,34,40
1,3,6,35,36
1,3,6,36,36
1,3,6,37,36
1,3,6,38,36
1,3,6,39,40
1,3,6,40,36
1,3,6,41,34
1,3,6,42,36
1,3,6,43,36
1,3,6,44,36
1,3,6,45,36
1,3,6,46,36
1,3,6,47,36
1,3,6,48,36
1,3,6,49,36
1,3,6,50,38
1,3,6,51,36
1,3,6,52,36
1,3,6,53,36
1,3,6,54,40
1,3,6,55,38
1,3,6,56,34
1,3,6,57,32
1,3,6,58,40
1,3,6,59,36
1,3,6,60,36
1,3,6,61,38
1,3,6,62,36
1,3,6,63,36
1,3,7,0,32
1,3,7,1,36
1,3,7,2,36
1,3,7,3,34
1,3,7,4,36
1,3,7,5,34
1,3,7,6,34
1,3,7,7,36
1,3,7,8,40
1,3,7,9,38
1,3,7,10,38
1,3,7,11,42
1,3,7,12,36
1,3,7,13,34
1,3,7,14,36
1,3,7,15,38
1,3,7,16,34
1,3,7,17,38
1,3,7,18,38
1,3,7,19,40
1,3,7,20,36
1,3,7,21,36
1,3,7,22,38
1,3,7,23,34
1,3,7,24,38
1,3,7,25,36
1,3,7,26,38
1,3,7,27,36
1,3,7,28,34
1,3,7,29,34
1,3,7,30,38
1,3,7,31,36
1,3,7,32,36
1,3,7,33,32
1,3,7,34,34
1,3,7,35,34
1,3,7,36,36
1,3,7,37,40
1,3,7,38,38
1,3,7,39,38
1,3,7,40,36
1,3,7,41,38
1,3,7,42,36
1,3,7,43,36
1,3,7,44,40
1,3,7,45,38
1,3,7,46,36
1,3,7,47,34
1,3,7,48,40
1,3,7,49,36
1,3,7,50,32
1,3,7,51,36
1,3,7,52,36
1,3,7,53,38
1,3,7,54,34
1,3,7,55,36
1,3,7,56,38
1,3,7,57,40
1,3,7,58,36
1,3,7,59,36
1,3,7,60,36
1,3,7,61,36
1,3,7,62,36
1,3,7,63,36
1,3,8,0,40
1,3,8,1,38
1,3,8,2,34
1,3,8,3,36
1,3,8,4,38
1,3,8,5,36
1,3,8,6,36
1,3,8,7,36
1,3,8,8,38
1,3,8,9,36
1,3,8,10,36
1,3,8,11,40
1,3,8,12,38
1,3,8,13,34
1,3,8,14,34
1,3,8,15,36
1,3,8,16,38
1,3,8,17,40
1,3,8,18,36
1,3,8,19,44
1,3,8,20,36
1,3,8,21,36
1,3,8,22,38
1,3,8,23,38
1,3,8,24,42
1,3,8,25,36
1,3,8,26,38
1,3,8,27,36
1,3,8,28,38
1,3,8,29,38
1,3,8,30,36
1,3,8,31,34
1,3,8,32,36
1,3,8,33,36
1,3,8,34,36
1,3,8,35,36
1,3,8,36,36
1,3,8,37,38
1,3,8,38,38
1,3,8,39,36
1,3,8,40,40
1,3,8,41,38
1,3,8,42,38
1,3,8,43,40
1,3,8,44,36
1,3,8,45,36
1,3,8,46,38
1,3,8,47,40
1,3,8,48,40
1,3,8,49,36
1,3,8,50,34
1,3,8,51,34
1,3,8,52,38
1,3,8,53,38
1,3,8,54,38
1,3,8,55,38
1,3,8,56,42
1,3,8,57,40
1,3,8,58,38
1,3,8,59,38
1,3,8,60,42
1,3,8,61,36
1,3,8,62,36
1,3,8,63,36
1,3,9,0,36
1,3,9,1,36
1,3,9,2,36
1,3,9,3,36
1,3,9,4,38
1,3,9,5,34
1,3,9,6,40
1,3,9,7,40
1,3,9,8,38
1,3,9,9,40
1,3,9,10,36
1,3,9,11,36
1,3,9,12,40
1,3,9,13,38
1,3,9,14,34
1,3,9,15,34
1,3,9,16,36
1,3,9,17,38
1,3,9,18,36
1,3,9,19,36
1,3,9,20,38
1,3,9,21,34
1,3,9,22,38
1,3,9,23,36
1,3,9,24,38
1,3,9,25,34
1,3,9,26,40
1,3,9,27,40
1,3,9,28,36
1,3,9,29,38
1,3,9,30,34
1,3,9,31,34
1,3,9,32,36
1,3,9,33,34
1,3,9,34,36
1,3,9,35,36
1,3,9,36,38
1,3,9,37,38
1,3,9,38,34
1,3,9,39,36
1,3,9,40,36
1,3,9,41,36
1,3,9,42,38
1,3,9,43,36
1,3,9,44,40
1,3,9,45,36
1,3,9,46,36
1,3,9,47,38
1,3,9,48,36
1,3,9,49,34
1,3,9,50,36
1,3,9,51,36
1,3,9,52,36
1,3,9,53,40
1,3,9,54,40
1,3,9,55,34
1,3,9,56,36
1,3,9,57,40
1,3,9,58,40
1,3,9,59,36
1,3,9,60,38
1,3,9,61,40
1,3,9,62,36
1,3,9,63,40
1,3,10,0,34
1,3,10,1,40
1,3,10,2,34
1,3,10,3,38
1,3,10,4,38
1,3,10,5,40
1,3,10,6,34
1,3,10,7,36
1,3,10,8,34
1,3,10,9,40
1,3,10,10,40
1,3,10,11,38
1,3,10,12,40
1,3,10,13,36
1,3,10,14,38
1,3,10,15,36
1,3,10,16,38
1,3,10,17,36
1,3,10,18,38
1,3,10,19,36
1,3,10,20,34
1,3,10,21,38
1,3,10,22,36
1,3,10,23,38
1,3,10,24,38
1,3,10,25,38
1,3,10,26,40
1,3,10,27,34
1,3,10,28,40
1,3,10,29,38
1,3,10,30,42
1,3,10,31,34
1,3,10,32,36
1,3,10,33,42
1,3,10,34,36
1,3,10,35,36
1,3,10,36,36
1,3,10,37,48
1,3,10,38,34
1,3,10,39,40
1,3,10,40,38
1,3,10,41,34
1,3,10,42,36
1,3,10,43,38
1,3,10,44,36
1,3,10,45,40
1,3,10,46,38
1,3,10,47,36
1,3,10,48,32
1,3,10,49,36
1,3,10,50,40
1,3,10,51,36
1,3,10,52,36
1,3,10,53,40
1,3,10,54,36
1,3,10,55,38
1,3,10,56,38
1,3,10,57,40
1,3,10,58,36
1,3,10,59,38
1,3,10,60,40
1,3,10,61,36
1,3,10,62,34
1,3,10,63,40
1,3,11,0,32
1,3,11,1,40
1,3,11,2,36
1,3,11,3,34
1,3,11,4,34
1,3,11,5,36
1,3,11,6,40
1,3,11,7,40
1,3,11,8,36
1,3,11,9,40
1,3,11,10,40
1,3,11,11,36
1,3,11,12,38
1,3,11,13,42
1,3,11,14,34
1,3,11,15,38
1,3,11,16,40
1,3,11,17,40
1,3,11,18,36
1,3,11,19,38
1,3,11,20,40
1,3,11,21,36
1,3,11,22,34
1,3,11,23,36
1,3,11,24,36
1,3,11,25,34
1,3,11,26,36
1,3,11,27,36
1,3,11,28,38
1,3,11,29,34
1,3,11,30,38
1,3,11,31,36
1,3,11,32,38
1,3,11,33,34
1,3,11,34,36
1,3,11,35,38
1,3,11,36,36
1,3,11,37,36
1,3,11,38,38
1,3,11,39,36
1,3,11,40,42
1,3,11,41,36
1,3,11,42,40
1,3,11,43,34
1,3,11,44,40
1,3,11,45,38
1,3,11,46,38
1,3,11,47,36
1,3,11,48,38
1,3,11,49,40
1,3,11,50,38
1,3,11,51,40
1,3,11,52,34
1,3,11,53,38
1,3,11,54,36
1,3,11,55,40
1,3,11,56,36
1,3,11,57,36
1,3,11,58,42
1,3,11,59,38
1,3,11,60,36
1,3,11,61,36
1,3,11,62,36
1,3,11,63,38
1,3,12,0,32
1,3,12,1,38
1,3,12,2,34
1,3,12,3,32
1,3,12,4,38
1,3,12,5,38
1,3,12,6,36
1,3,12,7,38
1,3,12,8,34
1,3,12,9,38
1,3,12,10,38
1,3,12,11,38
1,3,12,12,36
1,3,12,13,32
1,3,12,14,40
1,3,12,15,40
1,3,12,16,40
1,3,12,17,36
1,3,12,18,34
1,3,12,19,40
1,3,12,20,40
1,3,12,21,34
1,3,12,22,38
1,3,12,23,38
1,3,12,24,34
1,3,12,25,38
1,3,12,26,36
1,3,12,27,36
1,3,12,28,36
1,3,12,29,40
1,3,12,30,38
1,3,12,31,36
1,3,12,32,40
1,3,12,33,38
1,3,12,34,38
1,3,12,35,38
1,3,12,36,38
1,3,12,37,36
1,3,12,38,36
1,3,12,39,32
1,3,12,40,40
1,3,12,41,36
1,3,12,42,38
1,3,12,43,40
1,3,12,44,36
1,3,12,45,32
1,3,12,46,42
1,3,12,47,36
1,3,12,48,38
1,3,12,49,36
1,3,12,50,38
1,3,12,51,36
1,3,12,52,34
1,3,12,53,38
1,3,12,54,36
1,3,12,55,38
1,3,12,56,36
1,3,12,57,38
1,3,12,58,38
1,3,12,59,36
1,3,12,60,36
1,3,12,61,34
1,3,12,62,34
1,3,12,63,36
1,3,13,0,36
1,3,13,1,36
1,3,13,2,40
1,3,13,3,38
1,3,13,4,40
1,3,13,5,36
1,3,13,6,40
1,3,13,7,36
1,3,13,8,36
1,3,13,9,36
1,3,13,10,34
1,3,13,11,36
1,3,13,12,38
1,3,13,13,38
1,3,13,14,34
1,3,13,15,36
1,3,13,16,38
1,3,13,17,40
1,3,13,18,40
1,3,13,19,38
1,3,13,20,36
1,3,13,21,38
1,3,13,22,40
1,3,13,23,38
1,3,13,24,36
1,3,13,25,36
1,3,13,26,40
1,3,13,27,36
1,3,13,28,34
1,3,13,29,36
1,3,13,30,48
1,3,13,31,40
1,3,13,32,34
1,3,13,33,38
1,3,13,34,38
1,3,13,35,34
1,3,13,36,34
1,3,13,37,36
1,3,13,38,36
1,3,13,39,36
1,3,13,40,40
1,3,13,41,38
1,3,13,42,36
1,3,13,43,38
1,3,13,44,38
1,3,13,45,36
1,3,13,46,38
1,3,13,47,38
1,3,13,48,36
1,3,13,49,36
1,3,13,50,36
1,3,13,51,36
1,3,13,52,40
1,3,13,53,38
1,3,13,54,38
1,3,13,55,36
1,3,13,56,34
1,3,13,57,36
1,3,13,58,32
1,3,13,59,36
1,3,13,60,42
1,3,13,61,40
1,3,13,62,34
1,3,13,63,40
1,3,14,0,36
1,3,14,1,40
1,3,14,2,40
1,3,14,3,38
1,3,14,4,38
1,3,14,5,34
1,3,14,6,38
1,3,14,7,36
1,3,14,8,40
1,3,14,9,38
1,3,14,10,34
1,3,14,11,36
1,3,14,12,40
1,3,14,13,42
1,3,14,14,34
1,3,14,15,36
1,3,14,16,36
1,3,14,17,38
1,3,14,18,38
1,3,14,19,36
1,3,14,20,38
1,3,14,21,34
1,3,14,22,36
1,3,14,23,38
1,3,14,24,36
1,3,14,25,34
1,3,14,26,34
1,3,14,27,36
1,3,14,28,40
1,3,14,29,36
1,3,14,30,40
1,3,14,31,38
1,3,14,32,38
1,3,14,33,36
1,3,14,34,38
1,3,14,35,36
1,3,14,36,38
1,3,14,37,38
1,3,14,38,34
1,3,14,39,34
1,3,14,40,42
1,3,14,41,36
1,3,14,42,34
1,3,14,43,38
1,3,14,44,36
1,3,14,45,38
1,3,14,46,38
1,3,14,47,36
1,3,14,48,34
1,3,14,49,40
1,3,14,50,38
1,3,14,51,36
1,3,14,52,38
1,3,14,53,36
1,3,14,54,40
1,3,14,55,40
1,3,14,56,38
1,3,14,57,36
1,3,14,58,42
1,3,14,59,36
1,3,14,60,36
1,3,14,61,36
1,3,14,62,36
1,3,14,63,32
1,4,0,0,62
1,4,0,1,72
1,4,0,2,76
1,4,0,3,74
1,4,0,4,68
1,4,0,5,64
1,4,0,6,70
1,4,0,7,76
1,4,0,8,60
1,4,0,9,66
1,4,0,10,72
1,4,0,11,74
1,4,0,12,60
1,4,0,13,68
1,4,0,14,84
1,4,0,15,70
1,4,0,16,66
1,4,0,17,60
1,4,0,18,34
1,4,0,19,36
1,4,0,20,66
1,4,0,21,38
1,4,0,22,34
1,4,0,23,38
1,4,0,24,38
1,4,0,25,36
1,4,0,26,36
1,4,0,27,36
1,4,0,28,36
1,4,0,29,34
1,4,0,30,38
1,4,0,31,36
1,4,0,32,72
1,4,0,33,74
1,4,0,34,62
1,4,0,35,62
1,4,0,36,72
1,4,0,37,38
1,4,0,38,38
1,4,0,39,40
1,4,0,40,38
1,4,0,41,38
1,4,0,42,40
1,4,0,43,34
1,4,0,44,38
1,4,0,45,38
1,4,0,46,60
1,4,0,47,66
1,4,0,48,38
1,4,0,49,36
1,4,0,50,68
1,4,0,51,64
1,4,0,52,34
1,4,0,53,38
1,4,0,54,66
1,4,0,55,60
1,4,0,56,72
1,4,0,57,70
1,4,0,58,66
1,4,0,59,66
1,4,0,60,42
1,4,0,61,72
1,4,0,62,66
1,4,0,63,62
1,4,1,0,36
1,4,1,1,36
1,4,1,2,36
1,4,1,3,32
1,4,1,4,34
1,4,1,5,38
1,4,1,6,38
1,4,1,7,38
1,4,1,8,34
1,4,1,9,38
1,4,1,10,32
1,4,1,11,36
1,4,1,12,38
1,4,1,13,40
1,4,1,14,36
1,4,1,15,38
1,4,1,16,38
1,4,1,17,36
1,4,1,18,40
1,4,1,19,34
1,4,1,20,36
1,4,1,21,38
1,4,1,22,36
1,4,1,23,32
1,4,1,24,36
1,4,1,25,32
1,4,1,26,40
1,4,1,27,36
1,4,1,28,36
1,4,1,29,34
1,4,1,30,34
1,4,1,31,40
1,4,1,32,38
1,4,1,33,36
1,4,1,34,36
1,4,1,35,38
1,4,1,36,36
1,4,1,37,40
1,4,1,38,36
1,4,1,39,36
1,4,1,40,34
1,4,1,41,38
1,4,1,42,36
1,4,1,43,34
1,4,1,44,38
1,4,1,45,34
1,4,1,46,36
1,4,1,47,38
1,4,1,48,36
1,4,1,49,40
1,4,1,50,36
1,4,1,51,36
1,4,1,52,34
1,4,1,53,36
1,4,1,54,36
1,4,1,55,38
1,4,1,56,38
1,4,1,57,38
1,4,1,58,36
1,4,1,59,36
1,4,1,60,36
1,4,1,61,34
1,4,1,62,42
1,4,1,63,38
1,4,2,0,36
1,4,2,1,38
1,4,2,2,36
1,4,2,3,36
1,4,2,4,40
1,4,2,5,36
1,4,2,6,38
1,4,2,7,42
1,4,2,8,36
1,4,2,9,36
1,4,2,10,38
1,4,2,11,38
1,4,2,12,36
1,4,2,13,40
1,4,2,14,36
1,4,2,15,36
1,4,2,16,36
1,4,2,17,40
1,4,2,18,38
1,4,2,19,34
1,4,2,20,34
1,4,2,21,38
1,4,2,22,38
1,4,2,23,34
1,4,2,24,38
1,4,2,25,34
1,4,2,26,36
1,4,2,27,38
1,4,2,28,40
1,4,2,29,38
1,4,2,30,36
1,4,2,31,36
1,4,2,32,38
1,4,2,33,38
1,4,2,34,36
1,4,2,35,36
1,4,2,36,34
1,4,2,37,36
1,4,2,38,40
1,4,2,39,36
1,4,2,40,48
1,4,2,41,36
1,4,2,42,38
1,4,2,43,36
1,4,2,44,34
1,4,2,45,34
1,4,2,46,38
1,4,2,47,34
1,4,2,48,34
1,4,2,49,34
1,4,2,50,34
1,4,2,51,34
1,4,2,52,38
1,4,2,53,34
1,4,2,54,36
1,4,2,55,36
1,4,2,56,40
1,4,2,57,36
1,4,2,58,38
1,4,2,59,38
1,4,2,60,36
1,4,2,61,36
1,4,2,62,36
1,4,2,63,36
1,4,3,0,38
1,4,3,1,36
1,4,3,2,42
1,4,3,3,38
1,4,3,4,38
1,4,3,5,40
1,4,3,6,38
1,4,3,7,36
1,4,3,8,34
1,4,3,9,38
1,4,3,10,36
1,4,3,11,38
1,4,3,12,40
1,4,3,13,38
1,4,3,14,34
1,4,3,15,36
1,4,3,16,34
1,4,3,17,38
1,4,3,18,40
1,4,3,19,38
1,4,3,20,36
1,4,3,21,32
1,4,3,22,38
1,4,3,23,36
1,4,3,24,38
1,4,3,25,36
1,4,3,26,40
1,4,3,27,46
1,4,3,28,34
1,4,3,29,38
1,4,3,30,36
1,4,3,31,40
1,4,3,32,36
1,4,3,33,36
1,4,3,34,36
1,4,3,35,34
1,4,3,36,40
1,4,3,37,38
1,4,3,38,36
1,4,3,39,36
1,4,3,40,36
1,4,3,41,36
1,4,3,42,36
1,4,3,43,36
1,4,3,44,38
1,4,3,45,34
1,4,3,46,38
1,4,3,47,36
1,4,3,48,38
1,4,3,49,32
1,4,3,50,38
1,4,3,51,40
1,4,3,52,40
1,4,3,53,36
1,4,3,54,40
1,4,3,55,36
1,4,3,56,36
1,4,3,57,36
1,4,3,58,36
1,4,3,59,34
1,4,3,60,36
1,4,3,61,42
1,4,3,62,38
1,4,3,63,36
1,4,4,0,36
1,4,4,1,36
1,4,4,2,38
1,4,4,3,40
1,4,4,4,40
1,4,4,5,36
1,4,4,6,40
1,4,4,7,34
1,4,4,8,36
1,4,4,9,34
1,4,4,10,40
1,4,4,11,38
1,4,4,12,34
1,4,4,13,34
1,4,4,14,38
1,4,4,15,38
1,4,4,16,38
1,4,4,17,38
1,4,4,18,36
1,4,4,19,38
1,4,4,20,36
1,4,4,21,36
1,4,4,22,36
1,4,4,23,40
1,4,4,24,40
1,4,4,25,38
1,4,4,26,38
1,4,4,27,40
1,4,4,28,38
1,4,4,29,32
1,4,4,30,36
1,4,4,31,38
1,4,4,32,38
1,4,4,33,34
1,4,4,34,34
1,4,4,35,34
1,4,4,36,40
1,4,4,37,36
1,4,4,38,36
1,4,4,39,36
1,4,4,40,42
1,4,4,41,34
1,4,4,42,36
1,4,4,43,38
1,4,4,44,38
1,4,4,45,40
1,4,4,46,36
1,4,4,47,38
1,4,4,48,34
1,4,4,49,36
1,4,4,50,40
1,4,4,51,40
1,4,4,52,36
1,4,4,53,36
1,4,4,54,36
1,4,4,55,36
1,4,4,56,36
1,4,4,57,38
1,4,4,58,36
1,4,4,59,38
1,4,4,60,38
1,4,4,61,38
1,4,4,62,38
1,4,4,63,34
1,4,5,0,36
1,4,5,1,36
1,4,5,2,34
1,4,5,3,34
1,4,5,4,34
1,4,5,5,36
1,4,5,6,38
1,4,5,7,36
1,4,5,8,38
1,4,5,9,36
1,4,5,10,38
1,4,5,11,38
1,4,5,12,42
1,4,5,13,32
1,4,5,14,36
1,4,5,15,38
1,4,5,16,38
1,4,5,17,36
1,4,5,18,34
1,4,5,19,40
1,4,5,20,36
1,4,5,21,36
1,4,5,22,36
1,4,5,23,36
1,4,5,24,36
1,4,5,25,38
1,4,5,26,38
1,4,5,27,38
1,4,5,28,38
1,4,5,29,40
1,4,5,30,36
1,4,5,31,36
1,4,5,32,38
1,4,5,33,34
1,4,5,34,36
1,4,5,35,34
1,4,5,36,40
1,4,5,37,36
1,4,5,38,36
1,4,5,39,38
1,4,5,40,36
1,4,5,41,36
1,4,5,42,36
1,4,5,43,36
1,4,5,44,40
1,4,5,45,40
1,4,5,46,40
1,4,5,47,36
1,4,5,48,34
1,4,5,49,32
1,4,5,50,40
1,4,5,51,46
1,4,5,52,38
1,4,5,53,40
1,4,5,54,32
1,4,5,55,40
1,4,5,56,40
1,4,5,57,36
1,4,5,58,40
1,4,5,59,38
1,4,5,60,38
1,4,5,61,36
1,4,5,62,38
1,4,5,63,38
1,4,6,0,38
1,4,6,1,34
1,4,6,2,34
1,4,6,3,36
1,4,6,4,34
1,4,6,5,40
1,4,6,6,38
1,4,6,7,38
1,4,6,8,36
1,4,6,9,36
1,4,6,10,36
1,4,6,11,36
1,4,6,12,38
1,4,6,13,38
1,4,6,14,36
1,4,6,15,38
1,4,6,16,36
1,4,6,17,34
1,4,6,18,38
1,4,6,19,36
1,4,6,20,38
1,4,6,21,38
1,4,6,22,38
1,4,6,23,34
1,4,6,24,36
1,4,6,25,36
1,4,6,26,38
1,4,6,27,38
1,4,6,28,38
1,4,6,29,36
1,4,6,30,40
1,4,6,31,36
1,4,6,32,38
1,4,6,33,40
1,4,6,34,36
1,4,6,35,40
1,4,6,36,36
1,4,6,37,38
1,4,6,38,42
1,4,6,39,38
1,4,6,40,36
1,4,6,41,38
1,4,6,42,38
1,4,6,43,34
1,4,6,44,38
1,4,6,45,40
1,4,6,46,38
1,4,6,47,38
1,4,6,48,34
1,4,6,49,36
1,4,6,50,34
1,4,6,51,38
1,4,6,52,36
1,4,6,53,36
1,4,6,54,38
1,4,6,55,36
1,4,6,56,38
1,4,6,57,38
1,4,6,58,34
1,4,6,59,38
1,4,6,60,38
1,4,6,61,40
1,4,6,62,36
1,4,6,63,42
1,4,7,0,34
1,4,7,1,34
1,4,7,2,38
1,4,7,3,36
1,4,7,4,40
1,4,7,5,38
1,4,7,6,38
1,4,7,7,32
1,4,7,8,36
1,4,7,9,36
1,4,7,10,36
1,4,7,11,34
1,4,7,12,34
1,4,7,13,36
1,4,7,14,38
1,4,7,15,38
1,4,7,16,36
1,4,7,17,36
1,4,7,18,36
1,4,7,19,34
1,4,7,20,40
1,4,7,21,38
1,4,7,22,36
1,4,7,23,38
1,4,7,24,36
1,4,7,25,36
1,4,7,26,36
1,4,7,27,36
1,4,7,28,40
1,4,7,29,36
1,4,7,30,36
1,4,7,31,40
1,4,7,32,38
1,4,7,33,36
1,4,7,34,36
1,4,7,35,38
1,4,7,36,36
1,4,7,37,40
1,4,7,38,34
1,4,7,39,36
1,4,7,40,34
1,4,7,41,46
1,4,7,42,34
1,4,7,43,38
1,4,7,44,36
1,4,7,45,34
1,4,7,46,36
1,4,7,47,36
1,4,7,48,38
1,4,7,49,36
1,4,7,50,36
1,4,7,51,36
1,4,7,52,36
1,4,7,53,36
1,4,7,54,36
1,4,7,55,34
1,4,7,56,38
1,4,7,57,38
1,4,7,58,36
1,4,7,59,34
1,4,7,60,40
1,4,7,61,34
1,4,7,62,36
1,4,7,63,36
1,4,8,0,36
1,4,8,1,34
1,4,8,2,34
1,4,8,3,40
1,4,8,4,40
1,4,8,5,38
1,4,8,6,38
1,4,8,7,38
1,4,8,8,38
1,4,8,9,38
1,4,8,10,36
1,4,8,11,36
1,4,8,12,36
1,4,8,13,34
1,4,8,14,36
1,4,8,15,40
1,4,8,16,40
1,4,8,17,38
1,4,8,18,36
1,4,8,19,38
1,4,8,20,34
1,4,8,21,38
1,4,8,22,38
1,4,8,23,36
1,4,8,24,34
1,4,8,25,38
1,4,8,26,36
1,4,8,27,36
1,4,8,28,48
1,4,8,29,36
1,4,8,30,38
1,4,8,31,40
1,4,8,32,36
1,4,8,33,34
1,4,8,34,34
1,4,8,35,34
1,4,8,36,34
1,4,8,37,36
1,4,8,38,36
1,4,8,39,36
1,4,8,40,34
1,4,8,41,38
1,4,8,42,36
1,4,8,43,36
1,4,8,44,34
1,4,8,45,34
1,4,8,46,40
1,4,8,47,38
1,4,8,48,36
1,4,8,49,36
1,4,8,50,36
1,4,8,51,32
1,4,8,52,38
1,4,8,53,36
1,4,8,54,40
1,4,8,55,38
1,4,8,56,40
1,4,8,57,32
1,4,8,58,34
1,4,8,59,36
1,4,8,60,34
1,4,8,61,36
1,4,8,62,34
1,4,8,63,38
1,4,9,0,36
1,4,9,1,36
1,4,9,2,32
1,4,9,3,38
1,4,9,4,32
1,4,9,5,34
1,4,9,6,36
1,4,9,7,36
1,4,9,8,36
1,4,9,9,40
1,4,9,10,42
1,4,9,11,40
1,4,9,12,40
1,4,9,13,38
1,4,9,14,40
1,4,9,15,38
1,4,9,16,38
1,4,9,17,36
1,4,9,18,38
1,4,9,19,38
1,4,9,20,38
1,4,9,21,34
1,4,9,22,36
1,4,9,23,38
1,4,9,24,36
1,4,9,25,36
1,4,9,26,38
1,4,9,27,34
1,4,9,28,34
1,4,9,29,36
1,4,9,30,38
1,4,9,31,36
1,4,9,32,36
1,4,9,33,36
1,4,9,34,38
1,4,9,35,36
1,4,9,36,36
1,4,9,37,36
1,4,9,38,40
1,4,9,39,38
1,4,9,40,38
1,4,9,41,38
1,4,9,42,36
1,4,9,43,38
1,4,9,44,36
1,4,9,45,38
1,4,9,46,34
1,4,9,47,36
1,4,9,48,38
1,4,9,49,40
1,4,9,50,34
1,4,9,51,34
1,4,9,52,36
1,4,9,53,36
1,4,9,54,34
1,4,9,55,32
1,4,9,56,32
1,4,9,57,38
1,4,9,58,40
1,4,9,59,36
1,4,9,60,40
1,4,9,61,34
1,4,9,62,38
1,4,9,63,36
1,4,10,0,36
1,4,10,1,38
1,4,10,2,36
1,4,10,3,38
1,4,10,4,42
1,4,10,5,34
1,4,10,6,38
1,4,10,7,40
1,4,10,8,36
1,4,10,9,32
1,4,10,10,34
1,4,10,11,38
1,4,10,12,36
1,4,10,13,32
1,4,10,14,36
1,4,10,15,36
1,4,10,16,38
1,4,10,17,34
1,4,10,18,40
1,4,10,19,38
1,4,10,20,36
1,4,10,21,38
1,4,10,22,40
1,4,10,23,38
1,4,10,24,38
1,4,10,25,36
1,4,10,26,38
1,4,10,27,40
1,4,10,28,36
1,4,10,29,40
1,4,10,30,36
1,4,10,31,40
1,4,10,32,38
1,4,10,33,36
1,4,10,34,36
1,4,10,35,36
1,4,10,36,34
1,4,10,37,36
1,4,10,38,36
1,4,10,39,36
1,4,10,40,38
1,4,10,41,34
1,4,10,42,36
1,4,10,43,44
1,4,10,44,38
1,4,10,45,38
1,4,10,46,38
1,4,10,47,36
1,4,10,48,36
1,4,10,49,32
1,4,10,50,40
1,4,10,51,36
1,4,10,52,38
1,4,10,53,38
1,4,10,54,38
1,4,10,55,36
1,4,10,56,38
1,4,10,57,36
1,4,10,58,34
1,4,10,59,32
1,4,10,60,42
1,4,10,61,34
1,4,10,62,36
1,4,10,63,36
1,4,11,0,40
1,4,11,1,38
1,4,11,2,36
1,4,11,3,40
1,4,11,4,36
1,4,11,5,34
1,4,11,6,40
1,4,11,7,36
1,4,11,8,40
1,4,11,9,36
1,4,11,10,36
1,4,11,11,34
1,4,11,12,32
1,4,11,13,40
1,4,11,14,40
1,4,11,15,38
1,4,11,16,40
1,4,11,17,34
1,4,11,18,40
1,4,11,19,38
1,4,11,20,36
1,4,11,21,40
1,4,11,22,38
1,4,11,23,38
1,4,11,24,34
1,4,11,25,36
1,4,11,26,36
1,4,11,27,36
1,4,11,28,36
1,4,11,29,38
1,4,11,30,38
1,4,11,31,36
1,4,11,32,36
1,4,11,33,38
1,4,11,34,36
1,4,11,35,40
1,4,11,36,38
1,4,11,37,38
1,4,11,38,38
1,4,11,39,34
1,4,11,40,36
1,4,11,41,40
1,4,11,42,38
1,4,11,43,34
1,4,11,44,36
1,4,11,45,38
1,4,11,46,36
1,4,11,47,40
1,4,11,48,36
1,4,11,49,36
1,4,11,50,38
1,4,11,51,40
1,4,11,52,36
1,4,11,53,36
1,4,11,54,38
1,4,11,55,34
1,4,11,56,34
1,4,11,57,38
1,4,11,58,42
1,4,11,59,36
1,4,11,60,38
1,4,11,61,38
1,4,11,62,38
1,4,11,63,38
1,4,12,0,36
1,4,12,1,36
1,4,12,2,38
1,4,12,3,36
1,4,12,4,40
1,4,12,5,40
1,4,12,6,38
1,4,12,7,36
1,4,12,8,38
1,4,12,9,36
1,4,12,10,40
1,4,12,11,42
1,4,12,12,42
1,4,12,13,38
1,4,12,14,36
1,4,12,15,38
1,4,12,16,34
1,4,12,17,34
1,4,12,18,36
1,4,12,19,40
1,4,12,20,34
1,4,12,21,36
1,4,12,22,34
1,4,12,23,36
1,4,12,24,36
1,4,12,25,40
1,4,12,26,36
1,4,12,27,38
1,4,12,28,36
1,4,12,29,36
1,4,12,30,36
1,4,12,31,36
1,4,12,32,36
1,4,12,33,36
1,4,12,34,34
1,4,12,35,36
1,4,12,36,36
1,4,12,37,38
1,4,12,38,38
1,4,12,39,36
1,4,12,40,36
1,4,12,41,36
1,4,12,42,40
1,4,12,43,36
1,4,12,44,34
1,4,12,45,34
1,4,12,46,38
1,4,12,47,34
1,4,12,48,36
1,4,12,49,36
1,4,12,50,38
1,4,12,51,36
1,4,12,52,38
1,4,12,53,38
1,4,12,54,34
1,4,12,55,42
1,4,12,56,36
1,4,12,57,36
1,4,12,58,38
1,4,12,59,36
1,4,12,60,36
1,4,12,61,38
1,4,12,62,40
1,4,12,63,38
1,4,13,0,38
1,4,13,1,40
1,4,13,2,36
1,4,13,3,34
1,4,13,4,40
1,4,13,5,36
1,4,13,6,36
1,4,13,7,34
1,4,13,8,38
1,4,13,9,36
1,4,13,10,40
1,4,13,11,34
1,4,13,12,36
1,4,13,13,38
1,4,13,14,36
1,4,13,15,38
1,4,13,16,38
1,4,13,17,40
1,4,13,18,36
1,4,13,19,36
1,4,13,20,36
1,4,13,21,38
1,4,13,22,34
1,4,13,23,38
1,4,13,24,36
1,4,13,25,36
1,4,13,26,38
1,4,13,27,32
1,4,13,28,38
1,4,13,29,38
1,4,13,30,36
1,4,13,31,34
1,4,13,32,38
1,4,13,33,40
1,4,13,34,34
1,4,13,35,40
1,4,13,36,36
1,4,13,37,36
1,4,13,38,38
1,4,13,39,34
1,4,13,40,34
1,4,13,41,38
1,4,13,42,34
1,4,13,43,38
1,4,13,44,38
1,4,13,45,34
1,4,13,46,38
1,4,13,47,36
1,4,13,48,36
1,4,13,49,38
1,4,13,50,36
1,4,13,51,38
1,4,13,52,40
1,4,13,53,34
1,4,13,54,36
1,4,13,55,36
1,4,13,56,38
1,4,13,57,40
1,4,13,58,38
1,4,13,59,38
1,4,13,60,38
1,4,13,61,36
1,4,13,62,40
1,4,13,63,36
1,4,14,0,36
1,4,14,1,38
1,4,14,2,36
1,4,14,3,36
1,4,14,4,40
1,4,14,5,38
1,4,14,6,36
1,4,14,7,38
1,4,14,8,36
1,4,14,9,38
1,4,14,10,36
1,4,14,11,36
1,4,14,12,32
1,4,14,13,34
1,4,14,14,40
1,4,14,15,38
1,4,14,16,38
1,4,14,17,38
1,4,14,18,38
1,4,14,19,34
1,4,14,20,36
1,4,14,21,36
1,4,14,22,38
1,4,14,23,36
1,4,14,24,34
1,4,14,25,36
1,4,14,26,36
1,4,14,27,38
1,4,14,28,38
1,4,14,29,36
1,4,14,30,36
1,4,14,31,36
1,4,14,32,36
1,4,14,33,38
1,4,14,34,36
1,4,14,35,36
1,4,14,36,38
1,4,14,37,44
1,4,14,38,36
1,4,14,39,36
1,4,14,40,40
1,4,14,41,38
1,4,14,42,36
1,4,14,43,40
1,4,14,44,40
1,4,14,45,36
1,4,14,46,40
1,4,14,47,32
1,4,14,48,38
1,4,14,49,42
1,4,14,50,40
1,4,14,51,38
1,4,14,52,36
1,4,14,53,40
1,4,14,54,38
1,4,14,55,42
1,4,14,56,42
1,4,14,57,38
1,4,14,58,34
1,4,14,59,40
1,4,14,60,34
1,4,14,61,36
1,4,14,62,34
1,4,14,63,36
2,0,0,0,68
2,0,0,1,38
2,0,0,2,42
2,0,0,3,38
2,0,0,4,40
2,0,0,5,40
2,0,0,6,34
2,0,0,7,36
2,0,0,8,64
2,0,0,9,68
2,0,0,10,70
2,0,0,11,70
2,0,0,12,62
2,0,0,13,64
2,0,0,14,76
2,0,0,15,74
2,0,0,16,72
2,0,0,17,68
2,0,0,18,76
2,0,0,19,68
2,0,0,20,66
2,0,0,21,62
2,0,0,22,72
2,0,0,23,68
2,0,0,24,66
2,0,0,25,68
2,0,0,26,76
2,0,0,27,78
2,0,0,28,68
2,0,0,29,48
2,0,0,30,70
2,0,0,31,72
2,0,0,32,74
2,0,0,33,54
2,0,0,34,62
2,0,0,35,68
2,0,0,36,72
2,0,0,37,76
2,0,0,38,64
2,0,0,39,66
2,0,0,40,70
2,0,0,41,76
2,0,0,42,64
2,0,0,43,66
2,0,0,44,70
2,0,0,45,76
2,0,0,46,74
2,0,0,47,68
2,0,0,48,84
2,0,0,49,68
2,0,0,50,64
2,0,0,51,66
2,0,0,52,76
2,0,0,53,74
2,0,0,54,70
2,0,0,55,62
2,0,0,56,74
2,0,0,57,76
2,0,0,58,68
2,0,0,59,64
2,0,0,60,72
2,0,0,61,74
2,0,0,62,66
2,0,0,63,68
2,0,1,0,40
2,0,1,1,38
2,0,1,2,34
2,0,1,3,34
2,0,1,4,40
2,0,1,5,38
2,0,1,6,36
2,0,1,7,36
2,0,1,8,36
2,0,1,9,34
2,0,1,10,34
2,0,1,11,36
2,0,1,12,36
2,0,1,13,38
2,0,1,14,38
2,0,1,15,38
2,0,1,16,36
2,0,1,17,36
2,0,1,18,34
2,0,1,19,34
2,0,1,20,36
2,0,1,21,36
2,0,1,22,36
2,0,1,23,36
2,0,1,24,36
2,0,1,25,34
2,0,1,26,34
2,0,1,27,38
2,0,1,28,34
2,0,1,29,36
2,0,1,30,36
2,0,1,31,36
2,0,1,32,36
2,0,1,33,34
2,0,1,34,34
2,0,1,35,36
2,0,1,36,40
2,0,1,37,36
2,0,1,38,38
2,0,1,39,36
2,0,1,40,36
2,0,1,41,40
2,0,1,42,40
2,0,1,43,38
2,0,1,44,36
2,0,1,45,36
2,0,1,46,36
2,0,1,47,38
2,0,1,48,36
2,0,1,49,38
2,0,1,50,36
2,0,1,51,36
2,0,1,52,36
2,0,1,53,36
2,0,1,54,32
2,0,1,55,40
2,0,1,56,42
2,0,1,57,34
2,0,1,58,38
2,0,1,59,38
2,0,1,60,32
2,0,1,61,36
2,0,1,62,34
2,0,1,63,32
2,0,2,0,40
2,0,2,1,34
2,0,2,2,38
2,0,2,3,34
2,0,2,4,36
2,0,2,5,38
2,0,2,6,34
2,0,2,7,36
2,0,2,8,36
2,0,2,9,38
2,0,2,10,36
2,0,2,11,48
2,0,2,12,36
2,0,2,13,34
2,0,2,14,38
2,0,2,15,40
2,0,2,16,38
2,0,2,17,38
2,0,2,18,38
2,0,2,19,36
2,0,2,20,32
2,0,2,21,34
2,0,2,22,36
2,0,2,23,36
2,0,2,24,34
2,0,2,25,36
2,0,2,26,38
2,0,2,27,36
2,0,2,28,38
2,0,2,29,34
2,0,2,30,32
2,0,2,31,36
2,0,2,32,36
2,0,2,33,36
2,0,2,34,38
2,0,2,35,32
2,0,2,36,36
2,0,2,37,36
2,0,2,38,34
2,0,2,39,36
2,0,2,40,36
2,0,2,41,36
2,0,2,42,40
2,0,2,43,36
2,0,2,44,36
2,0,2,45,38
2,0,2,46,42
2,0,2,47,34
2,0,2,48,36
2,0,2,49,38
2,0,2,50,36
2,0,2,51,36
2,0,2,52,38
2,0,2,53,38
2,0,2,54,38
2,0,2,55,34
2,0,2,56,34
2,0,2,57,34
2,0,2,58,36
2,0,2,59,36
2,0,2,60,36
2,0,2,61,34
2,0,2,62,36
2,0,2,63,32
2,0,3,0,36
2,0,3,1,34
2,0,3,2,36
2,0,3,3,36
2,0,3,4,38
2,0,3,5,34
2,0,3,6,40
2,0,3,7,38
2,0,3,8,36
2,0,3,9,36
2,0,3,10,36
2,0,3,11,40
2,0,3,12,36
2,0,3,13,36
2,0,3,14,36
2,0,3,15,38
2,0,3,16,36
2,0,3,17,40
2,0,3,18,36
2,0,3,19,40
2,0,3,20,38
2,0,3,21,40
2,0,3,22,38
2,0,3,23,32
2,0,3,24,36
2,0,3,25,34
2,0,3,26,40
2,0,3,27,38
2,0,3,28,36
2,0,3,29,36
2,0,3,30,36
2,0,3,31,36
2,0,3,32,34
2,0,3,33,36
2,0,3,34,36
2,0,3,35,36
2,0,3,36,32
2,0,3,37,42
2,0,3,38,36
2,0,3,39,38
2,0,3,40,40
2,0,3,41,36
2,0,3,42,38
2,0,3,43,36
2,0,3,44,38
2,0,3,45,40
2,0,3,46,36
2,0,3,47,36
2,0,3,48,36
2,0,3,49,40
2,0,3,50,38
2,0,3,51,40
2,0,3,52,38
2,0,3,53,36
2,0,3,54,34
2,0,3,55,36
2,0,3,56,40
2,0,3,57,38
2,0,3,58,34
2,0,3,59,38
2,0,3,60,36
2,0,3,61,38
2,0,3,62,36
2,0,3,63,36
2,0,4,0,36
2,0,4,1,38
2,0,4,2,38
2,0,4,3,40
2,0,4,4,36
2,0,4,5,34
2,0,4,6,34
2,0,4,7,38
2,0,4,8,36
2,0,4,9,36
2,0,4,10,40
2,0,4,11,36
2,0,4,12,40
2,0,4,13,36
2,0,4,14,36
2,0,4,15,36
2,0,4,16,46
2,0,4,17,36
2,0,4,18,40
2,0,4,19,36
2,0,4,20,36
2,0,4,21,34
2,0,4,22,36
2,0,4,23,36
2,0,4,24,34
2,0,4,25,36
2,0,4,26,38
2,0,4,27,36
2,0,4,28,40
2,0,4,29,36
2,0,4,30,34
2,0,4,31,38
2,0,4,32,34
2,0,4,33,32
2,0,4,34,36
2,0,4,35,40
2,0,4,36,40
2,0,4,37,36
2,0,4,38,36
2,0,4,39,38
2,0,4,40,36
2,0,4,41,36
2,0,4,42,38
2,0,4,43,38
2,0,4,44,36
2,0,4,45,36
2,0,4,46,38
2,0,4,47,38
2,0,4,48,34
2,0,4,49,34
2,0,4,50,40
2,0,4,51,42
2,0,4,52,36
2,0,4,53,40
2,0,4,54,36
2,0,4,55,38
2,0,4,56,36
2,0,4,57,32
2,0,4,58,36
2,0,4,59,38
2,0,4,60,34
2,0,4,61,38
2,0,4,62,36
2,0,4,63,38
2,0,5,0,34
2,0,5,1,36
2,0,5,2,36
2,0,5,3,36
2,0,5,4,38
2,0,5,5,36
2,0,5,6,34
2,0,5,7,36
2,0,5,8,34
2,0,5,9,36
2,0,5,10,34
2,0,5,11,34
2,0,5,12,38
2,0,5,13,34
2,0,5,14,38
2,0,5,15,32
2,0,5,16,42
2,0,5,17,40
2,0,5,18,34
2,0,5,19,36
2,0,5,20,38
2,0,5,21,40
2,0,5,22,36
2,0,5,23,36
2,0,5,24,36
2,0,5,25,42
2,0,5,26,40
2,0,5,27,36
2,0,5,28,36
2,0,5,29,34
2,0,5,30,36
2,0,5,31,40
2,0,5,32,36
2,0,5,33,34
2,0,5,34,36
2,0,5,35,38
2,0,5,36,36
2,0,5,37,32
2,0,5,38,40
2,0,5,39,34
2,0,5,40,36
2,0,5,41,38
2,0,5,42,34
2,0,5,43,38
2,0,5,44,32
2,0,5,45,36
2,0,5,46,38
2,0,5,47,40
2,0,5,48,34
2,0,5,49,36
2,0,5,50,42
2,0,5,51,34
2,0,5,52,38
2,0,5,53,38
2,0,5,54,32
2,0,5,55,40
2,0,5,56,38
2,0,5,57,36
2,0,5,58,38
2,0,5,59,38
2,0,5,60,36
2,0,5,61,34
2,0,5,62,34
2,0,5,63,36
2,0,6,0,36
2,0,6,1,36
2,0,6,2,38
2,0,6,3,36
2,0,6,4,38
2,0,6,5,34
2,0,6,6,38
2,0,6,7,40
2,0,6,8,36
2,0,6,9,34
2,0,6,10,36
2,0,6,11,40
2,0,6,12,40
2,0,6,13,34
2,0,6,14,38
2,0,6,15,36
2,0,6,16,40
2,0,6,17,36
2,0,6,18,34
2,0,6,19,38
2,0,6,20,36
2,0,6,21,36
2,0,6,22,36
2,0,6,23,36
2,0,6,24,38
2,0,6,25,36
2,0,6,26,42
2,0,6,27,36
2,0,6,28,36
2,0,6,29,38
2,0,6,30,34
2,0,6,31,36
2,0,6,32,36
2,0,6,33,36
2,0,6,34,36
2,0,6,35,42
2,0,6,36,32
2,0,6,37,38
2,0,6,38,42
2,0,6,39,36
2,0,6,40,38
2,0,6,41,38
2,0,6,42,40
2,0,6,43,36
2,0,6,44,42
2,0,6,45,34
2,0,6,46,38
2,0,6,47,36
2,0,6,48,44
2,0,6,49,34
2,0,6,50,34
2,0,6,51,38
2,0,6,52,38
2,0,6,53,38
2,0,6,54,36
2,0,6,55,36
2,0,6,56,36
2,0,6,57,36
2,0,6,58,38
2,0,6,59,38
2,0,6,60,34
2,0,6,61,36
2,0,6,62,40
2,0,6,63,36
2,0,7,0,34
2,0,7,1,38
2,0,7,2,38
2,0,7,3,36
2,0,7,4,36
2,0,7,5,48
2,0,7,6,36
2,0,7,7,36
2,0,7,8,40
2,0,7,9,38
2,0,7,10,36
2,0,7,11,36
2,0,7,12,34
2,0,7,13,36
2,0,7,14,36
2,0,7,15,36
2,0,7,16,40
2,0,7,17,36
2,0,7,18,34
2,0,7,19,34
2,0,7,20,38
2,0,7,21,32
2,0,7,22,36
2,0,7,23,38
2,0,7,24,32
2,0,7,25,34
2,0,7,26,34
2,0,7,27,40
2,0,7,28,34
2,0,7,29,38
2,0,7,30,38
2,0,7,31,38
2,0,7,32,36
2,0,7,33,36
2,0,7,34,38
2,0,7,35,36
2,0,7,36,40
2,0,7,37,38
2,0,7,38,34
2,0,7,39,38
2,0,7,40,38
2,0,7,41,38
2,0,7,42,38
2,0,7,43,36
2,0,7,44,36
2,0,7,45,40
2,0,7,46,38
2,0,7,47,36
2,0,7,48,38
2,0,7,49,38
2,0,7,50,40
2,0,7,51,38
2,0,7,52,36
2,0,7,53,36
2,0,7,54,40
2,0,7,55,38
2,0,7,56,36
2,0,7,57,38
2,0,7,58,36
2,0,7,59,36
2,0,7,60,36
2,0,7,61,38
2,0,7,62,40
2,0,7,63,34
2,0,8,0,36
2,0,8,1,36
2,0,8,2,36
2,0,8,3,34
2,0,8,4,36
2,0,8,5,38
2,0,8,6,36
2,0,8,7,36
2,0,8,8,36
2,0,8,9,38
2,0,8,10,34
2,0,8,11,34
2,0,8,12,36
2,0,8,13,36
2,0,8,14,40
2,0,8,15,40
2,0,8,16,38
2,0,8,17,36
2,0,8,18,38
2,0,8,19,36
2,0,8,20,38
2,0,8,21,36
2,0,8,22,38
2,0,8,23,40
2,0,8,24,38
2,0,8,25,38
2,0,8,26,36
2,0,8,27,38
2,0,8,28,38
2,0,8,29,40
2,0,8,30,42
2,0,8,31,34
2,0,8,32,36
2,0,8,33,36
2,0,8,34,38
2,0,8,35,36
2,0,8,36,38
2,0,8,37,36
2,0,8,38,34
2,0,8,39,42
2,0,8,40,38
2,0,8,41,36
2,0,8,42,34
2,0,8,43,38
2,0,8,44,40
2,0,8,45,38
2,0,8,46,36
2,0,8,47,36
2,0,8,48,36
2,0,8,49,34
2,0,8,50,42
2,0,8,51,36
2,0,8,52,38
2,0,8,53,36
2,0,8,54,38
2,0,8,55,40
2,0,8,56,36
2,0,8,57,34
2,0,8,58,40
2,0,8,59,34
2,0,8,60,38
2,0,8,61,38
2,0,8,62,38
2,0,8,63,38
2,0,9,0,36
2,0,9,1,38
2,0,9,2,38
2,0,9,3,38
2,0,9,4,36
2,0,9,5,40
2,0,9,6,38
2,0,9,7,36
2,0,9,8,36
2,0,9,9,36
2,0,9,10,36
2,0,9,11,34
2,0,9,12,40
2,0,9,13,36
2,0,9,14,34
2,0,9,15,36
2,0,9,16,38
2,0,9,17,36
2,0,9,18,38
2,0,9,19,36
2,0,9,20,34
2,0,9,21,34
2,0,9,22,32
2,0,9,23,36
2,0,9,24,34
2,0,9,25,36
2,0,9,26,36
2,0,9,27,36
2,0,9,28,38
2,0,9,29,36
2,0,9,30,38
2,0,9,31,36
2,0,9,32,34
2,0,9,33,38
2,0,9,34,36
2,0,9,35,40
2,0,9,36,40
2,0,9,37,36
2,0,9,38,38
2,0,9,39,42
2,0,9,40,36
2,0,9,41,36
2,0,9,42,40
2,0,9,43,36
2,0,9,44,34
2,0,9,45,36
2,0,9,46,38
2,0,9,47,36
2,0,9,48,40
2,0,9,49,38
2,0,9,50,36
2,0,9,51,40
2,0,9,52,44
2,0,9,53,38
2,0,9,54,36
2,0,9,55,36
2,0,9,56,40
2,0,9,57,38
2,0,9,58,40
2,0,9,59,34
2,0,9,60,34
2,0,9,61,38
2,0,9,62,34
2,0,9,63,36
2,0,10,0,34
2,0,10,1,38
2,0,10,2,34
2,0,10,3,36
2,0,10,4,38
2,0,10,5,38
2,0,10,6,36
2,0,10,7,36
2,0,10,8,32
2,0,10,9,34
2,0,10,10,38
2,0,10,11,40
2,0,10,12,38
2,0,10,13,38
2,0,10,14,42
2,0,10,15,36
2,0,10,16,36
2,0,10,17,38
2,0,10,18,40
2,0,10,19,38
2,0,10,20,36
2,0,10,21,38
2,0,10,22,38
2,0,10,23,38
2,0,10,24,34
2,0,10,25,36
2,0,10,26,36
2,0,10,27,38
2,0,10,28,42
2,0,10,29,36
2,0,10,30,38
2,0,10,31,38
2,0,10,32,34
2,0,10,33,36
2,0,10,34,38
2,0,10,35,38
2,0,10,36,36
2,0,10,37,34
2,0,10,38,36
2,0,10,39,34
2,0,10,40,34
2,0,10,41,36
2,0,10,42,40
2,0,10,43,34
2,0,10,44,38
2,0,10,45,40
2,0,10,46,38
2,0,10,47,38
2,0,10,48,36
2,0,10,49,36
2,0,10,50,38
2,0,10,51,36
2,0,10,52,36
2,0,10,53,36
2,0,10,54,40
2,0,10,55,36
2,0,10,56,36
2,0,10,57,36
2,0,10,58,38
2,0,10,59,38
2,0,10,60,40
2,0,10,61,38
2,0,10,62,34
2,0,10,63,38
2,0,11,0,34
2,0,11,1,32
2,0,11,2,38
2,0,11,3,34
2,0,11,4,36
2,0,11,5,38
2,0,11,6,34
2,0,11,7,38
2,0,11,8,36
2,0,11,9,36
2,0,11,10,36
2,0,11,11,36
2,0,11,12,34
2,0,11,13,46
2,0,11,14,36
2,0,11,15,32
2,0,11,16,38
2,0,11,17,38
2,0,11,18,38
2,0,11,19,36
2,0,11,20,36
2,0,11,21,36
2,0,11,22,38
2,0,11,23,36
2,0,11,24,36
2,0,11,25,38
2,0,11,26,34
2,0,11,27,38
2,0,11,28,36
2,0,11,29,34
2,0,11,30,36
2,0,11,31,36
2,0,11,32,36
2,0,11,33,36
2,0,11,34,40
2,0,11,35,38
2,0,11,36,38
2,0,11,37,36
2,0,11,38,36
2,0,11,39,34
2,0,11,40,36
2,0,11,41,38
2,0,11,42,34
2,0,11,43,38
2,0,11,44,36
2,0,11,45,38
2,0,11,46,34
2,0,11,47,36
2,0,11,48,36
2,0,11,49,36
2,0,11,50,36
2,0,11,51,38
2,0,11,52,38
2,0,11,53,38
2,0,11,54,40
2,0,11,55,42
2,0,11,56,38
2,0,11,57,36
2,0,11,58,34
2,0,11,59,38
2,0,11,60,36
2,0,11,61,36
2,0,11,62,40
2,0,11,63,34
2,0,12,0,38
2,0,12,1,40
2,0,12,2,36
2,0,12,3,36
2,0,12,4,40
2,0,12,5,36
2,0,12,6,36
2,0,12,7,32
2,0,12,8,36
2,0,12,9,36
2,0,12,10,38
2,0,12,11,36
2,0,12,12,36
2,0,12,13,38
2,0,12,14,36
2,0,12,15,34
2,0,12,16,36
2,0,12,17,36
2,0,12,18,38
2,0,12,19,38
2,0,12,20,36
2,0,12,21,38
2,0,12,22,36
2,0,12,23,38
2,0,12,24,36
2,0,12,25,36
2,0,12,26,36
2,0,12,27,36
2,0,12,28,38
2,0,12,29,34
2,0,12,30,40
2,0,12,31,36
2,0,12,32,38
2,0,12,33,40
2,0,12,34,38
2,0,12,35,36
2,0,12,36,36
2,0,12,37,34
2,0,12,38,36
2,0,12,39,38
2,0,12,40,36
2,0,12,41,32
2,0,12,42,34
2,0,12,43,40
2,0,12,44,34
2,0,12,45,48
2,0,12,46,38
2,0,12,47,38
2,0,12,48,34
2,0,12,49,42
2,0,12,50,34
2,0,12,51,36
2,0,12,52,38
2,0,12,53,36
2,0,12,54,40
2,0,12,55,34
2,0,12,56,32
2,0,12,57,34
2,0,12,58,36
2,0,12,59,36
2,0,12,60,34
2,0,12,61,36
2,0,12,62,38
2,0,12,63,36
2,0,13,0,38
2,0,13,1,34
2,0,13,2,32
2,0,13,3,36
2,0,13,4,36
2,0,13,5,40
2,0,13,6,36
2,0,13,7,38
2,0,13,8,36
2,0,13,9,36
2,0,13,10,34
2,0,13,11,36
2,0,13,12,36
2,0,13,13,40
2,0,13,14,36
2,0,13,15,36
2,0,13,16,36
2,0,13,17,36
2,0,13,18,36
2,0,13,19,36
2,0,13,20,34
2,0,13,21,36
2,0,13,22,36
2,0,13,23,36
2,0,13,24,38
2,0,13,25,38
2,0,13,26,36
2,0,13,27,34
2,0,13,28,36
2,0,13,29,38
2,0,13,30,34
2,0,13,31,38
2,0,13,32,36
2,0,13,33,34
2,0,13,34,36
2,0,13,35,34
2,0,13,36,36
2,0,13,37,36
2,0,13,38,36
2,0,13,39,38
2,0,13,40,36
2,0,13,41,34
2,0,13,42,38
2,0,13,43,36
2,0,13,44,36
2,0,13,45,36
2,0,13,46,34
2,0,13,47,38
2,0,13,48,38
2,0,13,49,38
2,0,13,50,36
2,0,13,51,36
2,0,13,52,36
2,0,13,53,38
2,0,13,54,38
2,0,13,55,38
2,0,13,56,36
2,0,13,57,36
2,0,13,58,32
2,0,13,59,36
2,0,13,60,40
2,0,13,61,36
2,0,13,62,38
2,0,13,63,34
2,0,14,0,40
2,0,14,1,36
2,0,14,2,32
2,0,14,3,36
2,0,14,4,40
2,0,14,5,40
2,0,14,6,36
2,0,14,7,36
2,0,14,8,36
2,0,14,9,34
2,0,14,10,38
2,0,14,11,38
2,0,14,12,36
2,0,14,13,38
2,0,14,14,40
2,0,14,15,38
2,0,14,16,38
2,0,14,17,38
2,0,14,18,36
2,0,14,19,36
2,0,14,20,40
2,0,14,21,40
2,0,14,22,36
2,0,14,23,34
2,0,14,24,38
2,0,14,25,36
2,0,14,26,36
2,0,14,27,36
2,0,14,28,36
2,0,14,29,36
2,0,14,30,36
2,0,14,31,34
2,0,14,32,34
2,0,14,33,38
2,0,14,34,40
2,0,14,35,36
2,0,14,36,32
2,0,14,37,36
2,0,14,38,34
2,0,14,39,38
2,0,14,40,38
2,0,14,41,36
2,0,14,42,38
2,0,14,43,36
2,0,14,44,40
2,0,14,45,36
2,0,14,46,40
2,0,14,47,36
2,0,14,48,36
2,0,14,49,36
2,0,14,50,40
2,0,14,51,32
2,0,14,52,42
2,0,14,53,40
2,0,14,54,38
2,0,14,55,46
2,0,14,56,34
2,0,14,57,34
2,0,14,58,38
2,0,14,59,40
2,0,14,60,36
2,0,14,61,36
2,0,14,62,40
2,0,14,63,42
2,1,0,0,40
2,1,0,1,38
2,1,0,2,36
2,1,0,3,36
2,1,0,4,36
2,1,0,5,36
2,1,0,6,36
2,1,0,7,38
2,1,0,8,40
2,1,0,9,40
2,1,0,10,34
2,1,0,11,38
2,1,0,12,40
2,1,0,13,40
2,1,0,14,34
2,1,0,15,40
2,1,0,16,40
2,1,0,17,36
2,1,0,18,36
2,1,0,19,40
2,1,0,20,38
2,1,0,21,40
2,1,0,22,38
2,1,0,23,36
2,1,0,24,36
2,1,0,25,38
2,1,0,26,36
2,1,0,27,40
2,1,0,28,38
2,1,0,29,38
2,1,0,30,34
2,1,0,31,34
2,1,0,32,36
2,1,0,33,40
2,1,0,34,38
2,1,0,35,36
2,1,0,36,34
2,1,0,37,36
2,1,0,38,40
2,1,0,39,36
2,1,0,40,38
2,1,0,41,76
2,1,0,42,60
2,1,0,43,74
2,1,0,44,38
2,1,0,45,38
2,1,0,46,38
2,1,0,47,34
2,1,0,48,36
2,1,0,49,40
2,1,0,50,36
2,1,0,51,36
2,1,0,52,42
2,1,0,53,36
2,1,0,54,38
2,1,0,55,36
2,1,0,56,36
2,1,0,57,38
2,1,0,58,34
2,1,0,59,40
2,1,0,60,36
2,1,0,61,38
2,1,0,62,38
2,1,0,63,38
2,1,1,0,36
2,1,1,1,38
2,1,1,2,38
2,1,1,3,38
2,1,1,4,38
2,1,1,5,36
2,1,1,6,36
2,1,1,7,36
2,1,1,8,36
2,1,1,9,34
2,1,1,10,36
2,1,1,11,36
2,1,1,12,36
2,1,1,13,36
2,1,1,14,36
2,1,1,15,36
2,1,1,16,40
2,1,1,17,36
2,1,1,18,38
2,1,1,19,40
2,1,1,20,38
2,1,1,21,36
2,1,1,22,36
2,1,1,23,38
2,1,1,24,40
2,1,1,25,38
2,1,1,26,36
2,1,1,27,36
2,1,1,28,38
2,1,1,29,38
2,1,1,30,38
2,1,1,31,40
2,1,1,32,36
2,1,1,33,36
2,1,1,34,38
2,1,1,35,42
2,1,1,36,38
2,1,1,37,36
2,1,1,38,36
2,1,1,39,36
2,1,1,40,40
2,1,1,41,34
2,1,1,42,36
2,1,1,43,40
2,1,1,44,70
2,1,1,45,42
2,1,1,46,38
2,1,1,47,40
2,1,1,48,34
2,1,1,49,36
2,1,1,50,40
2,1,1,51,36
2,1,1,52,34
2,1,1,53,40
2,1,1,54,38
2,1,1,55,38
2,1,1,56,36
2,1,1,57,36
2,1,1,58,38
2,1,1,59,38
2,1,1,60,38
2,1,1,61,36
2,1,1,62,36
2,1,1,63,40
2,1,2,0,36
2,1,2,1,36
2,1,2,2,36
2,1,2,3,38
2,1,2,4,40
2,1,2,5,36
2,1,2,6,38
2,1,2,7,38
2,1,2,8,40
2,1,2,9,36
2,1,2,10,40
2,1,2,11,34
2,1,2,12,36
2,1,2,13,34
2,1,2,14,38
2,1,2,15,40
2,1,2,16,34
2,1,2,17,40
2,1,2,18,36
2,1,2,19,36
2,1,2,20,36
2,1,2,21,36
2,1,2,22,36
2,1,2,23,40
2,1,2,24,38
2,1,2,25,38
2,1,2,26,36
2,1,2,27,38
2,1,2,28,40
2,1,2,29,36
2,1,2,30,40
2,1,2,31,36
2,1,2,32,36
2,1,2,33,38
2,1,2,34,36
2,1,2,35,38
2,1,2,36,36
2,1,2,37,36
2,1,2,38,36
2,1,2,39,36
2,1,2,40,40
2,1,2,41,36
2,1,2,42,36
2,1,2,43,38
2,1,2,44,36
2,1,2,45,40
2,1,2,46,38
2,1,2,47,38
2,1,2,48,42
2,1,2,49,36
2,1,2,50,36
2,1,2,51,36
2,1,2,52,36
2,1,2,53,40
2,1,2,54,40
2,1,2,55,40
2,1,2,56,38
2,1,2,57,36
2,1,2,58,36
2,1,2,59,34
2,1,2,60,36
2,1,2,61,36
2,1,2,62,36
2,1,2,63,36
2,1,3,0,36
2,1,3,1,38
2,1,3,2,36
2,1,3,3,36
2,1,3,4,40
2,1,3,5,36
2,1,3,6,36
2,1,3,7,34
2,1,3,8,40
2,1,3,9,38
2,1,3,10,40
2,1,3,11,36
2,1,3,12,36
2,1,3,13,38
2,1,3,14,38
2,1,3,15,36
2,1,3,16,38
2,1,3,17,36
2,1,3,18,36
2,1,3,19,34
2,1,3,20,36
2,1,3,21,38
2,1,3,22,38
2,1,3,23,34
2,1,3,24,34
2,1,3,25,36
2,1,3,26,34
2,1,3,27,40
2,1,3,28,36
2,1,3,29,40
2,1,3,30,36
2,1,3,31,36
2,1,3,32,38
2,1,3,33,40
2,1,3,34,36
2,1,3,35,36
2,1,3,36,36
2,1,3,37,36
2,1,3,38,40
2,1,3,39,36
2,1,3,40,38
2,1,3,41,38
2,1,3,42,32
2,1,3,43,34
2,1,3,44,38
2,1,3,45,40
2,1,3,46,36
2,1,3,47,34
2,1,3,48,38
2,1,3,49,36
2,1,3,50,36
2,1,3,51,38
2,1,3,52,38
2,1,3,53,36
2,1,3,54,40
2,1,3,55,36
2,1,3,56,36
2,1,3,57,32
2,1,3,58,40
2,1,3,59,40
2,1,3,60,40
2,1,3,61,36
2,1,3,62,36
2,1,3,63,34
2,1,4,0,38
2,1,4,1,36
2,1,4,2,48
2,1,4,3,40
2,1,4,4,34
2,1,4,5,34
2,1,4,6,36
2,1,4,7,36
2,1,4,8,38
2,1,4,9,34
2,1,4,10,34
2,1,4,11,40
2,1,4,12,34
2,1,4,13,36
2,1,4,14,36
2,1,4,15,36
2,1,4,16,40
2,1,4,17,36
2,1,4,18,38
2,1,4,19,36
2,1,4,20,38
2,1,4,21,34
2,1,4,22,36
2,1,4,23,38
2,1,4,24,38
2,1,4,25,36
2,1,4,26,38
2,1,4,27,36
2,1,4,28,36
2,1,4,29,42
2,1,4,30,36
2,1,4,31,40
2,1,4,32,36
2,1,4,33,38
2,1,4,34,36
2,1,4,35,36
2,1,4,36,36
2,1,4,37,36
2,1,4,38,38
2,1,4,39,36
2,1,4,40,34
2,1,4,41,36
2,1,4,42,36
2,1,4,43,40
2,1,4,44,36
2,1,4,45,42
2,1,4,46,38
2,1,4,47,36
2,1,4,48,34
2,1,4,49,34
2,1,4,50,36
2,1,4,51,36
2,1,4,52,40
2,1,4,53,38
2,1,4,54,34
2,1,4,55,40
2,1,4,56,36
2,1,4,57,38
2,1,4,58,36
2,1,4,59,36
2,1,4,60,34
2,1,4,61,34
2,1,4,62,40
2,1,4,63,38
2,1,5,0,40
2,1,5,1,36
2,1,5,2,42
2,1,5,3,36
2,1,5,4,38
2,1,5,5,36
2,1,5,6,38
2,1,5,7,38
2,1,5,8,38
2,1,5,9,36
2,1,5,10,40
2,1,5,11,36
2,1,5,12,40
2,1,5,13,36
2,1,5,14,40
2,1,5,15,36
2,1,5,16,40
2,1,5,17,38
2,1,5,18,32
2,1,5,19,36
2,1,5,20,36
2,1,5,21,36
2,1,5,22,36
2,1,5,23,38
2,1,5,24,40
2,1,5,25,38
2,1,5,26,36
2,1,5,27,36
2,1,5,28,32
2,1,5,29,32
2,1,5,30,36
2,1,5,31,38
2,1,5,32,36
2,1,5,33,34
2,1,5,34,40
2,1,5,35,38
2,1,5,36,36
2,1,5,37,32
2,1,5,38,34
2,1,5,39,40
2,1,5,40,36
2,1,5,41,36
2,1,5,42,40
2,1,5,43,40
2,1,5,44,36
2,1,5,45,36
2,1,5,46,40
2,1,5,47,36
2,1,5,48,36
2,1,5,49,40
2,1,5,50,34
2,1,5,51,38
2,1,5,52,36
2,1,5,53,36
2,1,5,54,40
2,1,5,55,32
2,1,5,56,36
2,1,5,57,36
2,1,5,58,38
2,1,5,59,34
2,1,5,60,34
2,1,5,61,36
2,1,5,62,34
2,1,5,63,36
2,1,6,0,36
2,1,6,1,36
2,1,6,2,38
2,1,6,3,40
2,1,6,4,40
2,1,6,5,34
2,1,6,6,38
2,1,6,7,36
2,1,6,8,40
2,1,6,9,36
2,1,6,10,34
2,1,6,11,40
2,1,6,12,36
2,1,6,13,34
2,1,6,14,40
2,1,6,15,40
2,1,6,16,40
2,1,6,17,40
2,1,6,18,38
2,1,6,19,38
2,1,6,20,36
2,1,6,21,38
2,1,6,22,36
2,1,6,23,40
2,1,6,24,38
2,1,6,25,36
2,1,6,26,34
2,1,6,27,34
2,1,6,28,38
2,1,6,29,36
2,1,6,30,40
2,1,6,31,40
2,1,6,32,40
2,1,6,33,40
2,1,6,34,34
2,1,6,35,36
2,1,6,36,40
2,1,6,37,40
2,1,6,38,40
2,1,6,39,32
2,1,6,40,38
2,1,6,41,34
2,1,6,42,34
2,1,6,43,38
2,1,6,44,42
2,1,6,45,42
2,1,6,46,34
2,1,6,47,36
2,1,6,48,40
2,1,6,49,36
2,1,6,50,40
2,1,6,51,38
2,1,6,52,40
2,1,6,53,40
2,1,6,54,42
2,1,6,55,40
2,1,6,56,36
2,1,6,57,40
2,1,6,58,36
2,1,6,59,38
2,1,6,60,38
2,1,6,61,38
2,1,6,62,44
2,1,6,63,36
2,1,7,0,38
2,1,7,1,50
2,1,7,2,36
2,1,7,3,38
2,1,7,4,36
2,1,7,5,32
2,1,7,6,36
2,1,7,7,36
2,1,7,8,42
2,1,7,9,36
2,1,7,10,38
2,1,7,11,38
2,1,7,12,36
2,1,7,13,38
2,1,7,14,34
2,1,7,15,36
2,1,7,16,32
2,1,7,17,42
2,1,7,18,36
2,1,7,19,36
2,1,7,20,36
2,1,7,21,34
2,1,7,22,34
2,1,7,23,40
2,1,7,24,36
2,1,7,25,40
2,1,7,26,36
2,1,7,27,40
2,1,7,28,38
2,1,7,29,36
2,1,7,30,38
2,1,7,31,36
2,1,7,32,34
2,1,7,33,36
2,1,7,34,34
2,1,7,35,34
2,1,7,36,36
2,1,7,37,38
2,1,7,38,34
2,1,7,39,36
2,1,7,40,38
2,1,7,41,36
2,1,7,42,36
2,1,7,43,38
2,1,7,44,34
2,1,7,45,36
2,1,7,46,34
2,1,7,47,38
2,1,7,48,38
2,1,7,49,38
2,1,7,50,38
2,1,7,51,38
2,1,7,52,34
2,1,7,53,34
2,1,7,54,34
2,1,7,55,42
2,1,7,56,38
2,1,7,57,38
2,1,7,58,38
2,1,7,59,40
2,1,7,60,38
2,1,7,61,38
2,1,7,62,36
2,1,7,63,36
2,1,8,0,36
2,1,8,1,36
2,1,8,2,38
2,1,8,3,34
2,1,8,4,36
2,1,8,5,34
2,1,8,6,38
2,1,8,7,40
2,1,8,8,38
2,1,8,9,36
2,1,8,10,38
2,1,8,11,42
2,1,8,12,34
2,1,8,13,38
2,1,8,14,34
2,1,8,15,36
2,1,8,16,34
2,1,8,17,36
2,1,8,18,36
2,1,8,19,38
2,1,8,20,32
2,1,8,21,36
2,1,8,22,36
2,1,8,23,36
2,1,8,24,38
2,1,8,25,34
2,1,8,26,36
2,1,8,27,38
2,1,8,28,42
2,1,8,29,36
2,1,8,30,34
2,1,8,31,36
2,1,8,32,34
2,1,8,33,40
2,1,8,34,34
2,1,8,35,38
2,1,8,36,34
2,1,8,37,34
2,1,8,38,40
2,1,8,39,38
2,1,8,40,36
2,1,8,41,32
2,1,8,42,36
2,1,8,43,36
2,1,8,44,36
2,1,8,45,34
2,1,8,46,36
2,1,8,47,36
2,1,8,48,40
2,1,8,49,34
2,1,8,50,32
2,1,8,51,38
2,1,8,52,38
2,1,8,53,36
2,1,8,54,36
2,1,8,55,38
2,1,8,56,36
2,1,8,57,38
2,1,8,58,36
2,1,8,59,42
2,1,8,60,36
2,1,8,61,34
2,1,8,62,42
2,1,8,63,38
2,1,9,0,36
2,1,9,1,38
2,1,9,2,38
2,1,9,3,40
2,1,9,4,36
2,1,9,5,38
2,1,9,6,38
2,1,9,7,36
2,1,9,8,36
2,1,9,9,36
2,1,9,10,40
2,1,9,11,38
2,1,9,12,42
2,1,9,13,38
2,1,9,14,42
2,1,9,15,36
2,1,9,16,34
2,1,9,17,38
2,1,9,18,36
2,1,9,19,36
2,1,9,20,36
2,1,9,21,36
2,1,9,22,34
2,1,9,23,36
2,1,9,24,34
2,1,9,25,34
2,1,9,26,38
2,1,9,27,36
2,1,9,28,36
2,1,9,29,36
2,1,9,30,34
2,1,9,31,34
2,1,9,32,36
2,1,9,33,38
2,1,9,34,38
2,1,9,35,38
2,1,9,36,48
2,1,9,37,36
2,1,9,38,36
2,1,9,39,42
2,1,9,40,34
2,1,9,41,38
2,1,9,42,36
2,1,9,43,34
2,1,9,44,38
2,1,9,45,40
2,1,9,46,36
2,1,9,47,36
2,1,9,48,38
2,1,9,49,38
2,1,9,50,38
2,1,9,51,32
2,1,9,52,40
2,1,9,53,32
2,1,9,54,34
2,1,9,55,34
2,1,9,56,36
2,1,9,57,38
2,1,9,58,36
2,1,9,59,40
2,1,9,60,36
2,1,9,61,38
2,1,9,62,36
2,1,9,63,34
2,1,10,0,34
2,1,10,1,34
2,1,10,2,36
2,1,10,3,38
2,1,10,4,40
2,1,10,5,36
2,1,10,6,36
2,1,10,7,34
2,1,10,8,38
2,1,10,9,34
2,1,10,10,38
2,1,10,11,34
2,1,10,12,38
2,1,10,13,36
2,1,10,14,38
2,1,10,15,34
2,1,10,16,36
2,1,10,17,36
2,1,10,18,36
2,1,10,19,36
2,1,10,20,36
2,1,10,21,36
2,1,10,22,36
2,1,10,23,40
2,1,10,24,36
2,1,10,25,40
2,1,10,26,34
2,1,10,27,36
2,1,10,28,36
2,1,10,29,40
2,1,10,30,34
2,1,10,31,38
2,1,10,32,38
2,1,10,33,34
2,1,10,34,36
2,1,10,35,40
2,1,10,36,40
2,1,10,37,36
2,1,10,38,36
2,1,10,39,34
2,1,10,40,34
2,1,10,41,34
2,1,10,42,36
2,1,10,43,38
2,1,10,44,36
2,1,10,45,38
2,1,10,46,36
2,1,10,47,38
2,1,10,48,40
2,1,10,49,34
2,1,10,50,38
2,1,10,51,34
2,1,10,52,36
2,1,10,53,36
2,1,10,54,40
2,1,10,55,38
2,1,10,56,36
2,1,10,57,38
2,1,10,58,40
2,1,10,59,40
2,1,10,60,38
2,1,10,61,40
2,1,10,62,36
2,1,10,63,32
2,1,11,0,42
2,1,11,1,36
2,1,11,2,32
2,1,11,3,38
2,1,11,4,36
2,1,11,5,34
2,1,11,6,36
2,1,11,7,36
2,1,11,8,36
2,1,11,9,38
2,1,11,10,38
2,1,11,11,32
2,1,11,12,36
2,1,11,13,36
2,1,11,14,36
2,1,11,15,34
2,1,11,16,36
2,1,11,17,36
2,1,11,18,34
2,1,11,19,38
2,1,11,20,38
2,1,11,21,36
2,1,11,22,40
2,1,11,23,38
2,1,11,24,34
2,1,11,25,38
2,1,11,26,42
2,1,11,27,34
2,1,11,28,38
2,1,11,29,34
2,1,11,30,42
2,1,11,31,34
2,1,11,32,38
2,1,11,33,36
2,1,11,34,36
2,1,11,35,38
2,1,11,36,38
2,1,11,37,34
2,1,11,38,40
2,1,11,39,36
2,1,11,40,34
2,1,11,41,38
2,1,11,42,36
2,1,11,43,36
2,1,11,44,36
2,1,11,45,36
2,1,11,46,38
2,1,11,47,40
2,1,11,48,38
2,1,11,49,40
2,1,11,50,36
2,1,11,51,36
2,1,11,52,34
2,1,11,53,36
2,1,11,54,40
2,1,11,55,38
2,1,11,56,32
2,1,11,57,34
2,1,11,58,34
2,1,11,59,42
2,1,11,60,36
2,1,11,61,38
2,1,11,62,38
2,1,11,63,36
2,1,12,0,38
2,1,12,1,40
2,1,12,2,38
2,1,12,3,38
2,1,12,4,34
2,1,12,5,36
2,1,12,6,34
2,1,12,7,38
2,1,12,8,36
2,1,12,9,38
2,1,12,10,36
2,1,12,11,36
2,1,12,12,34
2,1,12,13,40
2,1,12,14,36
2,1,12,15,36
2,1,12,16,40
2,1,12,17,40
2,1,12,18,34
2,1,12,19,36
2,1,12,20,38
2,1,12,21,36
2,1,12,22,38
2,1,12,23,38
2,1,12,24,36
2,1,12,25,38
2,1,12,26,36
2,1,12,27,36
2,1,12,28,38
2,1,12,29,40
2,1,12,30,34
2,1,12,31,40
2,1,12,32,36
2,1,12,33,36
2,1,12,34,40
2,1,12,35,36
2,1,12,36,34
2,1,12,37,38
2,1,12,38,38
2,1,12,39,36
2,1,12,40,38
2,1,12,41,36
2,1,12,42,38
2,1,12,43,34
2,1,12,44,38
2,1,12,45,36
2,1,12,46,36
2,1,12,47,34
2,1,12,48,36
2,1,12,49,36
2,1,12,50,36
2,1,12,51,34
2,1,12,52,40
2,1,12,53,40
2,1,12,54,34
2,1,12,55,36
2,1,12,56,36
2,1,12,57,38
2,1,12,58,40
2,1,12,59,38
2,1,12,60,38
2,1,12,61,36
2,1,12,62,38
2,1,12,63,38
2,1,13,0,40
2,1,13,1,38
2,1,13,2,36
2,1,13,3,38
2,1,13,4,38
2,1,13,5,38
2,1,13,6,36
2,1,13,7,36
2,1,13,8,36
2,1,13,9,36
2,1,13,10,36
2,1,13,11,36
2,1,13,12,38
2,1,13,13,36
2,1,13,14,36
2,1,13,15,34
2,1,13,16,42
2,1,13,17,32
2,1,13,18,38
2,1,13,19,40
2,1,13,20,38
2,1,13,21,34
2,1,13,22,36
2,1,13,23,34
2,1,13,24,38
2,1,13,25,34
2,1,13,26,36
2,1,13,27,36
2,1,13,28,32
2,1,13,29,36
2,1,13,30,36
2,1,13,31,34
2,1,13,32,34
2,1,13,33,46
2,1,13,34,36
2,1,13,35,38
2,1,13,36,36
2,1,13,37,42
2,1,13,38,34
2,1,13,39,40
2,1,13,40,38
2,1,13,41,38
2,1,13,42,42
2,1,13,43,34
2,1,13,44,36
2,1,13,45,36
2,1,13,46,34
2,1,13,47,34
2,1,13,48,34
2,1,13,49,36
2,1,13,50,38
2,1,13,51,36
2,1,13,52,38
2,1,13,53,38
2,1,13,54,36
2,1,13,55,36
2,1,13,56,42
2,1,13,57,40
2,1,13,58,38
2,1,13,59,40
2,1,13,60,42
2,1,13,61,38
2,1,13,62,38
2,1,13,63,36
2,1,14,0,36
2,1,14,1,38
2,1,14,2,36
2,1,14,3,42
2,1,14,4,42
2,1,14,5,36
2,1,14,6,40
2,1,14,7,36
2,1,14,8,36
2,1,14,9,40
2,1,14,10,36
2,1,14,11,36
2,1,14,12,38
2,1,14,13,40
2,1,14,14,40
2,1,14,15,38
2,1,14,16,36
2,1,14,17,34
2,1,14,18,38
2,1,14,19,34
2,1,14,20,38
2,1,14,21,40
2,1,14,22,32
2,1,14,23,40
2,1,14,24,32
2,1,14,25,36
2,1,14,26,36
2,1,14,27,36
2,1,14,28,34
2,1,14,29,36
2,1,14,30,34
2,1,14,31,40
2,1,14,32,40
2,1,14,33,36
2,1,14,34,40
2,1,14,35,38
2,1,14,36,40
2,1,14,37,36
2,1,14,38,36
2,1,14,39,38
2,1,14,40,36
2,1,14,41,42
2,1,14,42,40
2,1,14,43,34
2,1,14,44,38
2,1,14,45,38
2,1,14,46,34
2,1,14,47,34
2,1,14,48,36
2,1,14,49,38
2,1,14,50,36
2,1,14,51,34
2,1,14,52,36
2,1,14,53,36
2,1,14,54,38
2,1,14,55,36
2,1,14,56,34
2,1,14,57,34
2,1,14,58,46
2,1,14,59,38
2,1,14,60,36
2,1,14,61,32
2,1,14,62,36
2,1,14,63,38
2,2,0,0,62
2,2,0,1,34
2,2,0,2,76
2,2,0,3,208
2,2,0,4,62
2,2,0,5,34
2,2,0,6,48
2,2,0,7,38
2,2,0,8,36
2,2,0,9,72
2,2,0,10,40
2,2,0,11,76
2,2,0,12,66
2,2,0,13,212
2,2,0,14,72
2,2,0,15,68
2,2,0,16,66
2,2,0,17,36
2,2,0,18,72
2,2,0,19,40
2,2,0,20,68
2,2,0,21,64
2,2,0,22,72
2,2,0,23,72
2,2,0,24,64
2,2,0,25,66
2,2,0,26,74
2,2,0,27,68
2,2,0,28,68
2,2,0,29,66
2,2,0,30,76
2,2,0,31,76
2,2,0,32,68
2,2,0,33,76
2,2,0,34,66
2,2,0,35,66
2,2,0,36,38
2,2,0,37,84
2,2,0,38,38
2,2,0,39,36
2,2,0,40,74
2,2,0,41,72
2,2,0,42,62
2,2,0,43,70
2,2,0,44,70
2,2,0,45,72
2,2,0,46,68
2,2,0,47,70
2,2,0,48,40
2,2,0,49,40
2,2,0,50,38
2,2,0,51,66
2,2,0,52,74
2,2,0,53,68
2,2,0,54,68
2,2,0,55,62
2,2,0,56,70
2,2,0,57,74
2,2,0,58,66
2,2,0,59,66
2,2,0,60,112
2,2,0,61,70
2,2,0,62,68
2,2,0,63,66
2,2,1,0,36
2,2,1,1,38
2,2,1,2,36
2,2,1,3,36
2,2,1,4,36
2,2,1,5,34
2,2,1,6,36
2,2,1,7,38
2,2,1,8,36
2,2,1,9,36
2,2,1,10,36
2,2,1,11,34
2,2,1,12,36
2,2,1,13,34
2,2,1,14,34
2,2,1,15,34
2,2,1,16,36
2,2,1,17,36
2,2,1,18,38
2,2,1,19,40
2,2,1,20,38
2,2,1,21,38
2,2,1,22,38
2,2,1,23,36
2,2,1,24,34
2,2,1,25,36
2,2,1,26,40
2,2,1,27,34
2,2,1,28,50
2,2,1,29,36
2,2,1,30,38
2,2,1,31,42
2,2,1,32,36
2,2,1,33,38
2,2,1,34,34
2,2,1,35,38
2,2,1,36,36
2,2,1,37,38
2,2,1,38,38
2,2,1,39,36
2,2,1,40,38
2,2,1,41,38
2,2,1,42,34
2,2,1,43,38
2,2,1,44,36
2,2,1,45,34
2,2,1,46,38
2,2,1,47,36
2,2,1,48,36
2,2,1,49,40
2,2,1,50,40
2,2,1,51,38
2,2,1,52,36
2,2,1,53,40
2,2,1,54,36
2,2,1,55,36
2,2,1,56,38
2,2,1,57,40
2,2,1,58,32
2,2,1,59,38
2,2,1,60,36
2,2,1,61,34
2,2,1,62,38
2,2,1,63,38
2,2,2,0,40
2,2,2,1,40
2,2,2,2,40
2,2,2,3,36
2,2,2,4,36
2,2,2,5,36
2,2,2,6,38
2,2,2,7,36
2,2,2,8,36
2,2,2,9,38
2,2,2,10,38
2,2,2,11,36
2,2,2,12,38
2,2,2,13,36
2,2,2,14,42
2,2,2,15,36
2,2,2,16,40
2,2,2,17,38
2,2,2,18,32
2,2,2,19,36
2,2,2,20,38
2,2,2,21,34
2,2,2,22,38
2,2,2,23,42
2,2,2,24,36
2,2,2,25,40
2,2,2,26,42
2,2,2,27,38
2,2,2,28,38
2,2,2,29,38
2,2,2,30,42
2,2,2,31,38
2,2,2,32,38
2,2,2,33,34
2,2,2,34,38
2,2,2,35,40
2,2,2,36,38
2,2,2,37,34
2,2,2,38,36
2,2,2,39,38
2,2,2,40,40
2,2,2,41,34
2,2,2,42,36
2,2,2,43,36
2,2,2,44,34
2,2,2,45,36
2,2,2,46,36
2,2,2,47,36
2,2,2,48,40
2,2,2,49,36
2,2,2,50,36
2,2,2,51,36
2,2,2,52,42
2,2,2,53,38
2,2,2,54,36
2,2,2,55,40
2,2,2,56,34
2,2,2,57,38
2,2,2,58,38
2,2,2,59,36
2,2,2,60,40
2,2,2,61,32
2,2,2,62,40
2,2,2,63,36
2,2,3,0,38
2,2,3,1,38
2,2,3,2,38
2,2,3,3,38
2,2,3,4,36
2,2,3,5,38
2,2,3,6,36
2,2,3,7,40
2,2,3,8,40
2,2,3,9,36
2,2,3,10,36
2,2,3,11,34
2,2,3,12,46
2,2,3,13,36
2,2,3,14,36
2,2,3,15,32
2,2,3,16,36
2,2,3,17,40
2,2,3,18,36
2,2,3,19,36
2,2,3,20,38
2,2,3,21,40
2,2,3,22,36
2,2,3,23,36
2,2,3,24,36
2,2,3,25,38
2,2,3,26,36
2,2,3,27,40
2,2,3,28,38
2,2,3,29,38
2,2,3,30,38
2,2,3,31,34
2,2,3,32,38
2,2,3,33,38
2,2,3,34,36
2,2,3,35,36
2,2,3,36,40
2,2,3,37,36
2,2,3,38,36
2,2,3,39,34
2,2,3,40,34
2,2,3,41,36
2,2,3,42,36
2,2,3,43,38
2,2,3,44,36
2,2,3,45,40
2,2,3,46,40
2,2,3,47,36
2,2,3,48,38
2,2,3,49,34
2,2,3,50,32
2,2,3,51,36
2,2,3,52,36
2,2,3,53,36
2,2,3,54,38
2,2,3,55,40
2,2,3,56,36
2,2,3,57,38
2,2,3,58,40
2,2,3,59,36
2,2,3,60,36
2,2,3,61,40
2,2,3,62,36
2,2,3,63,36
2,2,4,0,34
2,2,4,1,34
2,2,4,2,38
2,2,4,3,34
2,2,4,4,34
2,2,4,5,36
2,2,4,6,34
2,2,4,7,36
2,2,4,8,36
2,2,4,9,38
2,2,4,10,32
2,2,4,11,36
2,2,4,12,42
2,2,4,13,40
2,2,4,14,36
2,2,4,15,34
2,2,4,16,34
2,2,4,17,36
2,2,4,18,34
2,2,4,19,38
2,2,4,20,38
2,2,4,21,38
2,2,4,22,34
2,2,4,23,36
2,2,4,24,40
2,2,4,25,34
2,2,4,26,36
2,2,4,27,36
2,2,4,28,36
2,2,4,29,36
2,2,4,30,36
2,2,4,31,34
2,2,4,32,34
2,2,4,33,40
2,2,4,34,38
2,2,4,35,38
2,2,4,36,36
2,2,4,37,38
2,2,4,38,36
2,2,4,39,36
2,2,4,40,34
2,2,4,41,38
2,2,4,42,38
2,2,4,43,42
2,2,4,44,38
2,2,4,45,34
2,2,4,46,36
2,2,4,47,36
2,2,4,48,40
2,2,4,49,36
2,2,4,50,34
2,2,4,51,38
2,2,4,52,34
2,2,4,53,34
2,2,4,54,38
2,2,4,55,34
2,2,4,56,34
2,2,4,57,36
2,2,4,58,38
2,2,4,59,38
2,2,4,60,34
2,2,4,61,38
2,2,4,62,36
2,2,4,63,40
2,2,5,0,40
2,2,5,1,38
2,2,5,2,40
2,2,5,3,36
2,2,5,4,36
2,2,5,5,36
2,2,5,6,40
2,2,5,7,40
2,2,5,8,38
2,2,5,9,32
2,2,5,10,36
2,2,5,11,36
2,2,5,12,38
2,2,5,13,38
2,2,5,14,36
2,2,5,15,36
2,2,5,16,40
2,2,5,17,36
2,2,5,18,38
2,2,5,19,40
2,2,5,20,38
2,2,5,21,36
2,2,5,22,40
2,2,5,23,34
2,2,5,24,40
2,2,5,25,38
2,2,5,26,36
2,2,5,27,36
2,2,5,28,38
2,2,5,29,40
2,2,5,30,36
2,2,5,31,36
2,2,5,32,34
2,2,5,33,34
2,2,5,34,36
2,2,5,35,34
2,2,5,36,34
2,2,5,37,34
2,2,5,38,36
2,2,5,39,38
2,2,5,40,40
2,2,5,41,36
2,2,5,42,34
2,2,5,43,40
2,2,5,44,46
2,2,5,45,42
2,2,5,46,36
2,2,5,47,40
2,2,5,48,36
2,2,5,49,40
2,2,5,50,38
2,2,5,51,38
2,2,5,52,40
2,2,5,53,38
2,2,5,54,36
2,2,5,55,36
2,2,5,56,38
2,2,5,57,32
2,2,5,58,32
2,2,5,59,36
2,2,5,60,38
2,2,5,61,36
2,2,5,62,38
2,2,5,63,38
2,2,6,0,34
2,2,6,1,38
2,2,6,2,38
2,2,6,3,38
2,2,6,4,40
2,2,6,5,36
2,2,6,6,40
2,2,6,7,38
2,2,6,8,34
2,2,6,9,40
2,2,6,10,38
2,2,6,11,40
2,2,6,12,40
2,2,6,13,38
2,2,6,14,38
2,2,6,15,36
2,2,6,16,40
2,2,6,17,36
2,2,6,18,34
2,2,6,19,40
2,2,6,20,42
2,2,6,21,36
2,2,6,22,36
2,2,6,23,38
2,2,6,24,36
2,2,6,25,36
2,2,6,26,40
2,2,6,27,38
2,2,6,28,34
2,2,6,29,40
2,2,6,30,40
2,2,6,31,38
2,2,6,32,42
2,2,6,33,36
2,2,6,34,36
2,2,6,35,36
2,2,6,36,36
2,2,6,37,36
2,2,6,38,40
2,2,6,39,42
2,2,6,40,36
2,2,6,41,38
2,2,6,42,40
2,2,6,43,34
2,2,6,44,36
2,2,6,45,42
2,2,6,46,34
2,2,6,47,36
2,2,6,48,38
2,2,6,49,36
2,2,6,50,40
2,2,6,51,36
2,2,6,52,40
2,2,6,53,38
2,2,6,54,36
2,2,6,55,38
2,2,6,56,34
2,2,6,57,38
2,2,6,58,38
2,2,6,59,36
2,2,6,60,38
2,2,6,61,40
2,2,6,62,38
2,2,6,63,36
2,2,7,0,36
2,2,7,1,36
2,2,7,2,36
2,2,7,3,36
2,2,7,4,36
2,2,7,5,42
2,2,7,6,36
2,2,7,7,36
2,2,7,8,34
2,2,7,9,32
2,2,7,10,36
2,2,7,11,36
2,2,7,12,40
2,2,7,13,38
2,2,7,14,36
2,2,7,15,40
2,2,7,16,36
2,2,7,17,40
2,2,7,18,36
2,2,7,19,40
2,2,7,20,36
2,2,7,21,34
2,2,7,22,36
2,2,7,23,34
2,2,7,24,34
2,2,7,25,40
2,2,7,26,38
2,2,7,27,34
2,2,7,28,38
2,2,7,29,38
2,2,7,30,36
2,2,7,31,36
2,2,7,32,42
2,2,7,33,40
2,2,7,34,34
2,2,7,35,36
2,2,7,36,36
2,2,7,37,34
2,2,7,38,36
2,2,7,39,34
2,2,7,40,38
2,2,7,41,34
2,2,7,42,36
2,2,7,43,38
2,2,7,44,36
2,2,7,45,34
2,2,7,46,40
2,2,7,47,38
2,2,7,48,36
2,2,7,49,36
2,2,7,50,38
2,2,7,51,34
2,2,7,52,40
2,2,7,53,34
2,2,7,54,34
2,2,7,55,36
2,2,7,56,34
2,2,7,57,38
2,2,7,58,38
2,2,7,59,38
2,2,7,60,46
2,2,7,61,36
2,2,7,62,36
2,2,7,63,34
2,2,8,0,36
2,2,8,1,42
2,2,8,2,36
2,2,8,3,38
2,2,8,4,36
2,2,8,5,38
2,2,8,6,34
2,2,8,7,36
2,2,8,8,34
2,2,8,9,36
2,2,8,10,40
2,2,8,11,40
2,2,8,12,36
2,2,8,13,40
2,2,8,14,36
2,2,8,15,38
2,2,8,16,36
2,2,8,17,36
2,2,8,18,38
2,2,8,19,36
2,2,8,20,36
2,2,8,21,38
2,2,8,22,32
2,2,8,23,38
2,2,8,24,40
2,2,8,25,36
2,2,8,26,36
2,2,8,27,38
2,2,8,28,34
2,2,8,29,36
2,2,8,30,36
2,2,8,31,32
2,2,8,32,38
2,2,8,33,40
2,2,8,34,34
2,2,8,35,34
2,2,8,36,36
2,2,8,37,34
2,2,8,38,42
2,2,8,39,36
2,2,8,40,36
2,2,8,41,38
2,2,8,42,38
2,2,8,43,36
2,2,8,44,36
2,2,8,45,34
2,2,8,46,36
2,2,8,47,36
2,2,8,48,34
2,2,8,49,38
2,2,8,50,32
2,2,8,51,38
2,2,8,52,38
2,2,8,53,32
2,2,8,54,34
2,2,8,55,36
2,2,8,56,50
2,2,8,57,34
2,2,8,58,36
2,2,8,59,34
2,2,8,60,32
2,2,8,61,38
2,2,8,62,38
2,2,8,63,36
2,2,9,0,42
2,2,9,1,36
2,2,9,2,34
2,2,9,3,36
2,2,9,4,38
2,2,9,5,40
2,2,9,6,38
2,2,9,7,34
2,2,9,8,38
2,2,9,9,36
2,2,9,10,36
2,2,9,11,36
2,2,9,12,34
2,2,9,13,36
2,2,9,14,38
2,2,9,15,40
2,2,9,16,38
2,2,9,17,36
2,2,9,18,38
2,2,9,19,38
2,2,9,20,38
2,2,9,21,36
2,2,9,22,40
2,2,9,23,38
2,2,9,24,34
2,2,9,25,36
2,2,9,26,36
2,2,9,27,38
2,2,9,28,40
2,2,9,29,38
2,2,9,30,36
2,2,9,31,38
2,2,9,32,36
2,2,9,33,36
2,2,9,34,40
2,2,9,35,36
2,2,9,36,36
2,2,9,37,36
2,2,9,38,40
2,2,9,39,34
2,2,9,40,34
2,2,9,41,36
2,2,9,42,36
2,2,9,43,36
2,2,9,44,40
2,2,9,45,36
2,2,9,46,38
2,2,9,47,36
2,2,9,48,36
2,2,9,49,40
2,2,9,50,40
2,2,9,51,36
2,2,9,52,38
2,2,9,53,36
2,2,9,54,36
2,2,9,55,36
2,2,9,56,36
2,2,9,57,38
2,2,9,58,38
2,2,9,59,40
2,2,9,60,38
2,2,9,61,40
2,2,9,62,40
2,2,9,63,38
2,2,10,0,36
2,2,10,1,34
2,2,10,2,36
2,2,10,3,38
2,2,10,4,38
2,2,10,5,36
2,2,10,6,36
2,2,10,7,36
2,2,10,8,38
2,2,10,9,38
2,2,10,10,36
2,2,10,11,42
2,2,10,12,36
2,2,10,13,36
2,2,10,14,38
2,2,10,15,36
2,2,10,16,36
2,2,10,17,36
2,2,10,18,36
2,2,10,19,36
2,2,10,20,36
2,2,10,21,36
2,2,10,22,40
2,2,10,23,34
2,2,10,24,36
2,2,10,25,34
2,2,10,26,38
2,2,10,27,38
2,2,10,28,38
2,2,10,29,38
2,2,10,30,38
2,2,10,31,34
2,2,10,32,38
2,2,10,33,40
2,2,10,34,40
2,2,10,35,38
2,2,10,36,38
2,2,10,37,40
2,2,10,38,36
2,2,10,39,36
2,2,10,40,40
2,2,10,41,38
2,2,10,42,46
2,2,10,43,36
2,2,10,44,34
2,2,10,45,42
2,2,10,46,36
2,2,10,47,32
2,2,10,48,34
2,2,10,49,38
2,2,10,50,36
2,2,10,51,34
2,2,10,52,34
2,2,10,53,36
2,2,10,54,38
2,2,10,55,40
2,2,10,56,38
2,2,10,57,36
2,2,10,58,38
2,2,10,59,36
2,2,10,60,34
2,2,10,61,36
2,2,10,62,40
2,2,10,63,36
2,2,11,0,40
2,2,11,1,34
2,2,11,2,36
2,2,11,3,34
2,2,11,4,36
2,2,11,5,34
2,2,11,6,36
2,2,11,7,36
2,2,11,8,36
2,2,11,9,36
2,2,11,10,36
2,2,11,11,38
2,2,11,12,40
2,2,11,13,36
2,2,11,14,42
2,2,11,15,38
2,2,11,16,38
2,2,11,17,34
2,2,11,18,36
2,2,11,19,40
2,2,11,20,38
2,2,11,21,40
2,2,11,22,38
2,2,11,23,42
2,2,11,24,34
2,2,11,25,36
2,2,11,26,36
2,2,11,27,40
2,2,11,28,36
2,2,11,29,36
2,2,11,30,32
2,2,11,31,38
2,2,11,32,40
2,2,11,33,36
2,2,11,34,36
2,2,11,35,36
2,2,11,36,34
2,2,11,37,34
2,2,11,38,36
2,2,11,39,34
2,2,11,40,36
2,2,11,41,40
2,2,11,42,36
2,2,11,43,38
2,2,11,44,36
2,2,11,45,38
2,2,11,46,38
2,2,11,47,34
2,2,11,48,34
2,2,11,49,40
2,2,11,50,34
2,2,11,51,34
2,2,11,52,36
2,2,11,53,38
2,2,11,54,38
2,2,11,55,38
2,2,11,56,32
2,2,11,57,38
2,2,11,58,36
2,2,11,59,40
2,2,11,60,36
2,2,11,61,38
2,2,11,62,38
2,2,11,63,40
2,2,12,0,38
2,2,12,1,34
2,2,12,2,40
2,2,12,3,40
2,2,12,4,36
2,2,12,5,38
2,2,12,6,36
2,2,12,7,36
2,2,12,8,36
2,2,12,9,36
2,2,12,10,40
2,2,12,11,34
2,2,12,12,38
2,2,12,13,36
2,2,12,14,38
2,2,12,15,38
2,2,12,16,42
2,2,12,17,38
2,2,12,18,38
2,2,12,19,36
2,2,12,20,34
2,2,12,21,32
2,2,12,22,34
2,2,12,23,38
2,2,12,24,36
2,2,12,25,40
2,2,12,26,36
2,2,12,27,32
2,2,12,28,38
2,2,12,29,38
2,2,12,30,38
2,2,12,31,40
2,2,12,32,38
2,2,12,33,36
2,2,12,34,36
2,2,12,35,46
2,2,12,36,40
2,2,12,37,38
2,2,12,38,40
2,2,12,39,38
2,2,12,40,38
2,2,12,41,36
2,2,12,42,40
2,2,12,43,36
2,2,12,44,36
2,2,12,45,36
2,2,12,46,40
2,2,12,47,36
2,2,12,48,40
2,2,12,49,36
2,2,12,50,38
2,2,12,51,34
2,2,12,52,36
2,2,12,53,40
2,2,12,54,38
2,2,12,55,38
2,2,12,56,36
2,2,12,57,36
2,2,12,58,48
2,2,12,59,34
2,2,12,60,34
2,2,12,61,36
2,2,12,62,36
2,2,12,63,38
2,2,13,0,36
2,2,13,1,38
2,2,13,2,36
2,2,13,3,34
2,2,13,4,36
2,2,13,5,36
2,2,13,6,38
2,2,13,7,38
2,2,13,8,34
2,2,13,9,36
2,2,13,10,38
2,2,13,11,38
2,2,13,12,38
2,2,13,13,36
2,2,13,14,40
2,2,13,15,36
2,2,13,16,36
2,2,13,17,36
2,2,13,18,36
2,2,13,19,36
2,2,13,20,38
2,2,13,21,36
2,2,13,22,34
2,2,13,23,44
2,2,13,24,40
2,2,13,25,36
2,2,13,26,38
2,2,13,27,36
2,2,13,28,38
2,2,13,29,36
2,2,13,30,38
2,2,13,31,34
2,2,13,32,38
2,2,13,33,40
2,2,13,34,34
2,2,13,35,34
2,2,13,36,38
2,2,13,37,36
2,2,13,38,40
2,2,13,39,36
2,2,13,40,38
2,2,13,41,40
2,2,13,42,36
2,2,13,43,36
2,2,13,44,36
2,2,13,45,40
2,2,13,46,34
2,2,13,47,38
2,2,13,48,40
2,2,13,49,38
2,2,13,50,40
2,2,13,51,36
2,2,13,52,36
2,2,13,53,38
2,2,13,54,34
2,2,13,55,34
2,2,13,56,36
2,2,13,57,40
2,2,13,58,38
2,2,13,59,40
2,2,13,60,32
2,2,13,61,36
2,2,13,62,42
2,2,13,63,40
2,2,14,0,36
2,2,14,1,38
2,2,14,2,36
2,2,14,3,34
2,2,14,4,36
2,2,14,5,36
2,2,14,6,36
2,2,14,7,38
2,2,14,8,38
2,2,14,9,34
2,2,14,10,40
2,2,14,11,38
2,2,14,12,42
2,2,14,13,38
2,2,14,14,38
2,2,14,15,40
2,2,14,16,42
2,2,14,17,34
2,2,14,18,40
2,2,14,19,36
2,2,14,20,34
2,2,14,21,36
2,2,14,22,36
2,2,14,23,38
2,2,14,24,34
2,2,14,25,36
2,2,14,26,36
2,2,14,27,34
2,2,14,28,34
2,2,14,29,36
2,2,14,30,36
2,2,14,31,34
2,2,14,32,34
2,2,14,33,36
2,2,14,34,36
2,2,14,35,40
2,2,14,36,40
2,2,14,37,40
2,2,14,38,36
2,2,14,39,38
2,2,14,40,34
2,2,14,41,36
2,2,14,42,38
2,2,14,43,34
2,2,14,44,36
2,2,14,45,42
2,2,14,46,40
2,2,14,47,34
2,2,14,48,36
2,2,14,49,40
2,2,14,50,34
2,2,14,51,36
2,2,14,52,40
2,2,14,53,36
2,2,14,54,36
2,2,14,55,34
2,2,14,56,36
2,2,14,57,34
2,2,14,58,34
2,2,14,59,38
2,2,14,60,34
2,2,14,61,40
2,2,14,62,38
2,2,14,63,36
2,3,0,0,38
2,3,0,1,38
2,3,0,2,38
2,3,0,3,36
2,3,0,4,36
2,3,0,5,36
2,3,0,6,38
2,3,0,7,38
2,3,0,8,34
2,3,0,9,36
2,3,0,10,38
2,3,0,11,38
2,3,0,12,38
2,3,0,13,36
2,3,0,14,32
2,3,0,15,36
2,3,0,16,38
2,3,0,17,34
2,3,0,18,38
2,3,0,19,34
2,3,0,20,34
2,3,0,21,38
2,3,0,22,34
2,3,0,23,36
2,3,0,24,40
2,3,0,25,38
2,3,0,26,36
2,3,0,27,34
2,3,0,28,40
2,3,0,29,40
2,3,0,30,50
2,3,0,31,36
2,3,0,32,40
2,3,0,33,40
2,3,0,34,38
2,3,0,35,36
2,3,0,36,38
2,3,0,37,36
2,3,0,38,40
2,3,0,39,38
2,3,0,40,40
2,3,0,41,38
2,3,0,42,36
2,3,0,43,36
2,3,0,44,32
2,3,0,45,38
2,3,0,46,34
2,3,0,47,36
2,3,0,48,34
2,3,0,49,36
2,3,0,50,38
2,3,0,51,36
2,3,0,52,34
2,3,0,53,38
2,3,0,54,34
2,3,0,55,38
2,3,0,56,38
2,3,0,57,38
2,3,0,58,34
2,3,0,59,40
2,3,0,60,38
2,3,0,61,36
2,3,0,62,38
2,3,0,63,38
2,3,1,0,40
2,3,1,1,38
2,3,1,2,38
2,3,1,3,38
2,3,1,4,36
2,3,1,5,38
2,3,1,6,38
2,3,1,7,34
2,3,1,8,36
2,3,1,9,36
2,3,1,10,36
2,3,1,11,40
2,3,1,12,36
2,3,1,13,36
2,3,1,14,38
2,3,1,15,32
2,3,1,16,32
2,3,1,17,38
2,3,1,18,38
2,3,1,19,40
2,3,1,20,40
2,3,1,21,36
2,3,1,22,40
2,3,1,23,40
2,3,1,24,38
2,3,1,25,36
2,3,1,26,36
2,3,1,27,36
2,3,1,28,38
2,3,1,29,38
2,3,1,30,40
2,3,1,31,36
2,3,1,32,40
2,3,1,33,32
2,3,1,34,36
2,3,1,35,36
2,3,1,36,36
2,3,1,37,36
2,3,1,38,36
2,3,1,39,40
2,3,1,40,40
2,3,1,41,40
2,3,1,42,36
2,3,1,43,34
2,3,1,44,34
2,3,1,45,36
2,3,1,46,34
2,3,1,47,38
2,3,1,48,38
2,3,1,49,36
2,3,1,50,36
2,3,1,51,40
2,3,1,52,34
2,3,1,53,38
2,3,1,54,36
2,3,1,55,38
2,3,1,56,32
2,3,1,57,40
2,3,1,58,38
2,3,1,59,42
2,3,1,60,38
2,3,1,61,32
2,3,1,62,40
2,3,1,63,40
2,3,2,0,36
2,3,2,1,36
2,3,2,2,38
2,3,2,3,34
2,3,2,4,34
2,3,2,5,38
2,3,2,6,36
2,3,2,7,36
2,3,2,8,36
2,3,2,9,40
2,3,2,10,38
2,3,2,11,38
2,3,2,12,38
2,3,2,13,40
2,3,2,14,36
2,3,2,15,38
2,3,2,16,38
2,3,2,17,36
2,3,2,18,42
2,3,2,19,32
2,3,2,20,34
2,3,2,21,34
2,3,2,22,38
2,3,2,23,38
2,3,2,24,38
2,3,2,25,36
2,3,2,26,50
2,3,2,27,34
2,3,2,28,36
2,3,2,29,36
2,3,2,30,36
2,3,2,31,38
2,3,2,32,40
2,3,2,33,36
2,3,2,34,38
2,3,2,35,38
2,3,2,36,34
2,3,2,37,36
2,3,2,38,40
2,3,2,39,36
2,3,2,40,36
2,3,2,41,36
2,3,2,42,32
2,3,2,43,36
2,3,2,44,36
2,3,2,45,36
2,3,2,46,36
2,3,2,47,38
2,3,2,48,38
2,3,2,49,40
2,3,2,50,34
2,3,2,51,38
2,3,2,52,38
2,3,2,53,38
2,3,2,54,36
2,3,2,55,36
2,3,2,56,36
2,3,2,57,34
2,3,2,58,36
2,3,2,59,36
2,3,2,60,38
2,3,2,61,32
2,3,2,62,34
2,3,2,63,40
2,3,3,0,36
2,3,3,1,36
2,3,3,2,38
2,3,3,3,32
2,3,3,4,40
2,3,3,5,40
2,3,3,6,34
2,3,3,7,38
2,3,3,8,38
2,3,3,9,38
2,3,3,10,40
2,3,3,11,38
2,3,3,12,40
2,3,3,13,36
2,3,3,14,36
2,3,3,15,34
2,3,3,16,34
2,3,3,17,34
2,3,3,18,36
2,3,3,19,36
2,3,3,20,38
2,3,3,21,36
2,3,3,22,36
2,3,3,23,38
2,3,3,24,36
2,3,3,25,36
2,3,3,26,34
2,3,3,27,36
2,3,3,28,38
2,3,3,29,36
2,3,3,30,36
2,3,3,31,38
2,3,3,32,34
2,3,3,33,38
2,3,3,34,36
2,3,3,35,38
2,3,3,36,36
2,3,3,37,32
2,3,3,38,50
2,3,3,39,36
2,3,3,40,38
2,3,3,41,38
2,3,3,42,38
2,3,3,43,38
2,3,3,44,32
2,3,3,45,32
2,3,3,46,36
2,3,3,47,36
2,3,3,48,38
2,3,3,49,36
2,3,3,50,42
2,3,3,51,38
2,3,3,52,36
2,3,3,53,34
2,3,3,54,34
2,3,3,55,40
2,3,3,56,36
2,3,3,57,38
2,3,3,58,40
2,3,3,59,36
2,3,3,60,38
2,3,3,61,34
2,3,3,62,40
2,3,3,63,32
2,3,4,0,40
2,3,4,1,34
2,3,4,2,36
2,3,4,3,36
2,3,4,4,38
2,3,4,5,40
2,3,4,6,36
2,3,4,7,36
2,3,4,8,42
2,3,4,9,42
2,3,4,10,36
2,3,4,11,34
2,3,4,12,36
2,3,4,13,38
2,3,4,14,34
2,3,4,15,36
2,3,4,16,38
2,3,4,17,36
2,3,4,18,36
2,3,4,19,40
2,3,4,20,36
2,3,4,21,36
2,3,4,22,36
2,3,4,23,34
2,3,4,24,36
2,3,4,25,40
2,3,4,26,40
2,3,4,27,36
2,3,4,28,38
2,3,4,29,40
2,3,4,30,40
2,3,4,31,40
2,3,4,32,36
2,3,4,33,34
2,3,4,34,40
2,3,4,35,36
2,3,4,36,38
2,3,4,37,36
2,3,4,38,38
2,3,4,39,32
2,3,4,40,34
2,3,4,41,38
2,3,4,42,36
2,3,4,43,36
2,3,4,44,40
2,3,4,45,38
2,3,4,46,40
2,3,4,47,36
2,3,4,48,36
2,3,4,49,38
2,3,4,50,36
2,3,4,51,38
2,3,4,52,36
2,3,4,53,40
2,3,4,54,36
2,3,4,55,38
2,3,4,56,40
2,3,4,57,36
2,3,4,58,38
2,3,4,59,36
2,3,4,60,40
2,3,4,61,36
2,3,4,62,38
2,3,4,63,38
2,3,5,0,36
2,3,5,1,36
2,3,5,2,34
2,3,5,3,34
2,3,5,4,36
2,3,5,5,40
2,3,5,6,36
2,3,5,7,40
2,3,5,8,36
2,3,5,9,34
2,3,5,10,38
2,3,5,11,36
2,3,5,12,36
2,3,5,13,36
2,3,5,14,38
2,3,5,15,38
2,3,5,16,36
2,3,5,17,32
2,3,5,18,38
2,3,5,19,36
2,3,5,20,42
2,3,5,21,42
2,3,5,22,40
2,3,5,23,36
2,3,5,24,34
2,3,5,25,36
2,3,5,26,36
2,3,5,27,36
2,3,5,28,42
2,3,5,29,38
2,3,5,30,38
2,3,5,31,36
2,3,5,32,46
2,3,5,33,36
2,3,5,34,42
2,3,5,35,38
2,3,5,36,34
2,3,5,37,40
2,3,5,38,38
2,3,5,39,38
2,3,5,40,34
2,3,5,41,40
2,3,5,42,44
2,3,5,43,36
2,3,5,44,34
2,3,5,45,36
2,3,5,46,34
2,3,5,47,38
2,3,5,48,40
2,3,5,49,38
2,3,5,50,36
2,3,5,51,38
2,3,5,52,36
2,3,5,53,34
2,3,5,54,34
2,3,5,55,36
2,3,5,56,36
2,3,5,57,42
2,3,5,58,34
2,3,5,59,36
2,3,5,60,38
2,3,5,61,36
2,3,5,62,36
2,3,5,63,34
2,3,6,0,36
2,3,6,1,34
2,3,6,2,34
2,3,6,3,36
2,3,6,4,36
2,3,6,5,32
2,3,6,6,34
2,3,6,7,40
2,3,6,8,40
2,3,6,9,36
2,3,6,10,36
2,3,6,11,36
2,3,6,12,36
2,3,6,13,40
2,3,6,14,38
2,3,6,15,38
2,3,6,16,38
2,3,6,17,34
2,3,6,18,42
2,3,6,19,38
2,3,6,20,38
2,3,6,21,40
2,3,6,22,38
2,3,6,23,42
2,3,6,24,36
2,3,6,25,40
2,3,6,26,40
2,3,6,27,38
2,3,6,28,34
2,3,6,29,38
2,3,6,30,42
2,3,6,31,38
2,3,6,32,36
2,3,6,33,36
2,3,6,34,36
2,3,6,35,40
2,3,6,36,40
2,3,6,37,40
2,3,6,38,36
2,3,6,39,36
2,3,6,40,36
2,3,6,41,36
2,3,6,42,36
2,3,6,43,40
2,3,6,44,36
2,3,6,45,38
2,3,6,46,38
2,3,6,47,34
2,3,6,48,36
2,3,6,49,40
2,3,6,50,38
2,3,6,51,34
2,3,6,52,36
2,3,6,53,34
2,3,6,54,38
2,3,6,55,36
2,3,6,56,34
2,3,6,57,38
2,3,6,58,34
2,3,6,59,38
2,3,6,60,36
2,3,6,61,38
2,3,6,62,42
2,3,6,63,34
2,3,7,0,36
2,3,7,1,34
2,3,7,2,36
2,3,7,3,38
2,3,7,4,38
2,3,7,5,38
2,3,7,6,36
2,3,7,7,40
2,3,7,8,40
2,3,7,9,36
2,3,7,10,38
2,3,7,11,40
2,3,7,12,38
2,3,7,13,36
2,3,7,14,36
2,3,7,15,36
2,3,7,16,38
2,3,7,17,36
2,3,7,18,40
2,3,7,19,40
2,3,7,20,40
2,3,7,21,36
2,3,7,22,36
2,3,7,23,36
2,3,7,24,40
2,3,7,25,34
2,3,7,26,40
2,3,7,27,34
2,3,7,28,38
2,3,7,29,40
2,3,7,30,36
2,3,7,31,38
2,3,7,32,36
2,3,7,33,36
2,3,7,34,36
2,3,7,35,36
2,3,7,36,34
2,3,7,37,36
2,3,7,38,40
2,3,7,39,36
2,3,7,40,40
2,3,7,41,38
2,3,7,42,38
2,3,7,43,34
2,3,7,44,38
2,3,7,45,40
2,3,7,46,34
2,3,7,47,34
2,3,7,48,38
2,3,7,49,36
2,3,7,50,36
2,3,7,51,40
2,3,7,52,38
2,3,7,53,36
2,3,7,54,46
2,3,7,55,36
2,3,7,56,36
2,3,7,57,38
2,3,7,58,42
2,3,7,59,34
2,3,7,60,40
2,3,7,61,38
2,3,7,62,36
2,3,7,63,40
2,3,8,0,36
2,3,8,1,36
2,3,8,2,34
2,3,8,3,34
2,3,8,4,38
2,3,8,5,36
2,3,8,6,38
2,3,8,7,36
2,3,8,8,36
2,3,8,9,40
2,3,8,10,38
2,3,8,11,40
2,3,8,12,38
2,3,8,13,38
2,3,8,14,38
2,3,8,15,38
2,3,8,16,36
2,3,8,17,34
2,3,8,18,36
2,3,8,19,38
2,3,8,20,40
2,3,8,21,38
2,3,8,22,36
2,3,8,23,36
2,3,8,24,36
2,3,8,25,36
2,3,8,26,34
2,3,8,27,38
2,3,8,28,36
2,3,8,29,38
2,3,8,30,36
2,3,8,31,36
2,3,8,32,40
2,3,8,33,38
2,3,8,34,38
2,3,8,35,38
2,3,8,36,36
2,3,8,37,36
2,3,8,38,36
2,3,8,39,34
2,3,8,40,38
2,3,8,41,38
2,3,8,42,36
2,3,8,43,36
2,3,8,44,36
2,3,8,45,36
2,3,8,46,42
2,3,8,47,34
2,3,8,48,40
2,3,8,49,40
2,3,8,50,42
2,3,8,51,36
2,3,8,52,38
2,3,8,53,48
2,3,8,54,36
2,3,8,55,40
2,3,8,56,38
2,3,8,57,40
2,3,8,58,36
2,3,8,59,36
2,3,8,60,38
2,3,8,61,40
2,3,8,62,40
2,3,8,63,38
2,3,9,0,34
2,3,9,1,38
2,3,9,2,36
2,3,9,3,36
2,3,9,4,36
2,3,9,5,34
2,3,9,6,34
2,3,9,7,38
2,3,9,8,38
2,3,9,9,38
2,3,9,10,36
2,3,9,11,36
2,3,9,12,38
2,3,9,13,38
2,3,9,14,36
2,3,9,15,38
2,3,9,16,36
2,3,9,17,36
2,3,9,18,36
2,3,9,19,40
2,3,9,20,42
2,3,9,21,38
2,3,9,22,36
2,3,9,23,38
2,3,9,24,36
2,3,9,25,40
2,3,9,26,36
2,3,9,27,38
2,3,9,28,36
2,3,9,29,36
2,3,9,30,34
2,3,9,31,34
2,3,9,32,38
2,3,9,33,38
2,3,9,34,36
2,3,9,35,34
2,3,9,36,38
2,3,9,37,36
2,3,9,38,34
2,3,9,39,36
2,3,9,40,34
2,3,9,41,36
2,3,9,42,38
2,3,9,43,36
2,3,9,44,34
2,3,9,45,34
2,3,9,46,36
2,3,9,47,34
2,3,9,48,34
2,3,9,49,38
2,3,9,50,34
2,3,9,51,38
2,3,9,52,34
2,3,9,53,42
2,3,9,54,34
2,3,9,55,36
2,3,9,56,40
2,3,9,57,36
2,3,9,58,40
2,3,9,59,40
2,3,9,60,36
2,3,9,61,32
2,3,9,62,34
2,3,9,63,38
2,3,10,0,52
2,3,10,1,34
2,3,10,2,40
2,3,10,3,38
2,3,10,4,38
2,3,10,5,36
2,3,10,6,32
2,3,10,7,38
2,3,10,8,32
2,3,10,9,38
2,3,10,10,36
2,3,10,11,34
2,3,10,12,34
2,3,10,13,36
2,3,10,14,36
2,3,10,15,36
2,3,10,16,36
2,3,10,17,36
2,3,10,18,38
2,3,10,19,36
2,3,10,20,40
2,3,10,21,32
2,3,10,22,36
2,3,10,23,36
2,3,10,24,36
2,3,10,25,36
2,3,10,26,38
2,3,10,27,38
2,3,10,28,38
2,3,10,29,36
2,3,10,30,36
2,3,10,31,36
2,3,10,32,42
2,3,10,33,40
2,3,10,34,36
2,3,10,35,38
2,3,10,36,34
2,3,10,37,38
2,3,10,38,36
2,3,10,39,34
2,3,10,40,38
2,3,10,41,36
2,3,10,42,40
2,3,10,43,38
2,3,10,44,36
2,3,10,45,38
2,3,10,46,38
2,3,10,47,34
2,3,10,48,38
2,3,10,49,38
2,3,10,50,38
2,3,10,51,34
2,3,10,52,38
2,3,10,53,36
2,3,10,54,36
2,3,10,55,36
2,3,10,56,42
2,3,10,57,34
2,3,10,58,34
2,3,10,59,40
2,3,10,60,36
2,3,10,61,38
2,3,10,62,34
2,3,10,63,34
2,3,11,0,38
2,3,11,1,36
2,3,11,2,38
2,3,11,3,38
2,3,11,4,36
2,3,11,5,36
2,3,11,6,36
2,3,11,7,34
2,3,11,8,38
2,3,11,9,32
2,3,11,10,38
2,3,11,11,34
2,3,11,12,36
2,3,11,13,38
2,3,11,14,38
2,3,11,15,36
2,3,11,16,36
2,3,11,17,36
2,3,11,18,34
2,3,11,19,34
2,3,11,20,36
2,3,11,21,36
2,3,11,22,38
2,3,11,23,36
2,3,11,24,36
2,3,11,25,36
2,3,11,26,34
2,3,11,27,36
2,3,11,28,38
2,3,11,29,36
2,3,11,30,38
2,3,11,31,40
2,3,11,32,38
2,3,11,33,38
2,3,11,34,34
2,3,11,35,38
2,3,11,36,32
2,3,11,37,34
2,3,11,38,34
2,3,11,39,34
2,3,11,40,40
2,3,11,41,38
2,3,11,42,38
2,3,11,43,36
2,3,11,44,36
2,3,11,45,40
2,3,11,46,36
2,3,11,47,36
2,3,11,48,36
2,3,11,49,36
2,3,11,50,36
2,3,11,51,36
2,3,11,52,38
2,3,11,53,34
2,3,11,54,38
2,3,11,55,36
2,3,11,56,38
2,3,11,57,40
2,3,11,58,40
2,3,11,59,36
2,3,11,60,40
2,3,11,61,34
2,3,11,62,36
2,3,11,63,34
2,3,12,0,36
2,3,12,1,34
2,3,12,2,38
2,3,12,3,36
2,3,12,4,36
2,3,12,5,34
2,3,12,6,36
2,3,12,7,38
2,3,12,8,36
2,3,12,9,34
2,3,12,10,36
2,3,12,11,34
2,3,12,12,36
2,3,12,13,36
2,3,12,14,38
2,3,12,15,34
2,3,12,16,38
2,3,12,17,34
2,3,12,18,38
2,3,12,19,36
2,3,12,20,38
2,3,12,21,40
2,3,12,22,34
2,3,12,23,38
2,3,12,24,40
2,3,12,25,36
2,3,12,26,38
2,3,12,27,34
2,3,12,28,36
2,3,12,29,38
2,3,12,30,34
2,3,12,31,36
2,3,12,32,36
2,3,12,33,36
2,3,12,34,36
2,3,12,35,36
2,3,12,36,36
2,3,12,37,40
2,3,12,38,34
2,3,12,39,36
2,3,12,40,38
2,3,12,41,42
2,3,12,42,40
2,3,12,43,38
2,3,12,44,36
2,3,12,45,36
2,3,12,46,36
2,3,12,47,36
2,3,12,48,36
2,3,12,49,38
2,3,12,50,38
2,3,12,51,40
2,3,12,52,40
2,3,12,53,36
2,3,12,54,38
2,3,12,55,38
2,3,12,56,36
2,3,12,57,38
2,3,12,58,42
2,3,12,59,40
2,3,12,60,36
2,3,12,61,36
2,3,12,62,36
2,3,12,63,36
2,3,13,0,36
2,3,13,1,36
2,3,13,2,38
2,3,13,3,36
2,3,13,4,36
2,3,13,5,40
2,3,13,6,38
2,3,13,7,36
2,3,13,8,40
2,3,13,9,36
2,3,13,10,38
2,3,13,11,38
2,3,13,12,34
2,3,13,13,34
2,3,13,14,42
2,3,13,15,34
2,3,13,16,38
2,3,13,17,38
2,3,13,18,38
2,3,13,19,38
2,3,13,20,40
2,3,13,21,34
2,3,13,22,34
2,3,13,23,36
2,3,13,24,36
2,3,13,25,40
2,3,13,26,34
2,3,13,27,38
2,3,13,28,40
2,3,13,29,36
2,3,13,30,38
2,3,13,31,36
2,3,13,32,36
2,3,13,33,36
2,3,13,34,36
2,3,13,35,42
2,3,13,36,40
2,3,13,37,38
2,3,13,38,36
2,3,13,39,36
2,3,13,40,36
2,3,13,41,34
2,3,13,42,38
2,3,13,43,36
2,3,13,44,38
2,3,13,45,34
2,3,13,46,38
2,3,13,47,36
2,3,13,48,36
2,3,13,49,38
2,3,13,50,40
2,3,13,51,38
2,3,13,52,32
2,3,13,53,34
2,3,13,54,36
2,3,13,55,42
2,3,13,56,42
2,3,13,57,36
2,3,13,58,34
2,3,13,59,38
2,3,13,60,32
2,3,13,61,36
2,3,13,62,36
2,3,13,63,38
2,3,14,0,38
2,3,14,1,38
2,3,14,2,38
2,3,14,3,36
2,3,14,4,34
2,3,14,5,36
2,3,14,6,36
2,3,14,7,38
2,3,14,8,40
2,3,14,9,38
2,3,14,10,38
2,3,14,11,40
2,3,14,12,36
2,3,14,13,38
2,3,14,14,34
2,3,14,15,32
2,3,14,16,36
2,3,14,17,36
2,3,14,18,38
2,3,14,19,38
2,3,14,20,38
2,3,14,21,36
2,3,14,22,36
2,3,14,23,34
2,3,14,24,36
2,3,14,25,36
2,3,14,26,36
2,3,14,27,38
2,3,14,28,38
2,3,14,29,36
2,3,14,30,38
2,3,14,31,38
2,3,14,32,36
2,3,14,33,38
2,3,14,34,36
2,3,14,35,36
2,3,14,36,34
2,3,14,37,36
2,3,14,38,36
2,3,14,39,36
2,3,14,40,38
2,3,14,41,36
2,3,14,42,40
2,3,14,43,36
2,3,14,44,40
2,3,14,45,38
2,3,14,46,38
2,3,14,47,34
2,3,14,48,38
2,3,14,49,40
2,3,14,50,36
2,3,14,51,36
2,3,14,52,38
2,3,14,53,36
2,3,14,54,36
2,3,14,55,34
2,3,14,56,36
2,3,14,57,36
2,3,14,58,32
2,3,14,59,34
2,3,14,60,38
2,3,14,61,34
2,3,14,62,36
2,3,14,63,36
2,4,0,0,62
2,4,0,1,36
2,4,0,2,72
2,4,0,3,76
2,4,0,4,64
2,4,0,5,36
2,4,0,6,36
2,4,0,7,36
2,4,0,8,36
2,4,0,9,74
2,4,0,10,36
2,4,0,11,38
2,4,0,12,62
2,4,0,13,68
2,4,0,14,76
2,4,0,15,76
2,4,0,16,66
2,4,0,17,68
2,4,0,18,74
2,4,0,19,70
2,4,0,20,48
2,4,0,21,62
2,4,0,22,74
2,4,0,23,76
2,4,0,24,68
2,4,0,25,64
2,4,0,26,76
2,4,0,27,74
2,4,0,28,70
2,4,0,29,68
2,4,0,30,74
2,4,0,31,72
2,4,0,32,74
2,4,0,33,72
2,4,0,34,68
2,4,0,35,64
2,4,0,36,70
2,4,0,37,72
2,4,0,38,66
2,4,0,39,66
2,4,0,40,68
2,4,0,41,76
2,4,0,42,62
2,4,0,43,66
2,4,0,44,72
2,4,0,45,76
2,4,0,46,66
2,4,0,47,68
2,4,0,48,40
2,4,0,49,40
2,4,0,50,64
2,4,0,51,64
2,4,0,52,124
2,4,0,53,72
2,4,0,54,64
2,4,0,55,62
2,4,0,56,74
2,4,0,57,70
2,4,0,58,64
2,4,0,59,64
2,4,0,60,74
2,4,0,61,74
2,4,0,62,64
2,4,0,63,62
2,4,1,0,34
2,4,1,1,36
2,4,1,2,36
2,4,1,3,38
2,4,1,4,36
2,4,1,5,40
2,4,1,6,36
2,4,1,7,40
2,4,1,8,40
2,4,1,9,36
2,4,1,10,34
2,4,1,11,38
2,4,1,12,38
2,4,1,13,34
2,4,1,14,40
2,4,1,15,36
2,4,1,16,36
2,4,1,17,34
2,4,1,18,40
2,4,1,19,32
2,4,1,20,40
2,4,1,21,36
2,4,1,22,36
2,4,1,23,38
2,4,1,24,36
2,4,1,25,36
2,4,1,26,34
2,4,1,27,44
2,4,1,28,36
2,4,1,29,36
2,4,1,30,38
2,4,1,31,36
2,4,1,32,38
2,4,1,33,36
2,4,1,34,40
2,4,1,35,38
2,4,1,36,38
2,4,1,37,36
2,4,1,38,36
2,4,1,39,38
2,4,1,40,36
2,4,1,41,38
2,4,1,42,42
2,4,1,43,40
2,4,1,44,36
2,4,1,45,42
2,4,1,46,38
2,4,1,47,38
2,4,1,48,38
2,4,1,49,40
2,4,1,50,40
2,4,1,51,38
2,4,1,52,36
2,4,1,53,32
2,4,1,54,40
2,4,1,55,36
2,4,1,56,38
2,4,1,57,40
2,4,1,58,36
2,4,1,59,40
2,4,1,60,40
2,4,1,61,36
2,4,1,62,34
2,4,1,63,36
2,4,2,0,38
2,4,2,1,34
2,4,2,2,36
2,4,2,3,40
2,4,2,4,38
2,4,2,5,38
2,4,2,6,32
2,4,2,7,40
2,4,2,8,38
2,4,2,9,34
2,4,2,10,40
2,4,2,11,38
2,4,2,12,40
2,4,2,13,34
2,4,2,14,36
2,4,2,15,36
2,4,2,16,36
2,4,2,17,34
2,4,2,18,36
2,4,2,19,36
2,4,2,20,36
2,4,2,21,34
2,4,2,22,36
2,4,2,23,36
2,4,2,24,36
2,4,2,25,36
2,4,2,26,36
2,4,2,27,40
2,4,2,28,32
2,4,2,29,34
2,4,2,30,34
2,4,2,31,32
2,4,2,32,36
2,4,2,33,40
2,4,2,34,36
2,4,2,35,38
2,4,2,36,36
2,4,2,37,38
2,4,2,38,40
2,4,2,39,38
2,4,2,40,36
2,4,2,41,36
2,4,2,42,32
2,4,2,43,36
2,4,2,44,40
2,4,2,45,38
2,4,2,46,40
2,4,2,47,36
2,4,2,48,34
2,4,2,49,38
2,4,2,50,36
2,4,2,51,38
2,4,2,52,38
2,4,2,53,36
2,4,2,54,38
2,4,2,55,36
2,4,2,56,40
2,4,2,57,36
2,4,2,58,40
2,4,2,59,38
2,4,2,60,36
2,4,2,61,36
2,4,2,62,36
2,4,2,63,36
2,4,3,0,36
2,4,3,1,36
2,4,3,2,36
2,4,3,3,36
2,4,3,4,38
2,4,3,5,34
2,4,3,6,38
2,4,3,7,34
2,4,3,8,38
2,4,3,9,40
2,4,3,10,36
2,4,3,11,36
2,4,3,12,38
2,4,3,13,34
2,4,3,14,40
2,4,3,15,36
2,4,3,16,36
2,4,3,17,40
2,4,3,18,38
2,4,3,19,38
2,4,3,20,40
2,4,3,21,36
2,4,3,22,40
2,4,3,23,36
2,4,3,24,38
2,4,3,25,36
2,4,3,26,38
2,4,3,27,40
2,4,3,28,38
2,4,3,29,32
2,4,3,30,36
2,4,3,31,38
2,4,3,32,34
2,4,3,33,40
2,4,3,34,34
2,4,3,35,36
2,4,3,36,36
2,4,3,37,40
2,4,3,38,36
2,4,3,39,38
2,4,3,40,32
2,4,3,41,42
2,4,3,42,38
2,4,3,43,36
2,4,3,44,40
2,4,3,45,36
2,4,3,46,34
2,4,3,47,38
2,4,3,48,34
2,4,3,49,36
2,4,3,50,40
2,4,3,51,48
2,4,3,52,36
2,4,3,53,34
2,4,3,54,36
2,4,3,55,32
2,4,3,56,38
2,4,3,57,40
2,4,3,58,42
2,4,3,59,38
2,4,3,60,36
2,4,3,61,36
2,4,3,62,36
2,4,3,63,34
2,4,4,0,38
2,4,4,1,32
2,4,4,2,38
2,4,4,3,38
2,4,4,4,36
2,4,4,5,38
2,4,4,6,34
2,4,4,7,34
2,4,4,8,36
2,4,4,9,42
2,4,4,10,34
2,4,4,11,36
2,4,4,12,40
2,4,4,13,38
2,4,4,14,36
2,4,4,15,38
2,4,4,16,38
2,4,4,17,38
2,4,4,18,36
2,4,4,19,36
2,4,4,20,38
2,4,4,21,32
2,4,4,22,38
2,4,4,23,36
2,4,4,24,38
2,4,4,25,40
2,4,4,26,34
2,4,4,27,38
2,4,4,28,38
2,4,4,29,38
2,4,4,30,38
2,4,4,31,42
2,4,4,32,36
2,4,4,33,34
2,4,4,34,40
2,4,4,35,38
2,4,4,36,38
2,4,4,37,38
2,4,4,38,38
2,4,4,39,36
2,4,4,40,36
2,4,4,41,36
2,4,4,42,36
2,4,4,43,34
2,4,4,44,36
2,4,4,45,36
2,4,4,46,40
2,4,4,47,36
2,4,4,48,40
2,4,4,49,38
2,4,4,50,34
2,4,4,51,40
2,4,4,52,38
2,4,4,53,36
2,4,4,54,34
2,4,4,55,36
2,4,4,56,34
2,4,4,57,36
2,4,4,58,34
2,4,4,59,34
2,4,4,60,34
2,4,4,61,42
2,4,4,62,34
2,4,4,63,36
2,4,5,0,36
2,4,5,1,34
2,4,5,2,38
2,4,5,3,40
2,4,5,4,38
2,4,5,5,40
2,4,5,6,36
2,4,5,7,34
2,4,5,8,34
2,4,5,9,34
2,4,5,10,34
2,4,5,11,34
2,4,5,12,38
2,4,5,13,38
2,4,5,14,38
2,4,5,15,36
2,4,5,16,34
2,4,5,17,36
2,4,5,18,36
2,4,5,19,40
2,4,5,20,36
2,4,5,21,36
2,4,5,22,38
2,4,5,23,40
2,4,5,24,38
2,4,5,25,40
2,4,5,26,36
2,4,5,27,36
2,4,5,28,34
2,4,5,29,36
2,4,5,30,34
2,4,5,31,32
2,4,5,32,36
2,4,5,33,36
2,4,5,34,36
2,4,5,35,38
2,4,5,36,34
2,4,5,37,34
2,4,5,38,36
2,4,5,39,34
2,4,5,40,38
2,4,5,41,36
2,4,5,42,36
2,4,5,43,38
2,4,5,44,36
2,4,5,45,36
2,4,5,46,36
2,4,5,47,38
2,4,5,48,38
2,4,5,49,32
2,4,5,50,34
2,4,5,51,38
2,4,5,52,38
2,4,5,53,40
2,4,5,54,38
2,4,5,55,32
2,4,5,56,36
2,4,5,57,38
2,4,5,58,36
2,4,5,59,38
2,4,5,60,36
2,4,5,61,34
2,4,5,62,36
2,4,5,63,36
2,4,6,0,40
2,4,6,1,36
2,4,6,2,36
2,4,6,3,38
2,4,6,4,38
2,4,6,5,40
2,4,6,6,36
2,4,6,7,42
2,4,6,8,36
2,4,6,9,38
2,4,6,10,36
2,4,6,11,36
2,4,6,12,38
2,4,6,13,36
2,4,6,14,36
2,4,6,15,34
2,4,6,16,38
2,4,6,17,38
2,4,6,18,36
2,4,6,19,36
2,4,6,20,36
2,4,6,21,40
2,4,6,22,38
2,4,6,23,38
2,4,6,24,40
2,4,6,25,36
2,4,6,26,38
2,4,6,27,40
2,4,6,28,34
2,4,6,29,40
2,4,6,30,34
2,4,6,31,36
2,4,6,32,36
2,4,6,33,32
2,4,6,34,38
2,4,6,35,34
2,4,6,36,34
2,4,6,37,36
2,4,6,38,36
2,4,6,39,38
2,4,6,40,38
2,4,6,41,36
2,4,6,42,36
2,4,6,43,34
2,4,6,44,40
2,4,6,45,40
2,4,6,46,40
2,4,6,47,50
2,4,6,48,36
2,4,6,49,40
2,4,6,50,40
2,4,6,51,38
2,4,6,52,36
2,4,6,53,36
2,4,6,54,34
2,4,6,55,36
2,4,6,56,36
2,4,6,57,38
2,4,6,58,40
2,4,6,59,38
2,4,6,60,36
2,4,6,61,40
2,4,6,62,38
2,4,6,63,36
2,4,7,0,36
2,4,7,1,36
2,4,7,2,40
2,4,7,3,36
2,4,7,4,40
2,4,7,5,38
2,4,7,6,38
2,4,7,7,40
2,4,7,8,40
2,4,7,9,38
2,4,7,10,36
2,4,7,11,36
2,4,7,12,36
2,4,7,13,42
2,4,7,14,40
2,4,7,15,36
2,4,7,16,38
2,4,7,17,38
2,4,7,18,38
2,4,7,19,36
2,4,7,20,36
2,4,7,21,36
2,4,7,22,38
2,4,7,23,40
2,4,7,24,36
2,4,7,25,38
2,4,7,26,36
2,4,7,27,38
2,4,7,28,40
2,4,7,29,38
2,4,7,30,36
2,4,7,31,36
2,4,7,32,38
2,4,7,33,42
2,4,7,34,42
2,4,7,35,38
2,4,7,36,38
2,4,7,37,40
2,4,7,38,38
2,4,7,39,40
2,4,7,40,34
2,4,7,41,34
2,4,7,42,36
2,4,7,43,40
2,4,7,44,36
2,4,7,45,38
2,4,7,46,36
2,4,7,47,36
2,4,7,48,36
2,4,7,49,36
2,4,7,50,38
2,4,7,51,38
2,4,7,52,32
2,4,7,53,36
2,4,7,54,36
2,4,7,55,36
2,4,7,56,40
2,4,7,57,38
2,4,7,58,38
2,4,7,59,34
2,4,7,60,38
2,4,7,61,34
2,4,7,62,36
2,4,7,63,36
2,4,8,0,36
2,4,8,1,36
2,4,8,2,38
2,4,8,3,34
2,4,8,4,34
2,4,8,5,36
2,4,8,6,40
2,4,8,7,38
2,4,8,8,38
2,4,8,9,38
2,4,8,10,40
2,4,8,11,36
2,4,8,12,34
2,4,8,13,34
2,4,8,14,38
2,4,8,15,36
2,4,8,16,34
2,4,8,17,36
2,4,8,18,34
2,4,8,19,40
2,4,8,20,34
2,4,8,21,38
2,4,8,22,36
2,4,8,23,36
2,4,8,24,40
2,4,8,25,40
2,4,8,26,34
2,4,8,27,40
2,4,8,28,36
2,4,8,29,38
2,4,8,30,38
2,4,8,31,36
2,4,8,32,38
2,4,8,33,34
2,4,8,34,36
2,4,8,35,36
2,4,8,36,40
2,4,8,37,36
2,4,8,38,36
2,4,8,39,34
2,4,8,40,34
2,4,8,41,38
2,4,8,42,40
2,4,8,43,44
2,4,8,44,36
2,4,8,45,38
2,4,8,46,40
2,4,8,47,36
2,4,8,48,40
2,4,8,49,38
2,4,8,50,36
2,4,8,51,40
2,4,8,52,38
2,4,8,53,38
2,4,8,54,38
2,4,8,55,36
2,4,8,56,34
2,4,8,57,38
2,4,8,58,42
2,4,8,59,38
2,4,8,60,38
2,4,8,61,40
2,4,8,62,36
2,4,8,63,36
2,4,9,0,38
2,4,9,1,36
2,4,9,2,38
2,4,9,3,40
2,4,9,4,38
2,4,9,5,36
2,4,9,6,34
2,4,9,7,34
2,4,9,8,34
2,4,9,9,36
2,4,9,10,40
2,4,9,11,42
2,4,9,12,36
2,4,9,13,40
2,4,9,14,40
2,4,9,15,36
2,4,9,16,38
2,4,9,17,38
2,4,9,18,34
2,4,9,19,40
2,4,9,20,36
2,4,9,21,36
2,4,9,22,36
2,4,9,23,36
2,4,9,24,38
2,4,9,25,40
2,4,9,26,34
2,4,9,27,34
2,4,9,28,40
2,4,9,29,36
2,4,9,30,36
2,4,9,31,40
2,4,9,32,42
2,4,9,33,36
2,4,9,34,34
2,4,9,35,40
2,4,9,36,36
2,4,9,37,36
2,4,9,38,38
2,4,9,39,38
2,4,9,40,40
2,4,9,41,36
2,4,9,42,36
2,4,9,43,38
2,4,9,44,38
2,4,9,45,36
2,4,9,46,36
2,4,9,47,40
2,4,9,48,38
2,4,9,49,34
2,4,9,50,38
2,4,9,51,38
2,4,9,52,38
2,4,9,53,36
2,4,9,54,38
2,4,9,55,34
2,4,9,56,32
2,4,9,57,40
2,4,9,58,40
2,4,9,59,38
2,4,9,60,40
2,4,9,61,32
2,4,9,62,36
2,4,9,63,38
2,4,10,0,36
2,4,10,1,40
2,4,10,2,36
2,4,10,3,38
2,4,10,4,36
2,4,10,5,40
2,4,10,6,38
2,4,10,7,38
2,4,10,8,40
2,4,10,9,40
2,4,10,10,36
2,4,10,11,36
2,4,10,12,36
2,4,10,13,34
2,4,10,14,40
2,4,10,15,36
2,4,10,16,36
2,4,10,17,38
2,4,10,18,34
2,4,10,19,36
2,4,10,20,34
2,4,10,21,34
2,4,10,22,38
2,4,10,23,38
2,4,10,24,40
2,4,10,25,40
2,4,10,26,36
2,4,10,27,40
2,4,10,28,40
2,4,10,29,38
2,4,10,30,36
2,4,10,31,34
2,4,10,32,38
2,4,10,33,36
2,4,10,34,40
2,4,10,35,36
2,4,10,36,40
2,4,10,37,38
2,4,10,38,38
2,4,10,39,36
2,4,10,40,40
2,4,10,41,34
2,4,10,42,36
2,4,10,43,38
2,4,10,44,38
2,4,10,45,36
2,4,10,46,36
2,4,10,47,36
2,4,10,48,34
2,4,10,49,36
2,4,10,50,40
2,4,10,51,38
2,4,10,52,36
2,4,10,53,34
2,4,10,54,34
2,4,10,55,34
2,4,10,56,36
2,4,10,57,38
2,4,10,58,36
2,4,10,59,42
2,4,10,60,36
2,4,10,61,38
2,4,10,62,40
2,4,10,63,34
2,4,11,0,34
2,4,11,1,34
2,4,11,2,36
2,4,11,3,38
2,4,11,4,38
2,4,11,5,36
2,4,11,6,40
2,4,11,7,36
2,4,11,8,34
2,4,11,9,32
2,4,11,10,40
2,4,11,11,36
2,4,11,12,36
2,4,11,13,38
2,4,11,14,36
2,4,11,15,36
2,4,11,16,40
2,4,11,17,34
2,4,11,18,38
2,4,11,19,38
2,4,11,20,34
2,4,11,21,34
2,4,11,22,36
2,4,11,23,36
2,4,11,24,40
2,4,11,25,36
2,4,11,26,32
2,4,11,27,38
2,4,11,28,32
2,4,11,29,40
2,4,11,30,38
2,4,11,31,36
2,4,11,32,38
2,4,11,33,36
2,4,11,34,40
2,4,11,35,36
2,4,11,36,36
2,4,11,37,32
2,4,11,38,34
2,4,11,39,36
2,4,11,40,38
2,4,11,41,36
2,4,11,42,38
2,4,11,43,36
2,4,11,44,38
2,4,11,45,38
2,4,11,46,34
2,4,11,47,36
2,4,11,48,34
2,4,11,49,36
2,4,11,50,34
2,4,11,51,38
2,4,11,52,40
2,4,11,53,38
2,4,11,54,36
2,4,11,55,34
2,4,11,56,36
2,4,11,57,36
2,4,11,58,32
2,4,11,59,40
2,4,11,60,46
2,4,11,61,34
2,4,11,62,36
2,4,11,63,40
2,4,12,0,34
2,4,12,1,36
2,4,12,2,34
2,4,12,3,38
2,4,12,4,34
2,4,12,5,34
2,4,12,6,38
2,4,12,7,40
2,4,12,8,36
2,4,12,9,38
2,4,12,10,36
2,4,12,11,32
2,4,12,12,36
2,4,12,13,32
2,4,12,14,36
2,4,12,15,34
2,4,12,16,38
2,4,12,17,36
2,4,12,18,34
2,4,12,19,32
2,4,12,20,38
2,4,12,21,40
2,4,12,22,36
2,4,12,23,36
2,4,12,24,36
2,4,12,25,36
2,4,12,26,34
2,4,12,27,36
2,4,12,28,36
2,4,12,29,38
2,4,12,30,36
2,4,12,31,32
2,4,12,32,38
2,4,12,33,36
2,4,12,34,36
2,4,12,35,34
2,4,12,36,36
2,4,12,37,34
2,4,12,38,36
2,4,12,39,34
2,4,12,40,34
2,4,12,41,36
2,4,12,42,36
2,4,12,43,34
2,4,12,44,40
2,4,12,45,36
2,4,12,46,32
2,4,12,47,38
2,4,12,48,38
2,4,12,49,36
2,4,12,50,36
2,4,12,51,36
2,4,12,52,40
2,4,12,53,38
2,4,12,54,36
2,4,12,55,36
2,4,12,56,32
2,4,12,57,40
2,4,12,58,36
2,4,12,59,40
2,4,12,60,34
2,4,12,61,36
2,4,12,62,42
2,4,12,63,38
2,4,13,0,36
2,4,13,1,36
2,4,13,2,36
2,4,13,3,36
2,4,13,4,40
2,4,13,5,38
2,4,13,6,32
2,4,13,7,40
2,4,13,8,36
2,4,13,9,36
2,4,13,10,46
2,4,13,11,36
2,4,13,12,36
2,4,13,13,38
2,4,13,14,36
2,4,13,15,40
2,4,13,16,38
2,4,13,17,40
2,4,13,18,38
2,4,13,19,40
2,4,13,20,34
2,4,13,21,34
2,4,13,22,40
2,4,13,23,38
2,4,13,24,40
2,4,13,25,36
2,4,13,26,34
2,4,13,27,34
2,4,13,28,38
2,4,13,29,38
2,4,13,30,36
2,4,13,31,34
2,4,13,32,38
2,4,13,33,36
2,4,13,34,36
2,4,13,35,38
2,4,13,36,38
2,4,13,37,38
2,4,13,38,34
2,4,13,39,36
2,4,13,40,36
2,4,13,41,40
2,4,13,42,40
2,4,13,43,40
2,4,13,44,38
2,4,13,45,38
2,4,13,46,38
2,4,13,47,32
2,4,13,48,40
2,4,13,49,36
2,4,13,50,34
2,4,13,51,36
2,4,13,52,40
2,4,13,53,34
2,4,13,54,38
2,4,13,55,38
2,4,13,56,36
2,4,13,57,36
2,4,13,58,40
2,4,13,59,40
2,4,13,60,36
2,4,13,61,32
2,4,13,62,34
2,4,13,63,38
2,4,14,0,36
2,4,14,1,36
2,4,14,2,36
2,4,14,3,40
2,4,14,4,40
2,4,14,5,40
2,4,14,6,36
2,4,14,7,36
2,4,14,8,36
2,4,14,9,36
2,4,14,10,36
2,4,14,11,36
2,4,14,12,40
2,4,14,13,40
2,4,14,14,34
2,4,14,15,36
2,4,14,16,40
2,4,14,17,36
2,4,14,18,36
2,4,14,19,40
2,4,14,20,36
2,4,14,21,34
2,4,14,22,36
2,4,14,23,36
2,4,14,24,38
2,4,14,25,36
2,4,14,26,36
2,4,14,27,36
2,4,14,28,40
2,4,14,29,34
2,4,14,30,36
2,4,14,31,32
2,4,14,32,36
2,4,14,33,34
2,4,14,34,36
2,4,14,35,36
2,4,14,36,38
2,4,14,37,38
2,4,14,38,34
2,4,14,39,38
2,4,14,40,36
2,4,14,41,38
2,4,14,42,38
2,4,14,43,36
2,4,14,44,38
2,4,14,45,36
2,4,14,46,36
2,4,14,47,36
2,4,14,48,36
2,4,14,49,40
2,4,14,50,34
2,4,14,51,36
2,4,14,52,40
2,4,14,53,38
2,4,14,54,36
2,4,14,55,34
2,4,14,56,36
2,4,14,57,38
2,4,14,58,38
2,4,14,59,34
2,4,14,60,36
2,4,14,61,38
2,4,14,62,36
2,4,14,63,36
3,0,0,0,70
3,0,0,1,76
3,0,0,2,68
3,0,0,3,66
3,0,0,4,70
3,0,0,5,74
3,0,0,6,66
3,0,0,7,66
3,0,0,8,72
3,0,0,9,40
3,0,0,10,64
3,0,0,11,38
3,0,0,12,36
3,0,0,13,76
3,0,0,14,68
3,0,0,15,66
3,0,0,16,72
3,0,0,17,72
3,0,0,18,66
3,0,0,19,66
3,0,0,20,68
3,0,0,21,72
3,0,0,22,64
3,0,0,23,62
3,0,0,24,76
3,0,0,25,76
3,0,0,26,64
3,0,0,27,66
3,0,0,28,74
3,0,0,29,76
3,0,0,30,46
3,0,0,31,78
3,0,0,32,64
3,0,0,33,68
3,0,0,34,68
3,0,0,35,38
3,0,0,36,68
3,0,0,37,40
3,0,0,38,70
3,0,0,39,36
3,0,0,40,66
3,0,0,41,62
3,0,0,42,70
3,0,0,43,70
3,0,0,44,68
3,0,0,45,66
3,0,0,46,68
3,0,0,47,74
3,0,0,48,68
3,0,0,49,62
3,0,0,50,70
3,0,0,51,76
3,0,0,52,66
3,0,0,53,62
3,0,0,54,68
3,0,0,55,74
3,0,0,56,66
3,0,0,57,62
3,0,0,58,76
3,0,0,59,72
3,0,0,60,64
3,0,0,61,62
3,0,0,62,70
3,0,0,63,78
3,0,1,0,40
3,0,1,1,40
3,0,1,2,36
3,0,1,3,34
3,0,1,4,40
3,0,1,5,32
3,0,1,6,38
3,0,1,7,38
3,0,1,8,38
3,0,1,9,34
3,0,1,10,34
3,0,1,11,36
3,0,1,12,38
3,0,1,13,38
3,0,1,14,40
3,0,1,15,38
3,0,1,16,36
3,0,1,17,36
3,0,1,18,34
3,0,1,19,38
3,0,1,20,38
3,0,1,21,38
3,0,1,22,36
3,0,1,23,36
3,0,1,24,40
3,0,1,25,34
3,0,1,26,38
3,0,1,27,40
3,0,1,28,36
3,0,1,29,34
3,0,1,30,36
3,0,1,31,42
3,0,1,32,38
3,0,1,33,36
3,0,1,34,38
3,0,1,35,34
3,0,1,36,34
3,0,1,37,36
3,0,1,38,36
3,0,1,39,38
3,0,1,40,38
3,0,1,41,38
3,0,1,42,38
3,0,1,43,36
3,0,1,44,34
3,0,1,45,42
3,0,1,46,36
3,0,1,47,36
3,0,1,48,34
3,0,1,49,36
3,0,1,50,38
3,0,1,51,36
3,0,1,52,38
3,0,1,53,36
3,0,1,54,36
3,0,1,55,38
3,0,1,56,38
3,0,1,57,34
3,0,1,58,38
3,0,1,59,36
3,0,1,60,38
3,0,1,61,36
3,0,1,62,38
3,0,1,63,36
3,0,2,0,40
3,0,2,1,40
3,0,2,2,36
3,0,2,3,36
3,0,2,4,32
3,0,2,5,32
3,0,2,6,36
3,0,2,7,38
3,0,2,8,36
3,0,2,9,34
3,0,2,10,34
3,0,2,11,38
3,0,2,12,36
3,0,2,13,34
3,0,2,14,36
3,0,2,15,36
3,0,2,16,36
3,0,2,17,38
3,0,2,18,46
3,0,2,19,40
3,0,2,20,36
3,0,2,21,34
3,0,2,22,36
3,0,2,23,34
3,0,2,24,36
3,0,2,25,40
3,0,2,26,34
3,0,2,27,36
3,0,2,28,40
3,0,2,29,34
3,0,2,30,38
3,0,2,31,34
3,0,2,32,34
3,0,2,33,42
3,0,2,34,34
3,0,2,35,36
3,0,2,36,34
3,0,2,37,32
3,0,2,38,32
3,0,2,39,34
3,0,2,40,34
3,0,2,41,36
3,0,2,42,34
3,0,2,43,36
3,0,2,44,38
3,0,2,45,38
3,0,2,46,36
3,0,2,47,38
3,0,2,48,34
3,0,2,49,38
3,0,2,50,36
3,0,2,51,32
3,0,2,52,36
3,0,2,53,36
3,0,2,54,36
3,0,2,55,38
3,0,2,56,38
3,0,2,57,36
3,0,2,58,36
3,0,2,59,40
3,0,2,60,36
3,0,2,61,34
3,0,2,62,36
3,0,2,63,34
3,0,3,0,34
3,0,3,1,36
3,0,3,2,36
3,0,3,3,32
3,0,3,4,40
3,0,3,5,36
3,0,3,6,32
3,0,3,7,36
3,0,3,8,36
3,0,3,9,36
3,0,3,10,38
3,0,3,11,40
3,0,3,12,36
3,0,3,13,36
3,0,3,14,36
3,0,3,15,34
3,0,3,16,40
3,0,3,17,40
3,0,3,18,38
3,0,3,19,34
3,0,3,20,38
3,0,3,21,36
3,0,3,22,40
3,0,3,23,40
3,0,3,24,36
3,0,3,25,40
3,0,3,26,38
3,0,3,27,38
3,0,3,28,38
3,0,3,29,38
3,0,3,30,34
3,0,3,31,34
3,0,3,32,36
3,0,3,33,36
3,0,3,34,36
3,0,3,35,40
3,0,3,36,36
3,0,3,37,36
3,0,3,38,36
3,0,3,39,36
3,0,3,40,36
3,0,3,41,38
3,0,3,42,36
3,0,3,43,34
3,0,3,44,36
3,0,3,45,36
3,0,3,46,40
3,0,3,47,36
3,0,3,48,36
3,0,3,49,36
3,0,3,50,36
3,0,3,51,38
3,0,3,52,32
3,0,3,53,36
3,0,3,54,36
3,0,3,55,36
3,0,3,56,36
3,0,3,57,38
3,0,3,58,38
3,0,3,59,36
3,0,3,60,34
3,0,3,61,36
3,0,3,62,40
3,0,3,63,36
3,0,4,0,34
3,0,4,1,36
3,0,4,2,36
3,0,4,3,32
3,0,4,4,36
3,0,4,5,36
3,0,4,6,34
3,0,4,7,32
3,0,4,8,36
3,0,4,9,36
3,0,4,10,34
3,0,4,11,42
3,0,4,12,36
3,0,4,13,36
3,0,4,14,38
3,0,4,15,38
3,0,4,16,38
3,0,4,17,36
3,0,4,18,36
3,0,4,19,34
3,0,4,20,34
3,0,4,21,36
3,0,4,22,36
3,0,4,23,34
3,0,4,24,40
3,0,4,25,36
3,0,4,26,40
3,0,4,27,36
3,0,4,28,48
3,0,4,29,38
3,0,4,30,40
3,0,4,31,38
3,0,4,32,36
3,0,4,33,36
3,0,4,34,40
3,0,4,35,38
3,0,4,36,38
3,0,4,37,32
3,0,4,38,36
3,0,4,39,34
3,0,4,40,36
3,0,4,41,36
3,0,4,42,34
3,0,4,43,40
3,0,4,44,36
3,0,4,45,38
3,0,4,46,36
3,0,4,47,36
3,0,4,48,36
3,0,4,49,34
3,0,4,50,38
3,0,4,51,36
3,0,4,52,36
3,0,4,53,36
3,0,4,54,36
3,0,4,55,72
3,0,4,56,38
3,0,4,57,34
3,0,4,58,40
3,0,4,59,36
3,0,4,60,36
3,0,4,61,34
3,0,4,62,34
3,0,4,63,34
3,0,5,0,36
3,0,5,1,36
3,0,5,2,40
3,0,5,3,36
3,0,5,4,40
3,0,5,5,36
3,0,5,6,40
3,0,5,7,36
3,0,5,8,34
3,0,5,9,36
3,0,5,10,40
3,0,5,11,34
3,0,5,12,34
3,0,5,13,38
3,0,5,14,34
3,0,5,15,38
3,0,5,16,36
3,0,5,17,36
3,0,5,18,36
3,0,5,19,38
3,0,5,20,40
3,0,5,21,40
3,0,5,22,38
3,0,5,23,38
3,0,5,24,36
3,0,5,25,36
3,0,5,26,36
3,0,5,27,38
3,0,5,28,40
3,0,5,29,38
3,0,5,30,32
3,0,5,31,38
3,0,5,32,40
3,0,5,33,38
3,0,5,34,34
3,0,5,35,40
3,0,5,36,36
3,0,5,37,34
3,0,5,38,36
3,0,5,39,36
3,0,5,40,40
3,0,5,41,36
3,0,5,42,34
3,0,5,43,32
3,0,5,44,34
3,0,5,45,38
3,0,5,46,34
3,0,5,47,40
3,0,5,48,38
3,0,5,49,38
3,0,5,50,36
3,0,5,51,34
3,0,5,52,40
3,0,5,53,40
3,0,5,54,36
3,0,5,55,36
3,0,5,56,36
3,0,5,57,40
3,0,5,58,38
3,0,5,59,38
3,0,5,60,38
3,0,5,61,34
3,0,5,62,36
3,0,5,63,34
3,0,6,0,38
3,0,6,1,38
3,0,6,2,36
3,0,6,3,38
3,0,6,4,38
3,0,6,5,36
3,0,6,6,32
3,0,6,7,36
3,0,6,8,34
3,0,6,9,36
3,0,6,10,36
3,0,6,11,36
3,0,6,12,40
3,0,6,13,38
3,0,6,14,36
3,0,6,15,48
3,0,6,16,34
3,0,6,17,38
3,0,6,18,40
3,0,6,19,36
3,0,6,20,40
3,0,6,21,34
3,0,6,22,36
3,0,6,23,34
3,0,6,24,38
3,0,6,25,32
3,0,6,26,38
3,0,6,27,40
3,0,6,28,34
3,0,6,29,36
3,0,6,30,34
3,0,6,31,36
3,0,6,32,40
3,0,6,33,38
3,0,6,34,42
3,0,6,35,36
3,0,6,36,40
3,0,6,37,40
3,0,6,38,36
3,0,6,39,36
3,0,6,40,32
3,0,6,41,34
3,0,6,42,36
3,0,6,43,38
3,0,6,44,38
3,0,6,45,40
3,0,6,46,40
3,0,6,47,40
3,0,6,48,34
3,0,6,49,34
3,0,6,50,34
3,0,6,51,38
3,0,6,52,40
3,0,6,53,38
3,0,6,54,36
3,0,6,55,76
3,0,6,56,38
3,0,6,57,34
3,0,6,58,36
3,0,6,59,38
3,0,6,60,36
3,0,6,61,36
3,0,6,62,40
3,0,6,63,38
3,0,7,0,38
3,0,7,1,38
3,0,7,2,40
3,0,7,3,38
3,0,7,4,36
3,0,7,5,36
3,0,7,6,38
3,0,7,7,38
3,0,7,8,40
3,0,7,9,34
3,0,7,10,36
3,0,7,11,34
3,0,7,12,42
3,0,7,13,40
3,0,7,14,38
3,0,7,15,38
3,0,7,16,36
3,0,7,17,36
3,0,7,18,36
3,0,7,19,36
3,0,7,20,38
3,0,7,21,38
3,0,7,22,40
3,0,7,23,38
3,0,7,24,38
3,0,7,25,36
3,0,7,26,38
3,0,7,27,34
3,0,7,28,36
3,0,7,29,38
3,0,7,30,34
3,0,7,31,38
3,0,7,32,36
3,0,7,33,38
3,0,7,34,36
3,0,7,35,38
3,0,7,36,38
3,0,7,37,36
3,0,7,38,36
3,0,7,39,36
3,0,7,40,42
3,0,7,41,40
3,0,7,42,42
3,0,7,43,36
3,0,7,44,34
3,0,7,45,36
3,0,7,46,36
3,0,7,47,40
3,0,7,48,42
3,0,7,49,36
3,0,7,50,38
3,0,7,51,36
3,0,7,52,36
3,0,7,53,36
3,0,7,54,48
3,0,7,55,74
3,0,7,56,38
3,0,7,57,36
3,0,7,58,40
3,0,7,59,34
3,0,7,60,38
3,0,7,61,38
3,0,7,62,38
3,0,7,63,36
3,0,8,0,36
3,0,8,1,36
3,0,8,2,40
3,0,8,3,40
3,0,8,4,36
3,0,8,5,36
3,0,8,6,38
3,0,8,7,36
3,0,8,8,36
3,0,8,9,34
3,0,8,10,36
3,0,8,11,38
3,0,8,12,36
3,0,8,13,36
3,0,8,14,36
3,0,8,15,40
3,0,8,16,34
3,0,8,17,36
3,0,8,18,36
3,0,8,19,40
3,0,8,20,36
3,0,8,21,36
3,0,8,22,38
3,0,8,23,34
3,0,8,24,36
3,0,8,25,34
3,0,8,26,40
3,0,8,27,40
3,0,8,28,36
3,0,8,29,40
3,0,8,30,32
3,0,8,31,38
3,0,8,32,38
3,0,8,33,32
3,0,8,34,38
3,0,8,35,36
3,0,8,36,36
3,0,8,37,34
3,0,8,38,36
3,0,8,39,38
3,0,8,40,36
3,0,8,41,36
3,0,8,42,36
3,0,8,43,38
3,0,8,44,38
3,0,8,45,40
3,0,8,46,34
3,0,8,47,34
3,0,8,48,34
3,0,8,49,34
3,0,8,50,38
3,0,8,51,36
3,0,8,52,36
3,0,8,53,36
3,0,8,54,32
3,0,8,55,40
3,0,8,56,38
3,0,8,57,36
3,0,8,58,38
3,0,8,59,36
3,0,8,60,38
3,0,8,61,36
3,0,8,62,32
3,0,8,63,36
3,0,9,0,32
3,0,9,1,40
3,0,9,2,38
3,0,9,3,38
3,0,9,4,34
3,0,9,5,38
3,0,9,6,38
3,0,9,7,34
3,0,9,8,36
3,0,9,9,38
3,0,9,10,36
3,0,9,11,40
3,0,9,12,34
3,0,9,13,46
3,0,9,14,40
3,0,9,15,36
3,0,9,16,34
3,0,9,17,40
3,0,9,18,34
3,0,9,19,38
3,0,9,20,36
3,0,9,21,36
3,0,9,22,36
3,0,9,23,38
3,0,9,24,36
3,0,9,25,34
3,0,9,26,40
3,0,9,27,36
3,0,9,28,40
3,0,9,29,34
3,0,9,30,38
3,0,9,31,36
3,0,9,32,38
3,0,9,33,32
3,0,9,34,34
3,0,9,35,34
3,0,9,36,34
3,0,9,37,42
3,0,9,38,36
3,0,9,39,36
3,0,9,40,40
3,0,9,41,32
3,0,9,42,40
3,0,9,43,40
3,0,9,44,36
3,0,9,45,36
3,0,9,46,38
3,0,9,47,36
3,0,9,48,36
3,0,9,49,38
3,0,9,50,36
3,0,9,51,36
3,0,9,52,36
3,0,9,53,40
3,0,9,54,34
3,0,9,55,74
3,0,9,56,38
3,0,9,57,36
3,0,9,58,40
3,0,9,59,36
3,0,9,60,38
3,0,9,61,42
3,0,9,62,38
3,0,9,63,38
3,0,10,0,34
3,0,10,1,36
3,0,10,2,36
3,0,10,3,36
3,0,10,4,34
3,0,10,5,36
3,0,10,6,36
3,0,10,7,36
3,0,10,8,38
3,0,10,9,36
3,0,10,10,38
3,0,10,11,36
3,0,10,12,36
3,0,10,13,38
3,0,10,14,36
3,0,10,15,38
3,0,10,16,36
3,0,10,17,34
3,0,10,18,38
3,0,10,19,38
3,0,10,20,38
3,0,10,21,34
3,0,10,22,34
3,0,10,23,36
3,0,10,24,36
3,0,10,25,38
3,0,10,26,34
3,0,10,27,36
3,0,10,28,36
3,0,10,29,36
3,0,10,30,36
3,0,10,31,36
3,0,10,32,34
3,0,10,33,38
3,0,10,34,36
3,0,10,35,36
3,0,10,36,34
3,0,10,37,34
3,0,10,38,32
3,0,10,39,34
3,0,10,40,34
3,0,10,41,38
3,0,10,42,36
3,0,10,43,38
3,0,10,44,40
3,0,10,45,36
3,0,10,46,36
3,0,10,47,34
3,0,10,48,38
3,0,10,49,34
3,0,10,50,36
3,0,10,51,36
3,0,10,52,32
3,0,10,53,38
3,0,10,54,38
3,0,10,55,38
3,0,10,56,40
3,0,10,57,38
3,0,10,58,36
3,0,10,59,36
3,0,10,60,34
3,0,10,61,38
3,0,10,62,36
3,0,10,63,38
3,0,11,0,34
3,0,11,1,36
3,0,11,2,34
3,0,11,3,36
3,0,11,4,38
3,0,11,5,36
3,0,11,6,40
3,0,11,7,36
3,0,11,8,36
3,0,11,9,34
3,0,11,10,36
3,0,11,11,36
3,0,11,12,38
3,0,11,13,36
3,0,11,14,36
3,0,11,15,34
3,0,11,16,36
3,0,11,17,36
3,0,11,18,36
3,0,11,19,38
3,0,11,20,40
3,0,11,21,34
3,0,11,22,38
3,0,11,23,36
3,0,11,24,36
3,0,11,25,48
3,0,11,26,32
3,0,11,27,36
3,0,11,28,34
3,0,11,29,38
3,0,11,30,36
3,0,11,31,40
3,0,11,32,36
3,0,11,33,36
3,0,11,34,40
3,0,11,35,36
3,0,11,36,34
3,0,11,37,34
3,0,11,38,42
3,0,11,39,36
3,0,11,40,38
3,0,11,41,36
3,0,11,42,34
3,0,11,43,42
3,0,11,44,32
3,0,11,45,34
3,0,11,46,34
3,0,11,47,32
3,0,11,48,38
3,0,11,49,38
3,0,11,50,38
3,0,11,51,36
3,0,11,52,34
3,0,11,53,40
3,0,11,54,38
3,0,11,55,72
3,0,11,56,38
3,0,11,57,38
3,0,11,58,38
3,0,11,59,36
3,0,11,60,36
3,0,11,61,36
3,0,11,62,36
3,0,11,63,36
3,0,12,0,42
3,0,12,1,36
3,0,12,2,36
3,0,12,3,38
3,0,12,4,36
3,0,12,5,34
3,0,12,6,36
3,0,12,7,36
3,0,12,8,36
3,0,12,9,34
3,0,12,10,36
3,0,12,11,38
3,0,12,12,40
3,0,12,13,36
3,0,12,14,38
3,0,12,15,36
3,0,12,16,36
3,0,12,17,36
3,0,12,18,36
3,0,12,19,40
3,0,12,20,38
3,0,12,21,40
3,0,12,22,42
3,0,12,23,38
3,0,12,24,38
3,0,12,25,36
3,0,12,26,36
3,0,12,27,36
3,0,12,28,36
3,0,12,29,36
3,0,12,30,34
3,0,12,31,42
3,0,12,32,36
3,0,12,33,36
3,0,12,34,38
3,0,12,35,40
3,0,12,36,32
3,0,12,37,36
3,0,12,38,36
3,0,12,39,38
3,0,12,40,38
3,0,12,41,48
3,0,12,42,36
3,0,12,43,38
3,0,12,44,38
3,0,12,45,36
3,0,12,46,34
3,0,12,47,42
3,0,12,48,36
3,0,12,49,40
3,0,12,50,38
3,0,12,51,38
3,0,12,52,34
3,0,12,53,40
3,0,12,54,36
3,0,12,55,72
3,0,12,56,36
3,0,12,57,40
3,0,12,58,36
3,0,12,59,34
3,0,12,60,36
3,0,12,61,34
3,0,12,62,34
3,0,12,63,36
3,0,13,0,36
3,0,13,1,36
3,0,13,2,38
3,0,13,3,40
3,0,13,4,36
3,0,13,5,36
3,0,13,6,36
3,0,13,7,36
3,0,13,8,38
3,0,13,9,38
3,0,13,10,42
3,0,13,11,36
3,0,13,12,38
3,0,13,13,36
3,0,13,14,34
3,0,13,15,36
3,0,13,16,36
3,0,13,17,36
3,0,13,18,36
3,0,13,19,36
3,0,13,20,40
3,0,13,21,36
3,0,13,22,36
3,0,13,23,36
3,0,13,24,38
3,0,13,25,36
3,0,13,26,34
3,0,13,27,36
3,0,13,28,38
3,0,13,29,38
3,0,13,30,34
3,0,13,31,36
3,0,13,32,38
3,0,13,33,36
3,0,13,34,34
3,0,13,35,36
3,0,13,36,38
3,0,13,37,36
3,0,13,38,34
3,0,13,39,36
3,0,13,40,36
3,0,13,41,38
3,0,13,42,34
3,0,13,43,36
3,0,13,44,36
3,0,13,45,38
3,0,13,46,36
3,0,13,47,38
3,0,13,48,38
3,0,13,49,34
3,0,13,50,34
3,0,13,51,38
3,0,13,52,40
3,0,13,53,38
3,0,13,54,38
3,0,13,55,36
3,0,13,56,36
3,0,13,57,38
3,0,13,58,38
3,0,13,59,34
3,0,13,60,38
3,0,13,61,36
3,0,13,62,36
3,0,13,63,38
3,0,14,0,40
3,0,14,1,38
3,0,14,2,40
3,0,14,3,40
3,0,14,4,38
3,0,14,5,42
3,0,14,6,36
3,0,14,7,36
3,0,14,8,38
3,0,14,9,36
3,0,14,10,36
3,0,14,11,36
3,0,14,12,36
3,0,14,13,36
3,0,14,14,40
3,0,14,15,38
3,0,14,16,36
3,0,14,17,34
3,0,14,18,36
3,0,14,19,40
3,0,14,20,36
3,0,14,21,40
3,0,14,22,36
3,0,14,23,34
3,0,14,24,36
3,0,14,25,38
3,0,14,26,36
3,0,14,27,34
3,0,14,28,38
3,0,14,29,36
3,0,14,30,36
3,0,14,31,38
3,0,14,32,36
3,0,14,33,34
3,0,14,34,36
3,0,14,35,34
3,0,14,36,36
3,0,14,37,34
3,0,14,38,38
3,0,14,39,40
3,0,14,40,40
3,0,14,41,36
3,0,14,42,36
3,0,14,43,40
3,0,14,44,36
3,0,14,45,38
3,0,14,46,34
3,0,14,47,38
3,0,14,48,38
3,0,14,49,36
3,0,14,50,36
3,0,14,51,38
3,0,14,52,38
3,0,14,53,36
3,0,14,54,36
3,0,14,55,74
3,0,14,56,40
3,0,14,57,38
3,0,14,58,38
3,0,14,59,38
3,0,14,60,38
3,0,14,61,48
3,0,14,62,36
3,0,14,63,36
3,1,0,0,32
3,1,0,1,38
3,1,0,2,34
3,1,0,3,38
3,1,0,4,38
3,1,0,5,38
3,1,0,6,36
3,1,0,7,40
3,1,0,8,36
3,1,0,9,38
3,1,0,10,38
3,1,0,11,38
3,1,0,12,40
3,1,0,13,36
3,1,0,14,34
3,1,0,15,36
3,1,0,16,38
3,1,0,17,36
3,1,0,18,36
3,1,0,19,36
3,1,0,20,36
3,1,0,21,40
3,1,0,22,36
3,1,0,23,36
3,1,0,24,40
3,1,0,25,38
3,1,0,26,36
3,1,0,27,38
3,1,0,28,34
3,1,0,29,34
3,1,0,30,38
3,1,0,31,36
3,1,0,32,36
3,1,0,33,38
3,1,0,34,38
3,1,0,35,36
3,1,0,36,46
3,1,0,37,38
3,1,0,38,34
3,1,0,39,40
3,1,0,40,36
3,1,0,41,40
3,1,0,42,38
3,1,0,43,36
3,1,0,44,36
3,1,0,45,36
3,1,0,46,40
3,1,0,47,40
3,1,0,48,38
3,1,0,49,36
3,1,0,50,36
3,1,0,51,40
3,1,0,52,34
3,1,0,53,32
3,1,0,54,36
3,1,0,55,38
3,1,0,56,40
3,1,0,57,36
3,1,0,58,38
3,1,0,59,32
3,1,0,60,36
3,1,0,61,42
3,1,0,62,36
3,1,0,63,38
3,1,1,0,38
3,1,1,1,38
3,1,1,2,38
3,1,1,3,38
3,1,1,4,32
3,1,1,5,36
3,1,1,6,40
3,1,1,7,34
3,1,1,8,40
3,1,1,9,38
3,1,1,10,36
3,1,1,11,34
3,1,1,12,36
3,1,1,13,34
3,1,1,14,36
3,1,1,15,36
3,1,1,16,38
3,1,1,17,40
3,1,1,18,36
3,1,1,19,34
3,1,1,20,40
3,1,1,21,40
3,1,1,22,36
3,1,1,23,38
3,1,1,24,32
3,1,1,25,34
3,1,1,26,36
3,1,1,27,36
3,1,1,28,38
3,1,1,29,34
3,1,1,30,38
3,1,1,31,38
3,1,1,32,40
3,1,1,33,38
3,1,1,34,38
3,1,1,35,38
3,1,1,36,36
3,1,1,37,36
3,1,1,38,34
3,1,1,39,38
3,1,1,40,42
3,1,1,41,36
3,1,1,42,38
3,1,1,43,42
3,1,1,44,38
3,1,1,45,38
3,1,1,46,36
3,1,1,47,40
3,1,1,48,36
3,1,1,49,36
3,1,1,50,36
3,1,1,51,36
3,1,1,52,34
3,1,1,53,38
3,1,1,54,34
3,1,1,55,36
3,1,1,56,38
3,1,1,57,40
3,1,1,58,40
3,1,1,59,36
3,1,1,60,38
3,1,1,61,36
3,1,1,62,34
3,1,1,63,36
3,1,2,0,38
3,1,2,1,36
3,1,2,2,36
3,1,2,3,34
3,1,2,4,36
3,1,2,5,34
3,1,2,6,36
3,1,2,7,34
3,1,2,8,38
3,1,2,9,36
3,1,2,10,36
3,1,2,11,42
3,1,2,12,36
3,1,2,13,40
3,1,2,14,36
3,1,2,15,36
3,1,2,16,38
3,1,2,17,36
3,1,2,18,32
3,1,2,19,36
3,1,2,20,38
3,1,2,21,36
3,1,2,22,40
3,1,2,23,36
3,1,2,24,38
3,1,2,25,36
3,1,2,26,38
3,1,2,27,36
3,1,2,28,36
3,1,2,29,34
3,1,2,30,38
3,1,2,31,38
3,1,2,32,40
3,1,2,33,42
3,1,2,34,34
3,1,2,35,36
3,1,2,36,36
3,1,2,37,46
3,1,2,38,42
3,1,2,39,34
3,1,2,40,38
3,1,2,41,38
3,1,2,42,38
3,1,2,43,36
3,1,2,44,34
3,1,2,45,34
3,1,2,46,36
3,1,2,47,38
3,1,2,48,32
3,1,2,49,38
3,1,2,50,36
3,1,2,51,36
3,1,2,52,40
3,1,2,53,38
3,1,2,54,34
3,1,2,55,72
3,1,2,56,38
3,1,2,57,36
3,1,2,58,38
3,1,2,59,34
3,1,2,60,36
3,1,2,61,36
3,1,2,62,34
3,1,2,63,36
3,1,3,0,34
3,1,3,1,32
3,1,3,2,34
3,1,3,3,38
3,1,3,4,36
3,1,3,5,36
3,1,3,6,42
3,1,3,7,34
3,1,3,8,34
3,1,3,9,36
3,1,3,10,40
3,1,3,11,40
3,1,3,12,38
3,1,3,13,38
3,1,3,14,38
3,1,3,15,38
3,1,3,16,38
3,1,3,17,34
3,1,3,18,36
3,1,3,19,38
3,1,3,20,42
3,1,3,21,34
3,1,3,22,34
3,1,3,23,36
3,1,3,24,38
3,1,3,25,36
3,1,3,26,36
3,1,3,27,36
3,1,3,28,36
3,1,3,29,38
3,1,3,30,36
3,1,3,31,36
3,1,3,32,34
3,1,3,33,38
3,1,3,34,36
3,1,3,35,36
3,1,3,36,36
3,1,3,37,36
3,1,3,38,36
3,1,3,39,34
3,1,3,40,40
3,1,3,41,36
3,1,3,42,38
3,1,3,43,40
3,1,3,44,36
3,1,3,45,38
3,1,3,46,36
3,1,3,47,34
3,1,3,48,38
3,1,3,49,36
3,1,3,50,34
3,1,3,51,36
3,1,3,52,38
3,1,3,53,32
3,1,3,54,34
3,1,3,55,38
3,1,3,56,34
3,1,3,57,32
3,1,3,58,36
3,1,3,59,38
3,1,3,60,36
3,1,3,61,40
3,1,3,62,34
3,1,3,63,38
3,1,4,0,42
3,1,4,1,36
3,1,4,2,32
3,1,4,3,36
3,1,4,4,36
3,1,4,5,38
3,1,4,6,36
3,1,4,7,40
3,1,4,8,36
3,1,4,9,36
3,1,4,10,36
3,1,4,11,36
3,1,4,12,32
3,1,4,13,36
3,1,4,14,36
3,1,4,15,38
3,1,4,16,36
3,1,4,17,40
3,1,4,18,36
3,1,4,19,36
3,1,4,20,36
3,1,4,21,36
3,1,4,22,36
3,1,4,23,40
3,1,4,24,38
3,1,4,25,36
3,1,4,26,36
3,1,4,27,40
3,1,4,28,38
3,1,4,29,34
3,1,4,30,40
3,1,4,31,32
3,1,4,32,36
3,1,4,33,32
3,1,4,34,36
3,1,4,35,36
3,1,4,36,36
3,1,4,37,38
3,1,4,38,38
3,1,4,39,34
3,1,4,40,36
3,1,4,41,38
3,1,4,42,36
3,1,4,43,40
3,1,4,44,36
3,1,4,45,36
3,1,4,46,46
3,1,4,47,40
3,1,4,48,36
3,1,4,49,38
3,1,4,50,36
3,1,4,51,38
3,1,4,52,40
3,1,4,53,40
3,1,4,54,42
3,1,4,55,72
3,1,4,56,36
3,1,4,57,38
3,1,4,58,36
3,1,4,59,38
3,1,4,60,36
3,1,4,61,36
3,1,4,62,36
3,1,4,63,38
3,1,5,0,34
3,1,5,1,36
3,1,5,2,36
3,1,5,3,38
3,1,5,4,40
3,1,5,5,36
3,1,5,6,38
3,1,5,7,42
3,1,5,8,34
3,1,5,9,38
3,1,5,10,36
3,1,5,11,38
3,1,5,12,34
3,1,5,13,36
3,1,5,14,38
3,1,5,15,34
3,1,5,16,42
3,1,5,17,34
3,1,5,18,38
3,1,5,19,40
3,1,5,20,38
3,1,5,21,40
3,1,5,22,36
3,1,5,23,32
3,1,5,24,32
3,1,5,25,38
3,1,5,26,32
3,1,5,27,36
3,1,5,28,36
3,1,5,29,38
3,1,5,30,34
3,1,5,31,36
3,1,5,32,36
3,1,5,33,36
3,1,5,34,40
3,1,5,35,36
3,1,5,36,38
3,1,5,37,32
3,1,5,38,36
3,1,5,39,38
3,1,5,40,38
3,1,5,41,36
3,1,5,42,38
3,1,5,43,40
3,1,5,44,46
3,1,5,45,34
3,1,5,46,36
3,1,5,47,36
3,1,5,48,38
3,1,5,49,34
3,1,5,50,34
3,1,5,51,36
3,1,5,52,36
3,1,5,53,34
3,1,5,54,38
3,1,5,55,38
3,1,5,56,32
3,1,5,57,40
3,1,5,58,40
3,1,5,59,36
3,1,5,60,40
3,1,5,61,34
3,1,5,62,38
3,1,5,63,38
3,1,6,0,36
3,1,6,1,36
3,1,6,2,34
3,1,6,3,40
3,1,6,4,38
3,1,6,5,38
3,1,6,6,36
3,1,6,7,38
3,1,6,8,32
3,1,6,9,40
3,1,6,10,38
3,1,6,11,34
3,1,6,12,32
3,1,6,13,36
3,1,6,14,36
3,1,6,15,36
3,1,6,16,36
3,1,6,17,36
3,1,6,18,32
3,1,6,19,34
3,1,6,20,40
3,1,6,21,36
3,1,6,22,36
3,1,6,23,38
3,1,6,24,34
3,1,6,25,36
3,1,6,26,38
3,1,6,27,36
3,1,6,28,40
3,1,6,29,36
3,1,6,30,36
3,1,6,31,40
3,1,6,32,38
3,1,6,33,40
3,1,6,34,40
3,1,6,35,36
3,1,6,36,36
3,1,6,37,36
3,1,6,38,34
3,1,6,39,34
3,1,6,40,40
3,1,6,41,36
3,1,6,42,38
3,1,6,43,36
3,1,6,44,36
3,1,6,45,40
3,1,6,46,36
3,1,6,47,40
3,1,6,48,36
3,1,6,49,36
3,1,6,50,38
3,1,6,51,34
3,1,6,52,38
3,1,6,53,40
3,1,6,54,36
3,1,6,55,34
3,1,6,56,36
3,1,6,57,42
3,1,6,58,36
3,1,6,59,38
3,1,6,60,40
3,1,6,61,36
3,1,6,62,34
3,1,6,63,36
3,1,7,0,40
3,1,7,1,36
3,1,7,2,64
3,1,7,3,48
3,1,7,4,34
3,1,7,5,38
3,1,7,6,62
3,1,7,7,36
3,1,7,8,34
3,1,7,9,40
3,1,7,10,36
3,1,7,11,36
3,1,7,12,32
3,1,7,13,38
3,1,7,14,36
3,1,7,15,36
3,1,7,16,36
3,1,7,17,36
3,1,7,18,36
3,1,7,19,38
3,1,7,20,36
3,1,7,21,36
3,1,7,22,36
3,1,7,23,36
3,1,7,24,36
3,1,7,25,38
3,1,7,26,36
3,1,7,27,36
3,1,7,28,36
3,1,7,29,34
3,1,7,30,36
3,1,7,31,42
3,1,7,32,36
3,1,7,33,42
3,1,7,34,38
3,1,7,35,50
3,1,7,36,42
3,1,7,37,38
3,1,7,38,38
3,1,7,39,40
3,1,7,40,36
3,1,7,41,38
3,1,7,42,36
3,1,7,43,40
3,1,7,44,40
3,1,7,45,32
3,1,7,46,36
3,1,7,47,34
3,1,7,48,34
3,1,7,49,38
3,1,7,50,34
3,1,7,51,38
3,1,7,52,66
3,1,7,53,36
3,1,7,54,72
3,1,7,55,74
3,1,7,56,34
3,1,7,57,40
3,1,7,58,40
3,1,7,59,36
3,1,7,60,38
3,1,7,61,36
3,1,7,62,38
3,1,7,63,38
3,1,8,0,36
3,1,8,1,42
3,1,8,2,34
3,1,8,3,34
3,1,8,4,34
3,1,8,5,40
3,1,8,6,36
3,1,8,7,36
3,1,8,8,34
3,1,8,9,38
3,1,8,10,38
3,1,8,11,34
3,1,8,12,38
3,1,8,13,36
3,1,8,14,36
3,1,8,15,36
3,1,8,16,38
3,1,8,17,40
3,1,8,18,34
3,1,8,19,34
3,1,8,20,36
3,1,8,21,36
3,1,8,22,38
3,1,8,23,40
3,1,8,24,38
3,1,8,25,36
3,1,8,26,34
3,1,8,27,36
3,1,8,28,38
3,1,8,29,36
3,1,8,30,36
3,1,8,31,34
3,1,8,32,38
3,1,8,33,36
3,1,8,34,36
3,1,8,35,38
3,1,8,36,38
3,1,8,37,38
3,1,8,38,38
3,1,8,39,34
3,1,8,40,38
3,1,8,41,36
3,1,8,42,36
3,1,8,43,36
3,1,8,44,36
3,1,8,45,40
3,1,8,46,40
3,1,8,47,32
3,1,8,48,38
3,1,8,49,34
3,1,8,50,40
3,1,8,51,34
3,1,8,52,34
3,1,8,53,34
3,1,8,54,36
3,1,8,55,34
3,1,8,56,36
3,1,8,57,38
3,1,8,58,34
3,1,8,59,38
3,1,8,60,38
3,1,8,61,34
3,1,8,62,38
3,1,8,63,36
3,1,9,0,38
3,1,9,1,36
3,1,9,2,38
3,1,9,3,36
3,1,9,4,36
3,1,9,5,36
3,1,9,6,38
3,1,9,7,38
3,1,9,8,36
3,1,9,9,36
3,1,9,10,38
3,1,9,11,36
3,1,9,12,36
3,1,9,13,38
3,1,9,14,42
3,1,9,15,40
3,1,9,16,36
3,1,9,17,40
3,1,9,18,40
3,1,9,19,38
3,1,9,20,40
3,1,9,21,40
3,1,9,22,36
3,1,9,23,40
3,1,9,24,34
3,1,9,25,38
3,1,9,26,40
3,1,9,27,34
3,1,9,28,36
3,1,9,29,36
3,1,9,30,40
3,1,9,31,40
3,1,9,32,36
3,1,9,33,38
3,1,9,34,36
3,1,9,35,40
3,1,9,36,34
3,1,9,37,40
3,1,9,38,36
3,1,9,39,36
3,1,9,40,38
3,1,9,41,36
3,1,9,42,34
3,1,9,43,48
3,1,9,44,34
3,1,9,45,36
3,1,9,46,38
3,1,9,47,38
3,1,9,48,40
3,1,9,49,36
3,1,9,50,38
3,1,9,51,36
3,1,9,52,36
3,1,9,53,36
3,1,9,54,34
3,1,9,55,34
3,1,9,56,36
3,1,9,57,40
3,1,9,58,36
3,1,9,59,36
3,1,9,60,42
3,1,9,61,36
3,1,9,62,38
3,1,9,63,36
3,1,10,0,38
3,1,10,1,38
3,1,10,2,34
3,1,10,3,38
3,1,10,4,36
3,1,10,5,38
3,1,10,6,36
3,1,10,7,36
3,1,10,8,36
3,1,10,9,36
3,1,10,10,38
3,1,10,11,34
3,1,10,12,38
3,1,10,13,36
3,1,10,14,36
3,1,10,15,38
3,1,10,16,36
3,1,10,17,38
3,1,10,18,46
3,1,10,19,36
3,1,10,20,36
3,1,10,21,36
3,1,10,22,38
3,1,10,23,38
3,1,10,24,38
3,1,10,25,36
3,1,10,26,38
3,1,10,27,34
3,1,10,28,32
3,1,10,29,36
3,1,10,30,38
3,1,10,31,36
3,1,10,32,38
3,1,10,33,40
3,1,10,34,32
3,1,10,35,40
3,1,10,36,40
3,1,10,37,36
3,1,10,38,34
3,1,10,39,36
3,1,10,40,34
3,1,10,41,38
3,1,10,42,38
3,1,10,43,36
3,1,10,44,38
3,1,10,45,38
3,1,10,46,38
3,1,10,47,38
3,1,10,48,40
3,1,10,49,36
3,1,10,50,36
3,1,10,51,36
3,1,10,52,36
3,1,10,53,38
3,1,10,54,38
3,1,10,55,66
3,1,10,56,36
3,1,10,57,34
3,1,10,58,38
3,1,10,59,34
3,1,10,60,42
3,1,10,61,36
3,1,10,62,34
3,1,10,63,36
3,1,11,0,40
3,1,11,1,36
3,1,11,2,36
3,1,11,3,36
3,1,11,4,40
3,1,11,5,38
3,1,11,6,40
3,1,11,7,36
3,1,11,8,36
3,1,11,9,38
3,1,11,10,34
3,1,11,11,36
3,1,11,12,34
3,1,11,13,36
3,1,11,14,40
3,1,11,15,32
3,1,11,16,38
3,1,11,17,36
3,1,11,18,36
3,1,11,19,40
3,1,11,20,38
3,1,11,21,40
3,1,11,22,34
3,1,11,23,34
3,1,11,24,36
3,1,11,25,38
3,1,11,26,40
3,1,11,27,40
3,1,11,28,36
3,1,11,29,36
3,1,11,30,40
3,1,11,31,36
3,1,11,32,40
3,1,11,33,36
3,1,11,34,38
3,1,11,35,36
3,1,11,36,40
3,1,11,37,38
3,1,11,38,40
3,1,11,39,36
3,1,11,40,34
3,1,11,41,36
3,1,11,42,36
3,1,11,43,40
3,1,11,44,36
3,1,11,45,36
3,1,11,46,38
3,1,11,47,38
3,1,11,48,34
3,1,11,49,40
3,1,11,50,38
3,1,11,51,38
3,1,11,52,36
3,1,11,53,40
3,1,11,54,38
3,1,11,55,34
3,1,11,56,36
3,1,11,57,34
3,1,11,58,38
3,1,11,59,40
3,1,11,60,34
3,1,11,61,34
3,1,11,62,34
3,1,11,63,34
3,1,12,0,36
3,1,12,1,40
3,1,12,2,40
3,1,12,3,34
3,1,12,4,36
3,1,12,5,36
3,1,12,6,42
3,1,12,7,36
3,1,12,8,34
3,1,12,9,36
3,1,12,10,38
3,1,12,11,36
3,1,12,12,40
3,1,12,13,36
3,1,12,14,36
3,1,12,15,36
3,1,12,16,40
3,1,12,17,38
3,1,12,18,38
3,1,12,19,36
3,1,12,20,32
3,1,12,21,38
3,1,12,22,36
3,1,12,23,36
3,1,12,24,38
3,1,12,25,38
3,1,12,26,36
3,1,12,27,38
3,1,12,28,46
3,1,12,29,38
3,1,12,30,38
3,1,12,31,36
3,1,12,32,36
3,1,12,33,38
3,1,12,34,38
3,1,12,35,38
3,1,12,36,36
3,1,12,37,38
3,1,12,38,34
3,1,12,39,36
3,1,12,40,36
3,1,12,41,38
3,1,12,42,36
3,1,12,43,36
3,1,12,44,38
3,1,12,45,32
3,1,12,46,34
3,1,12,47,34
3,1,12,48,36
3,1,12,49,36
3,1,12,50,38
3,1,12,51,34
3,1,12,52,42
3,1,12,53,36
3,1,12,54,38
3,1,12,55,74
3,1,12,56,34
3,1,12,57,34
3,1,12,58,38
3,1,12,59,38
3,1,12,60,36
3,1,12,61,34
3,1,12,62,38
3,1,12,63,40
3,1,13,0,72
3,1,13,1,32
3,1,13,2,32
3,1,13,3,66
3,1,13,4,42
3,1,13,5,40
3,1,13,6,62
3,1,13,7,66
3,1,13,8,72
3,1,13,9,36
3,1,13,10,38
3,1,13,11,40
3,1,13,12,40
3,1,13,13,38
3,1,13,14,36
3,1,13,15,42
3,1,13,16,38
3,1,13,17,40
3,1,13,18,42
3,1,13,19,64
3,1,13,20,36
3,1,13,21,38
3,1,13,22,68
3,1,13,23,64
3,1,13,24,72
3,1,13,25,72
3,1,13,26,64
3,1,13,27,62
3,1,13,28,78
3,1,13,29,76
3,1,13,30,32
3,1,13,31,42
3,1,13,32,34
3,1,13,33,36
3,1,13,34,36
3,1,13,35,40
3,1,13,36,36
3,1,13,37,38
3,1,13,38,36
3,1,13,39,38
3,1,13,40,40
3,1,13,41,38
3,1,13,42,36
3,1,13,43,38
3,1,13,44,36
3,1,13,45,38
3,1,13,46,70
3,1,13,47,70
3,1,13,48,64
3,1,13,49,34
3,1,13,50,74
3,1,13,51,34
3,1,13,52,68
3,1,13,53,38
3,1,13,54,36
3,1,13,55,38
3,1,13,56,40
3,1,13,57,34
3,1,13,58,40
3,1,13,59,48
3,1,13,60,70
3,1,13,61,36
3,1,13,62,40
3,1,13,63,38
3,1,14,0,32
3,1,14,1,36
3,1,14,2,38
3,1,14,3,40
3,1,14,4,36
3,1,14,5,38
3,1,14,6,36
3,1,14,7,46
3,1,14,8,36
3,1,14,9,38
3,1,14,10,36
3,1,14,11,36
3,1,14,12,36
3,1,14,13,38
3,1,14,14,38
3,1,14,15,36
3,1,14,16,40
3,1,14,17,42
3,1,14,18,36
3,1,14,19,38
3,1,14,20,36
3,1,14,21,40
3,1,14,22,38
3,1,14,23,40
3,1,14,24,38
3,1,14,25,36
3,1,14,26,36
3,1,14,27,38
3,1,14,28,34
3,1,14,29,36
3,1,14,30,36
3,1,14,31,36
3,1,14,32,36
3,1,14,33,36
3,1,14,34,34
3,1,14,35,38
3,1,14,36,36
3,1,14,37,38
3,1,14,38,38
3,1,14,39,36
3,1,14,40,36
3,1,14,41,36
3,1,14,42,38
3,1,14,43,32
3,1,14,44,36
3,1,14,45,38
3,1,14,46,40
3,1,14,47,42
3,1,14,48,38
3,1,14,49,38
3,1,14,50,34
3,1,14,51,32
3,1,14,52,40
3,1,14,53,38
3,1,14,54,36
3,1,14,55,36
3,1,14,56,36
3,1,14,57,36
3,1,14,58,38
3,1,14,59,36
3,1,14,60,38
3,1,14,61,38
3,1,14,62,38
3,1,14,63,36
3,2,0,0,74
3,2,0,1,70
3,2,0,2,70
3,2,0,3,68
3,2,0,4,74
3,2,0,5,70
3,2,0,6,66
3,2,0,7,64
3,2,0,8,40
3,2,0,9,40
3,2,0,10,36
3,2,0,11,36
3,2,0,12,76
3,2,0,13,38
3,2,0,14,38
3,2,0,15,62
3,2,0,16,36
3,2,0,17,34
3,2,0,18,40
3,2,0,19,64
3,2,0,20,74
3,2,0,21,36
3,2,0,22,36
3,2,0,23,32
3,2,0,24,70
3,2,0,25,70
3,2,0,26,64
3,2,0,27,68
3,2,0,28,72
3,2,0,29,70
3,2,0,30,36
3,2,0,31,40
3,2,0,32,66
3,2,0,33,70
3,2,0,34,72
3,2,0,35,76
3,2,0,36,62
3,2,0,37,42
3,2,0,38,38
3,2,0,39,32
3,2,0,40,36
3,2,0,41,40
3,2,0,42,36
3,2,0,43,40
3,2,0,44,38
3,2,0,45,44
3,2,0,46,74
3,2,0,47,70
3,2,0,48,68
3,2,0,49,64
3,2,0,50,78
3,2,0,51,76
3,2,0,52,66
3,2,0,53,64
3,2,0,54,72
3,2,0,55,70
3,2,0,56,62
3,2,0,57,66
3,2,0,58,36
3,2,0,59,42
3,2,0,60,36
3,2,0,61,68
3,2,0,62,72
3,2,0,63,36
3,2,1,0,82
3,2,1,1,34
3,2,1,2,38
3,2,1,3,40
3,2,1,4,36
3,2,1,5,40
3,2,1,6,38
3,2,1,7,38
3,2,1,8,36
3,2,1,9,36
3,2,1,10,40
3,2,1,11,38
3,2,1,12,38
3,2,1,13,40
3,2,1,14,36
3,2,1,15,36
3,2,1,16,36
3,2,1,17,36
3,2,1,18,32
3,2,1,19,36
3,2,1,20,38
3,2,1,21,34
3,2,1,22,40
3,2,1,23,40
3,2,1,24,38
3,2,1,25,36
3,2,1,26,38
3,2,1,27,36
3,2,1,28,36
3,2,1,29,38
3,2,1,30,36
3,2,1,31,36
3,2,1,32,38
3,2,1,33,38
3,2,1,34,36
3,2,1,35,38
3,2,1,36,36
3,2,1,37,34
3,2,1,38,36
3,2,1,39,38
3,2,1,40,36
3,2,1,41,38
3,2,1,42,40
3,2,1,43,38
3,2,1,44,36
3,2,1,45,34
3,2,1,46,42
3,2,1,47,38
3,2,1,48,34
3,2,1,49,36
3,2,1,50,36
3,2,1,51,36
3,2,1,52,36
3,2,1,53,38
3,2,1,54,38
3,2,1,55,36
3,2,1,56,40
3,2,1,57,36
3,2,1,58,38
3,2,1,59,38
3,2,1,60,36
3,2,1,61,34
3,2,1,62,34
3,2,1,63,40
3,2,2,0,38
3,2,2,1,38
3,2,2,2,36
3,2,2,3,36
3,2,2,4,38
3,2,2,5,36
3,2,2,6,38
3,2,2,7,38
3,2,2,8,36
3,2,2,9,36
3,2,2,10,38
3,2,2,11,40
3,2,2,12,38
3,2,2,13,36
3,2,2,14,38
3,2,2,15,34
3,2,2,16,36
3,2,2,17,38
3,2,2,18,38
3,2,2,19,36
3,2,2,20,36
3,2,2,21,38
3,2,2,22,36
3,2,2,23,38
3,2,2,24,38
3,2,2,25,34
3,2,2,26,40
3,2,2,27,36
3,2,2,28,38
3,2,2,29,38
3,2,2,30,40
3,2,2,31,36
3,2,2,32,40
3,2,2,33,40
3,2,2,34,36
3,2,2,35,34
3,2,2,36,46
3,2,2,37,36
3,2,2,38,34
3,2,2,39,36
3,2,2,40,36
3,2,2,41,36
3,2,2,42,34
3,2,2,43,38
3,2,2,44,36
3,2,2,45,36
3,2,2,46,40
3,2,2,47,36
3,2,2,48,40
3,2,2,49,36
3,2,2,50,36
3,2,2,51,36
3,2,2,52,40
3,2,2,53,40
3,2,2,54,34
3,2,2,55,38
3,2,2,56,40
3,2,2,57,40
3,2,2,58,36
3,2,2,59,40
3,2,2,60,38
3,2,2,61,42
3,2,2,62,36
3,2,2,63,38
3,2,3,0,36
3,2,3,1,36
3,2,3,2,40
3,2,3,3,40
3,2,3,4,36
3,2,3,5,40
3,2,3,6,36
3,2,3,7,34
3,2,3,8,34
3,2,3,9,36
3,2,3,10,38
3,2,3,11,36
3,2,3,12,42
3,2,3,13,36
3,2,3,14,36
3,2,3,15,36
3,2,3,16,36
3,2,3,17,38
3,2,3,18,36
3,2,3,19,38
3,2,3,20,36
3,2,3,21,36
3,2,3,22,34
3,2,3,23,34
3,2,3,24,36
3,2,3,25,40
3,2,3,26,74
3,2,3,27,36
3,2,3,28,38
3,2,3,29,36
3,2,3,30,36
3,2,3,31,36
3,2,3,32,34
3,2,3,33,38
3,2,3,34,38
3,2,3,35,36
3,2,3,36,38
3,2,3,37,64
3,2,3,38,34
3,2,3,39,36
3,2,3,40,36
3,2,3,41,36
3,2,3,42,40
3,2,3,43,34
3,2,3,44,38
3,2,3,45,38
3,2,3,46,36
3,2,3,47,34
3,2,3,48,38
3,2,3,49,64
3,2,3,50,38
3,2,3,51,36
3,2,3,52,66
3,2,3,53,38
3,2,3,54,40
3,2,3,55,36
3,2,3,56,36
3,2,3,57,42
3,2,3,58,34
3,2,3,59,38
3,2,3,60,68
3,2,3,61,34
3,2,3,62,34
3,2,3,63,56
3,2,4,0,34
3,2,4,1,40
3,2,4,2,38
3,2,4,3,34
3,2,4,4,40
3,2,4,5,42
3,2,4,6,36
3,2,4,7,36
3,2,4,8,36
3,2,4,9,34
3,2,4,10,38
3,2,4,11,36
3,2,4,12,36
3,2,4,13,38
3,2,4,14,38
3,2,4,15,40
3,2,4,16,38
3,2,4,17,34
3,2,4,18,34
3,2,4,19,40
3,2,4,20,36
3,2,4,21,34
3,2,4,22,38
3,2,4,23,40
3,2,4,24,36
3,2,4,25,40
3,2,4,26,40
3,2,4,27,34
3,2,4,28,36
3,2,4,29,34
3,2,4,30,36
3,2,4,31,34
3,2,4,32,34
3,2,4,33,34
3,2,4,34,34
3,2,4,35,40
3,2,4,36,36
3,2,4,37,36
3,2,4,38,36
3,2,4,39,36
3,2,4,40,34
3,2,4,41,36
3,2,4,42,36
3,2,4,43,38
3,2,4,44,38
3,2,4,45,40
3,2,4,46,38
3,2,4,47,36
3,2,4,48,32
3,2,4,49,36
3,2,4,50,46
3,2,4,51,36
3,2,4,52,36
3,2,4,53,38
3,2,4,54,34
3,2,4,55,40
3,2,4,56,42
3,2,4,57,38
3,2,4,58,38
3,2,4,59,38
3,2,4,60,38
3,2,4,61,36
3,2,4,62,38
3,2,4,63,34
3,2,5,0,34
3,2,5,1,34
3,2,5,2,36
3,2,5,3,34
3,2,5,4,36
3,2,5,5,40
3,2,5,6,34
3,2,5,7,36
3,2,5,8,40
3,2,5,9,40
3,2,5,10,36
3,2,5,11,34
3,2,5,12,36
3,2,5,13,34
3,2,5,14,36
3,2,5,15,38
3,2,5,16,36
3,2,5,17,36
3,2,5,18,36
3,2,5,19,40
3,2,5,20,36
3,2,5,21,38
3,2,5,22,34
3,2,5,23,38
3,2,5,24,36
3,2,5,25,38
3,2,5,26,36
3,2,5,27,36
3,2,5,28,38
3,2,5,29,36
3,2,5,30,34
3,2,5,31,34
3,2,5,32,34
3,2,5,33,36
3,2,5,34,38
3,2,5,35,38
3,2,5,36,42
3,2,5,37,38
3,2,5,38,38
3,2,5,39,36
3,2,5,40,36
3,2,5,41,34
3,2,5,42,38
3,2,5,43,36
3,2,5,44,32
3,2,5,45,32
3,2,5,46,36
3,2,5,47,32
3,2,5,48,34
3,2,5,49,36
3,2,5,50,36
3,2,5,51,36
3,2,5,52,34
3,2,5,53,42
3,2,5,54,34
3,2,5,55,40
3,2,5,56,40
3,2,5,57,36
3,2,5,58,38
3,2,5,59,38
3,2,5,60,36
3,2,5,61,36
3,2,5,62,34
3,2,5,63,36
3,2,6,0,36
3,2,6,1,34
3,2,6,2,38
3,2,6,3,38
3,2,6,4,40
3,2,6,5,36
3,2,6,6,36
3,2,6,7,36
3,2,6,8,34
3,2,6,9,36
3,2,6,10,34
3,2,6,11,42
3,2,6,12,38
3,2,6,13,38
3,2,6,14,34
3,2,6,15,36
3,2,6,16,34
3,2,6,17,38
3,2,6,18,40
3,2,6,19,40
3,2,6,20,40
3,2,6,21,38
3,2,6,22,36
3,2,6,23,38
3,2,6,24,34
3,2,6,25,36
3,2,6,26,36
3,2,6,27,36
3,2,6,28,36
3,2,6,29,46
3,2,6,30,34
3,2,6,31,38
3,2,6,32,34
3,2,6,33,36
3,2,6,34,34
3,2,6,35,38
3,2,6,36,38
3,2,6,37,34
3,2,6,38,38
3,2,6,39,36
3,2,6,40,36
3,2,6,41,34
3,2,6,42,36
3,2,6,43,36
3,2,6,44,40
3,2,6,45,36
3,2,6,46,34
3,2,6,47,36
3,2,6,48,38
3,2,6,49,36
3,2,6,50,36
3,2,6,51,38
3,2,6,52,36
3,2,6,53,40
3,2,6,54,38
3,2,6,55,70
3,2,6,56,38
3,2,6,57,36
3,2,6,58,34
3,2,6,59,34
3,2,6,60,38
3,2,6,61,36
3,2,6,62,38
3,2,6,63,36
3,2,7,0,36
3,2,7,1,38
3,2,7,2,38
3,2,7,3,40
3,2,7,4,40
3,2,7,5,38
3,2,7,6,36
3,2,7,7,36
3,2,7,8,38
3,2,7,9,34
3,2,7,10,38
3,2,7,11,36
3,2,7,12,40
3,2,7,13,42
3,2,7,14,32
3,2,7,15,34
3,2,7,16,40
3,2,7,17,32
3,2,7,18,36
3,2,7,19,36
3,2,7,20,38
3,2,7,21,36
3,2,7,22,36
3,2,7,23,40
3,2,7,24,40
3,2,7,25,36
3,2,7,26,36
3,2,7,27,32
3,2,7,28,38
3,2,7,29,36
3,2,7,30,32
3,2,7,31,36
3,2,7,32,36
3,2,7,33,38
3,2,7,34,32
3,2,7,35,40
3,2,7,36,34
3,2,7,37,36
3,2,7,38,36
3,2,7,39,40
3,2,7,40,36
3,2,7,41,34
3,2,7,42,36
3,2,7,43,36
3,2,7,44,40
3,2,7,45,36
3,2,7,46,40
3,2,7,47,36
3,2,7,48,36
3,2,7,49,46
3,2,7,50,36
3,2,7,51,38
3,2,7,52,36
3,2,7,53,40
3,2,7,54,36
3,2,7,55,36
3,2,7,56,36
3,2,7,57,34
3,2,7,58,36
3,2,7,59,36
3,2,7,60,36
3,2,7,61,34
3,2,7,62,34
3,2,7,63,42
3,2,8,0,38
3,2,8,1,40
3,2,8,2,36
3,2,8,3,36
3,2,8,4,40
3,2,8,5,36
3,2,8,6,34
3,2,8,7,40
3,2,8,8,38
3,2,8,9,36
3,2,8,10,40
3,2,8,11,36
3,2,8,12,38
3,2,8,13,34
3,2,8,14,34
3,2,8,15,36
3,2,8,16,40
3,2,8,17,38
3,2,8,18,40
3,2,8,19,40
3,2,8,20,38
3,2,8,21,36
3,2,8,22,38
3,2,8,23,36
3,2,8,24,38
3,2,8,25,34
3,2,8,26,40
3,2,8,27,34
3,2,8,28,36
3,2,8,29,40
3,2,8,30,36
3,2,8,31,36
3,2,8,32,40
3,2,8,33,36
3,2,8,34,38
3,2,8,35,32
3,2,8,36,36
3,2,8,37,38
3,2,8,38,36
3,2,8,39,34
3,2,8,40,40
3,2,8,41,36
3,2,8,42,40
3,2,8,43,34
3,2,8,44,34
3,2,8,45,40
3,2,8,46,34
3,2,8,47,38
3,2,8,48,36
3,2,8,49,38
3,2,8,50,32
3,2,8,51,36
3,2,8,52,40
3,2,8,53,36
3,2,8,54,36
3,2,8,55,32
3,2,8,56,36
3,2,8,57,36
3,2,8,58,38
3,2,8,59,34
3,2,8,60,34
3,2,8,61,38
3,2,8,62,36
3,2,8,63,40
3,2,9,0,40
3,2,9,1,38
3,2,9,2,32
3,2,9,3,42
3,2,9,4,38
3,2,9,5,36
3,2,9,6,36
3,2,9,7,36
3,2,9,8,36
3,2,9,9,38
3,2,9,10,34
3,2,9,11,38
3,2,9,12,36
3,2,9,13,34
3,2,9,14,36
3,2,9,15,32
3,2,9,16,40
3,2,9,17,36
3,2,9,18,36
3,2,9,19,40
3,2,9,20,44
3,2,9,21,36
3,2,9,22,36
3,2,9,23,36
3,2,9,24,36
3,2,9,25,36
3,2,9,26,38
3,2,9,27,36
3,2,9,28,38
3,2,9,29,36
3,2,9,30,34
3,2,9,31,36
3,2,9,32,38
3,2,9,33,38
3,2,9,34,40
3,2,9,35,36
3,2,9,36,36
3,2,9,37,40
3,2,9,38,38
3,2,9,39,36
3,2,9,40,38
3,2,9,41,38
3,2,9,42,36
3,2,9,43,36
3,2,9,44,36
3,2,9,45,36
3,2,9,46,40
3,2,9,47,40
3,2,9,48,40
3,2,9,49,34
3,2,9,50,40
3,2,9,51,38
3,2,9,52,38
3,2,9,53,38
3,2,9,54,40
3,2,9,55,76
3,2,9,56,34
3,2,9,57,38
3,2,9,58,36
3,2,9,59,36
3,2,9,60,38
3,2,9,61,34
3,2,9,62,40
3,2,9,63,34
3,2,10,0,34
3,2,10,1,36
3,2,10,2,38
3,2,10,3,34
3,2,10,4,36
3,2,10,5,32
3,2,10,6,40
3,2,10,7,40
3,2,10,8,40
3,2,10,9,38
3,2,10,10,38
3,2,10,11,38
3,2,10,12,38
3,2,10,13,36
3,2,10,14,38
3,2,10,15,38
3,2,10,16,36
3,2,10,17,36
3,2,10,18,42
3,2,10,19,34
3,2,10,20,34
3,2,10,21,38
3,2,10,22,38
3,2,10,23,38
3,2,10,24,36
3,2,10,25,42
3,2,10,26,38
3,2,10,27,34
3,2,10,28,42
3,2,10,29,40
3,2,10,30,42
3,2,10,31,32
3,2,10,32,32
3,2,10,33,42
3,2,10,34,36
3,2,10,35,36
3,2,10,36,38
3,2,10,37,42
3,2,10,38,36
3,2,10,39,40
3,2,10,40,34
3,2,10,41,38
3,2,10,42,36
3,2,10,43,38
3,2,10,44,40
3,2,10,45,36
3,2,10,46,38
3,2,10,47,36
3,2,10,48,40
3,2,10,49,42
3,2,10,50,38
3,2,10,51,36
3,2,10,52,38
3,2,10,53,38
3,2,10,54,34
3,2,10,55,36
3,2,10,56,38
3,2,10,57,34
3,2,10,58,34
3,2,10,59,36
3,2,10,60,36
3,2,10,61,38
3,2,10,62,40
3,2,10,63,38
3,2,11,0,38
3,2,11,1,36
3,2,11,2,36
3,2,11,3,36
3,2,11,4,40
3,2,11,5,36
3,2,11,6,40
3,2,11,7,32
3,2,11,8,38
3,2,11,9,36
3,2,11,10,34
3,2,11,11,38
3,2,11,12,40
3,2,11,13,34
3,2,11,14,36
3,2,11,15,34
3,2,11,16,40
3,2,11,17,38
3,2,11,18,32
3,2,11,19,36
3,2,11,20,38
3,2,11,21,38
3,2,11,22,38
3,2,11,23,38
3,2,11,24,34
3,2,11,25,36
3,2,11,26,36
3,2,11,27,34
3,2,11,28,34
3,2,11,29,40
3,2,11,30,34
3,2,11,31,36
3,2,11,32,34
3,2,11,33,38
3,2,11,34,36
3,2,11,35,36
3,2,11,36,38
3,2,11,37,38
3,2,11,38,42
3,2,11,39,36
3,2,11,40,36
3,2,11,41,34
3,2,11,42,36
3,2,11,43,32
3,2,11,44,38
3,2,11,45,38
3,2,11,46,36
3,2,11,47,36
3,2,11,48,36
3,2,11,49,40
3,2,11,50,36
3,2,11,51,38
3,2,11,52,38
3,2,11,53,36
3,2,11,54,34
3,2,11,55,36
3,2,11,56,38
3,2,11,57,36
3,2,11,58,38
3,2,11,59,36
3,2,11,60,38
3,2,11,61,46
3,2,11,62,36
3,2,11,63,36
3,2,12,0,38
3,2,12,1,36
3,2,12,2,34
3,2,12,3,34
3,2,12,4,40
3,2,12,5,36
3,2,12,6,38
3,2,12,7,34
3,2,12,8,38
3,2,12,9,38
3,2,12,10,38
3,2,12,11,34
3,2,12,12,36
3,2,12,13,36
3,2,12,14,36
3,2,12,15,36
3,2,12,16,40
3,2,12,17,38
3,2,12,18,36
3,2,12,19,36
3,2,12,20,34
3,2,12,21,38
3,2,12,22,36
3,2,12,23,36
3,2,12,24,36
3,2,12,25,38
3,2,12,26,40
3,2,12,27,36
3,2,12,28,36
3,2,12,29,36
3,2,12,30,36
3,2,12,31,40
3,2,12,32,34
3,2,12,33,34
3,2,12,34,38
3,2,12,35,38
3,2,12,36,36
3,2,12,37,34
3,2,12,38,38
3,2,12,39,36
3,2,12,40,34
3,2,12,41,38
3,2,12,42,34
3,2,12,43,36
3,2,12,44,36
3,2,12,45,34
3,2,12,46,38
3,2,12,47,36
3,2,12,48,34
3,2,12,49,36
3,2,12,50,36
3,2,12,51,36
3,2,12,52,34
3,2,12,53,36
3,2,12,54,38
3,2,12,55,40
3,2,12,56,36
3,2,12,57,36
3,2,12,58,36
3,2,12,59,38
3,2,12,60,34
3,2,12,61,38
3,2,12,62,36
3,2,12,63,38
3,2,13,0,36
3,2,13,1,36
3,2,13,2,38
3,2,13,3,36
3,2,13,4,34
3,2,13,5,42
3,2,13,6,36
3,2,13,7,40
3,2,13,8,38
3,2,13,9,36
3,2,13,10,38
3,2,13,11,40
3,2,13,12,36
3,2,13,13,36
3,2,13,14,36
3,2,13,15,36
3,2,13,16,34
3,2,13,17,36
3,2,13,18,34
3,2,13,19,40
3,2,13,20,32
3,2,13,21,34
3,2,13,22,36
3,2,13,23,38
3,2,13,24,38
3,2,13,25,38
3,2,13,26,36
3,2,13,27,34
3,2,13,28,34
3,2,13,29,40
3,2,13,30,38
3,2,13,31,38
3,2,13,32,36
3,2,13,33,38
3,2,13,34,38
3,2,13,35,32
3,2,13,36,34
3,2,13,37,36
3,2,13,38,38
3,2,13,39,36
3,2,13,40,36
3,2,13,41,36
3,2,13,42,38
3,2,13,43,36
3,2,13,44,38
3,2,13,45,36
3,2,13,46,36
3,2,13,47,34
3,2,13,48,38
3,2,13,49,36
3,2,13,50,38
3,2,13,51,36
3,2,13,52,38
3,2,13,53,36
3,2,13,54,38
3,2,13,55,36
3,2,13,56,38
3,2,13,57,34
3,2,13,58,42
3,2,13,59,40
3,2,13,60,38
3,2,13,61,36
3,2,13,62,40
3,2,13,63,40
3,2,14,0,38
3,2,14,1,38
3,2,14,2,36
3,2,14,3,38
3,2,14,4,38
3,2,14,5,38
3,2,14,6,36
3,2,14,7,36
3,2,14,8,36
3,2,14,9,36
3,2,14,10,34
3,2,14,11,36
3,2,14,12,38
3,2,14,13,38
3,2,14,14,36
3,2,14,15,32
3,2,14,16,40
3,2,14,17,46
3,2,14,18,32
3,2,14,19,36
3,2,14,20,34
3,2,14,21,36
3,2,14,22,38
3,2,14,23,36
3,2,14,24,34
3,2,14,25,36
3,2,14,26,36
3,2,14,27,36
3,2,14,28,36
3,2,14,29,36
3,2,14,30,38
3,2,14,31,40
3,2,14,32,36
3,2,14,33,38
3,2,14,34,36
3,2,14,35,38
3,2,14,36,36
3,2,14,37,40
3,2,14,38,38
3,2,14,39,38
3,2,14,40,38
3,2,14,41,36
3,2,14,42,38
3,2,14,43,36
3,2,14,44,36
3,2,14,45,38
3,2,14,46,36
3,2,14,47,36
3,2,14,48,36
3,2,14,49,38
3,2,14,50,40
3,2,14,51,36
3,2,14,52,36
3,2,14,53,36
3,2,14,54,34
3,2,14,55,70
3,2,14,56,42
3,2,14,57,36
3,2,14,58,40
3,2,14,59,36
3,2,14,60,40
3,2,14,61,36
3,2,14,62,34
3,2,14,63,38
3,3,0,0,36
3,3,0,1,38
3,3,0,2,36
3,3,0,3,34
3,3,0,4,34
3,3,0,5,40
3,3,0,6,38
3,3,0,7,36
3,3,0,8,36
3,3,0,9,36
3,3,0,10,36
3,3,0,11,36
3,3,0,12,38
3,3,0,13,40
3,3,0,14,38
3,3,0,15,32
3,3,0,16,34
3,3,0,17,36
3,3,0,18,40
3,3,0,19,40
3,3,0,20,36
3,3,0,21,38
3,3,0,22,40
3,3,0,23,40
3,3,0,24,36
3,3,0,25,36
3,3,0,26,34
3,3,0,27,40
3,3,0,28,36
3,3,0,29,38
3,3,0,30,36
3,3,0,31,36
3,3,0,32,40
3,3,0,33,34
3,3,0,34,38
3,3,0,35,36
3,3,0,36,38
3,3,0,37,40
3,3,0,38,38
3,3,0,39,36
3,3,0,40,34
3,3,0,41,40
3,3,0,42,34
3,3,0,43,34
3,3,0,44,34
3,3,0,45,34
3,3,0,46,38
3,3,0,47,36
3,3,0,48,40
3,3,0,49,38
3,3,0,50,36
3,3,0,51,40
3,3,0,52,34
3,3,0,53,36
3,3,0,54,36
3,3,0,55,36
3,3,0,56,38
3,3,0,57,38
3,3,0,58,36
3,3,0,59,34
3,3,0,60,36
3,3,0,61,32
3,3,0,62,34
3,3,0,63,38
3,3,1,0,40
3,3,1,1,34
3,3,1,2,34
3,3,1,3,36
3,3,1,4,36
3,3,1,5,36
3,3,1,6,36
3,3,1,7,36
3,3,1,8,34
3,3,1,9,36
3,3,1,10,40
3,3,1,11,34
3,3,1,12,40
3,3,1,13,38
3,3,1,14,36
3,3,1,15,38
3,3,1,16,40
3,3,1,17,38
3,3,1,18,36
3,3,1,19,34
3,3,1,20,36
3,3,1,21,40
3,3,1,22,36
3,3,1,23,40
3,3,1,24,36
3,3,1,25,36
3,3,1,26,36
3,3,1,27,32
3,3,1,28,36
3,3,1,29,36
3,3,1,30,36
3,3,1,31,38
3,3,1,32,36
3,3,1,33,40
3,3,1,34,38
3,3,1,35,38
3,3,1,36,40
3,3,1,37,38
3,3,1,38,38
3,3,1,39,36
3,3,1,40,40
3,3,1,41,38
3,3,1,42,34
3,3,1,43,36
3,3,1,44,36
3,3,1,45,34
3,3,1,46,38
3,3,1,47,36
3,3,1,48,34
3,3,1,49,38
3,3,1,50,38
3,3,1,51,36
3,3,1,52,40
3,3,1,53,42
3,3,1,54,32
3,3,1,55,66
3,3,1,56,34
3,3,1,57,34
3,3,1,58,38
3,3,1,59,40
3,3,1,60,38
3,3,1,61,50
3,3,1,62,38
3,3,1,63,36
3,3,2,0,36
3,3,2,1,36
3,3,2,2,36
3,3,2,3,40
3,3,2,4,32
3,3,2,5,36
3,3,2,6,38
3,3,2,7,32
3,3,2,8,40
3,3,2,9,34
3,3,2,10,40
3,3,2,11,36
3,3,2,12,38
3,3,2,13,36
3,3,2,14,40
3,3,2,15,36
3,3,2,16,36
3,3,2,17,38
3,3,2,18,36
3,3,2,19,38
3,3,2,20,36
3,3,2,21,42
3,3,2,22,38
3,3,2,23,36
3,3,2,24,38
3,3,2,25,36
3,3,2,26,32
3,3,2,27,38
3,3,2,28,40
3,3,2,29,36
3,3,2,30,40
3,3,2,31,34
3,3,2,32,38
3,3,2,33,40
3,3,2,34,36
3,3,2,35,34
3,3,2,36,40
3,3,2,37,36
3,3,2,38,36
3,3,2,39,36
3,3,2,40,38
3,3,2,41,34
3,3,2,42,36
3,3,2,43,40
3,3,2,44,32
3,3,2,45,38
3,3,2,46,40
3,3,2,47,38
3,3,2,48,38
3,3,2,49,34
3,3,2,50,38
3,3,2,51,36
3,3,2,52,38
3,3,2,53,36
3,3,2,54,38
3,3,2,55,38
3,3,2,56,38
3,3,2,57,34
3,3,2,58,38
3,3,2,59,38
3,3,2,60,34
3,3,2,61,36
3,3,2,62,38
3,3,2,63,38
3,3,3,0,38
3,3,3,1,38
3,3,3,2,36
3,3,3,3,34
3,3,3,4,36
3,3,3,5,38
3,3,3,6,36
3,3,3,7,40
3,3,3,8,32
3,3,3,9,36
3,3,3,10,38
3,3,3,11,38
3,3,3,12,36
3,3,3,13,36
3,3,3,14,42
3,3,3,15,36
3,3,3,16,38
3,3,3,17,38
3,3,3,18,36
3,3,3,19,40
3,3,3,20,38
3,3,3,21,36
3,3,3,22,36
3,3,3,23,36
3,3,3,24,36
3,3,3,25,36
3,3,3,26,38
3,3,3,27,36
3,3,3,28,34
3,3,3,29,38
3,3,3,30,38
3,3,3,31,38
3,3,3,32,40
3,3,3,33,42
3,3,3,34,34
3,3,3,35,40
3,3,3,36,38
3,3,3,37,34
3,3,3,38,40
3,3,3,39,36
3,3,3,40,38
3,3,3,41,40
3,3,3,42,36
3,3,3,43,34
3,3,3,44,36
3,3,3,45,40
3,3,3,46,34
3,3,3,47,38
3,3,3,48,36
3,3,3,49,38
3,3,3,50,38
3,3,3,51,36
3,3,3,52,34
3,3,3,53,36
3,3,3,54,36
3,3,3,55,74
3,3,3,56,36
3,3,3,57,38
3,3,3,58,40
3,3,3,59,38
3,3,3,60,40
3,3,3,61,36
3,3,3,62,36
3,3,3,63,34
3,3,4,0,38
3,3,4,1,36
3,3,4,2,34
3,3,4,3,36
3,3,4,4,38
3,3,4,5,38
3,3,4,6,38
3,3,4,7,40
3,3,4,8,34
3,3,4,9,36
3,3,4,10,34
3,3,4,11,40
3,3,4,12,40
3,3,4,13,34
3,3,4,14,38
3,3,4,15,32
3,3,4,16,34
3,3,4,17,38
3,3,4,18,50
3,3,4,19,36
3,3,4,20,36
3,3,4,21,36
3,3,4,22,38
3,3,4,23,38
3,3,4,24,36
3,3,4,25,38
3,3,4,26,32
3,3,4,27,40
3,3,4,28,38
3,3,4,29,36
3,3,4,30,38
3,3,4,31,40
3,3,4,32,36
3,3,4,33,38
3,3,4,34,40
3,3,4,35,38
3,3,4,36,38
3,3,4,37,32
3,3,4,38,36
3,3,4,39,38
3,3,4,40,38
3,3,4,41,36
3,3,4,42,34
3,3,4,43,36
3,3,4,44,38
3,3,4,45,38
3,3,4,46,38
3,3,4,47,32
3,3,4,48,36
3,3,4,49,32
3,3,4,50,38
3,3,4,51,36
3,3,4,52,40
3,3,4,53,40
3,3,4,54,38
3,3,4,55,70
3,3,4,56,40
3,3,4,57,36
3,3,4,58,40
3,3,4,59,36
3,3,4,60,40
3,3,4,61,38
3,3,4,62,36
3,3,4,63,34
3,3,5,0,38
3,3,5,1,34
3,3,5,2,42
3,3,5,3,40
3,3,5,4,40
3,3,5,5,38
3,3,5,6,40
3,3,5,7,38
3,3,5,8,32
3,3,5,9,34
3,3,5,10,36
3,3,5,11,40
3,3,5,12,36
3,3,5,13,36
3,3,5,14,38
3,3,5,15,38
3,3,5,16,36
3,3,5,17,36
3,3,5,18,36
3,3,5,19,36
3,3,5,20,36
3,3,5,21,34
3,3,5,22,36
3,3,5,23,38
3,3,5,24,40
3,3,5,25,32
3,3,5,26,38
3,3,5,27,36
3,3,5,28,38
3,3,5,29,38
3,3,5,30,36
3,3,5,31,38
3,3,5,32,36
3,3,5,33,36
3,3,5,34,38
3,3,5,35,38
3,3,5,36,38
3,3,5,37,36
3,3,5,38,38
3,3,5,39,36
3,3,5,40,34
3,3,5,41,36
3,3,5,42,36
3,3,5,43,38
3,3,5,44,38
3,3,5,45,34
3,3,5,46,40
3,3,5,47,36
3,3,5,48,38
3,3,5,49,38
3,3,5,50,36
3,3,5,51,38
3,3,5,52,36
3,3,5,53,36
3,3,5,54,34
3,3,5,55,34
3,3,5,56,36
3,3,5,57,36
3,3,5,58,36
3,3,5,59,40
3,3,5,60,42
3,3,5,61,40
3,3,5,62,40
3,3,5,63,38
3,3,6,0,36
3,3,6,1,38
3,3,6,2,36
3,3,6,3,80
3,3,6,4,34
3,3,6,5,38
3,3,6,6,38
3,3,6,7,36
3,3,6,8,36
3,3,6,9,34
3,3,6,10,38
3,3,6,11,38
3,3,6,12,34
3,3,6,13,42
3,3,6,14,40
3,3,6,15,36
3,3,6,16,36
3,3,6,17,36
3,3,6,18,38
3,3,6,19,36
3,3,6,20,36
3,3,6,21,34
3,3,6,22,38
3,3,6,23,36
3,3,6,24,36
3,3,6,25,36
3,3,6,26,38
3,3,6,27,38
3,3,6,28,40
3,3,6,29,34
3,3,6,30,38
3,3,6,31,38
3,3,6,32,36
3,3,6,33,38
3,3,6,34,36
3,3,6,35,38
3,3,6,36,40
3,3,6,37,36
3,3,6,38,38
3,3,6,39,36
3,3,6,40,38
3,3,6,41,36
3,3,6,42,36
3,3,6,43,36
3,3,6,44,38
3,3,6,45,42
3,3,6,46,38
3,3,6,47,40
3,3,6,48,36
3,3,6,49,36
3,3,6,50,36
3,3,6,51,38
3,3,6,52,38
3,3,6,53,36
3,3,6,54,36
3,3,6,55,70
3,3,6,56,36
3,3,6,57,36
3,3,6,58,34
3,3,6,59,40
3,3,6,60,36
3,3,6,61,38
3,3,6,62,36
3,3,6,63,36
3,3,7,0,38
3,3,7,1,36
3,3,7,2,38
3,3,7,3,36
3,3,7,4,36
3,3,7,5,36
3,3,7,6,40
3,3,7,7,38
3,3,7,8,38
3,3,7,9,34
3,3,7,10,34
3,3,7,11,36
3,3,7,12,40
3,3,7,13,36
3,3,7,14,34
3,3,7,15,38
3,3,7,16,38
3,3,7,17,34
3,3,7,18,38
3,3,7,19,38
3,3,7,20,38
3,3,7,21,38
3,3,7,22,34
3,3,7,23,36
3,3,7,24,36
3,3,7,25,38
3,3,7,26,36
3,3,7,27,36
3,3,7,28,36
3,3,7,29,34
3,3,7,30,34
3,3,7,31,36
3,3,7,32,36
3,3,7,33,36
3,3,7,34,36
3,3,7,35,40
3,3,7,36,34
3,3,7,37,40
3,3,7,38,34
3,3,7,39,38
3,3,7,40,36
3,3,7,41,36
3,3,7,42,38
3,3,7,43,36
3,3,7,44,36
3,3,7,45,40
3,3,7,46,36
3,3,7,47,38
3,3,7,48,38
3,3,7,49,40
3,3,7,50,38
3,3,7,51,38
3,3,7,52,38
3,3,7,53,36
3,3,7,54,38
3,3,7,55,36
3,3,7,56,42
3,3,7,57,34
3,3,7,58,36
3,3,7,59,36
3,3,7,60,36
3,3,7,61,36
3,3,7,62,36
3,3,7,63,38
3,3,8,0,38
3,3,8,1,38
3,3,8,2,38
3,3,8,3,32
3,3,8,4,40
3,3,8,5,38
3,3,8,6,34
3,3,8,7,38
3,3,8,8,36
3,3,8,9,38
3,3,8,10,36
3,3,8,11,38
3,3,8,12,36
3,3,8,13,34
3,3,8,14,36
3,3,8,15,40
3,3,8,16,40
3,3,8,17,38
3,3,8,18,34
3,3,8,19,38
3,3,8,20,38
3,3,8,21,34
3,3,8,22,38
3,3,8,23,34
3,3,8,24,38
3,3,8,25,34
3,3,8,26,40
3,3,8,27,38
3,3,8,28,36
3,3,8,29,36
3,3,8,30,36
3,3,8,31,36
3,3,8,32,38
3,3,8,33,36
3,3,8,34,38
3,3,8,35,38
3,3,8,36,38
3,3,8,37,42
3,3,8,38,32
3,3,8,39,32
3,3,8,40,36
3,3,8,41,34
3,3,8,42,34
3,3,8,43,34
3,3,8,44,36
3,3,8,45,36
3,3,8,46,48
3,3,8,47,38
3,3,8,48,36
3,3,8,49,34
3,3,8,50,38
3,3,8,51,38
3,3,8,52,36
3,3,8,53,36
3,3,8,54,36
3,3,8,55,76
3,3,8,56,36
3,3,8,57,36
3,3,8,58,38
3,3,8,59,38
3,3,8,60,34
3,3,8,61,38
3,3,8,62,38
3,3,8,63,36
3,3,9,0,36
3,3,9,1,38
3,3,9,2,36
3,3,9,3,38
3,3,9,4,36
3,3,9,5,38
3,3,9,6,42
3,3,9,7,38
3,3,9,8,36
3,3,9,9,40
3,3,9,10,38
3,3,9,11,46
3,3,9,12,34
3,3,9,13,38
3,3,9,14,40
3,3,9,15,38
3,3,9,16,38
3,3,9,17,36
3,3,9,18,34
3,3,9,19,38
3,3,9,20,38
3,3,9,21,40
3,3,9,22,40
3,3,9,23,36
3,3,9,24,36
3,3,9,25,36
3,3,9,26,40
3,3,9,27,36
3,3,9,28,34
3,3,9,29,32
3,3,9,30,36
3,3,9,31,38
3,3,9,32,38
3,3,9,33,38
3,3,9,34,36
3,3,9,35,36
3,3,9,36,36
3,3,9,37,38
3,3,9,38,40
3,3,9,39,36
3,3,9,40,40
3,3,9,41,40
3,3,9,42,38
3,3,9,43,34
3,3,9,44,36
3,3,9,45,40
3,3,9,46,36
3,3,9,47,34
3,3,9,48,40
3,3,9,49,38
3,3,9,50,36
3,3,9,51,36
3,3,9,52,34
3,3,9,53,36
3,3,9,54,34
3,3,9,55,36
3,3,9,56,32
3,3,9,57,40
3,3,9,58,34
3,3,9,59,38
3,3,9,60,36
3,3,9,61,34
3,3,9,62,38
3,3,9,63,32
3,3,10,0,42
3,3,10,1,36
3,3,10,2,36
3,3,10,3,38
3,3,10,4,42
3,3,10,5,36
3,3,10,6,34
3,3,10,7,36
3,3,10,8,38
3,3,10,9,42
3,3,10,10,36
3,3,10,11,38
3,3,10,12,36
3,3,10,13,36
3,3,10,14,38
3,3,10,15,38
3,3,10,16,36
3,3,10,17,40
3,3,10,18,34
3,3,10,19,36
3,3,10,20,36
3,3,10,21,38
3,3,10,22,36
3,3,10,23,38
3,3,10,24,36
3,3,10,25,40
3,3,10,26,38
3,3,10,27,36
3,3,10,28,40
3,3,10,29,40
3,3,10,30,42
3,3,10,31,38
3,3,10,32,36
3,3,10,33,36
3,3,10,34,36
3,3,10,35,34
3,3,10,36,38
3,3,10,37,34
3,3,10,38,36
3,3,10,39,36
3,3,10,40,36
3,3,10,41,36
3,3,10,42,34
3,3,10,43,38
3,3,10,44,36
3,3,10,45,38
3,3,10,46,34
3,3,10,47,36
3,3,10,48,34
3,3,10,49,32
3,3,10,50,34
3,3,10,51,36
3,3,10,52,36
3,3,10,53,36
3,3,10,54,40
3,3,10,55,40
3,3,10,56,36
3,3,10,57,36
3,3,10,58,38
3,3,10,59,32
3,3,10,60,34
3,3,10,61,42
3,3,10,62,36
3,3,10,63,34
3,3,11,0,38
3,3,11,1,38
3,3,11,2,36
3,3,11,3,34
3,3,11,4,36
3,3,11,5,40
3,3,11,6,40
3,3,11,7,36
3,3,11,8,34
3,3,11,9,34
3,3,11,10,36
3,3,11,11,36
3,3,11,12,36
3,3,11,13,36
3,3,11,14,40
3,3,11,15,36
3,3,11,16,44
3,3,11,17,38
3,3,11,18,36
3,3,11,19,38
3,3,11,20,38
3,3,11,21,42
3,3,11,22,38
3,3,11,23,36
3,3,11,24,38
3,3,11,25,34
3,3,11,26,36
3,3,11,27,36
3,3,11,28,40
3,3,11,29,40
3,3,11,30,34
3,3,11,31,38
3,3,11,32,38
3,3,11,33,38
3,3,11,34,40
3,3,11,35,36
3,3,11,36,36
3,3,11,37,38
3,3,11,38,36
3,3,11,39,36
3,3,11,40,38
3,3,11,41,36
3,3,11,42,38
3,3,11,43,34
3,3,11,44,38
3,3,11,45,36
3,3,11,46,36
3,3,11,47,36
3,3,11,48,40
3,3,11,49,40
3,3,11,50,34
3,3,11,51,38
3,3,11,52,34
3,3,11,53,40
3,3,11,54,36
3,3,11,55,70
3,3,11,56,34
3,3,11,57,38
3,3,11,58,34
3,3,11,59,38
3,3,11,60,38
3,3,11,61,36
3,3,11,62,36
3,3,11,63,38
3,3,12,0,34
3,3,12,1,34
3,3,12,2,40
3,3,12,3,32
3,3,12,4,38
3,3,12,5,34
3,3,12,6,36
3,3,12,7,40
3,3,12,8,38
3,3,12,9,38
3,3,12,10,36
3,3,12,11,38
3,3,12,12,36
3,3,12,13,34
3,3,12,14,38
3,3,12,15,40
3,3,12,16,38
3,3,12,17,36
3,3,12,18,42
3,3,12,19,38
3,3,12,20,36
3,3,12,21,38
3,3,12,22,36
3,3,12,23,38
3,3,12,24,38
3,3,12,25,36
3,3,12,26,40
3,3,12,27,40
3,3,12,28,38
3,3,12,29,38
3,3,12,30,36
3,3,12,31,36
3,3,12,32,40
3,3,12,33,38
3,3,12,34,36
3,3,12,35,36
3,3,12,36,38
3,3,12,37,40
3,3,12,38,36
3,3,12,39,42
3,3,12,40,32
3,3,12,41,36
3,3,12,42,38
3,3,12,43,34
3,3,12,44,38
3,3,12,45,34
3,3,12,46,32
3,3,12,47,34
3,3,12,48,34
3,3,12,49,36
3,3,12,50,36
3,3,12,51,40
3,3,12,52,34
3,3,12,53,36
3,3,12,54,36
3,3,12,55,36
3,3,12,56,36
3,3,12,57,36
3,3,12,58,38
3,3,12,59,40
3,3,12,60,32
3,3,12,61,40
3,3,12,62,38
3,3,12,63,40
3,3,13,0,34
3,3,13,1,38
3,3,13,2,34
3,3,13,3,68
3,3,13,4,72
3,3,13,5,36
3,3,13,6,36
3,3,13,7,40
3,3,13,8,34
3,3,13,9,32
3,3,13,10,36
3,3,13,11,36
3,3,13,12,36
3,3,13,13,38
3,3,13,14,34
3,3,13,15,34
3,3,13,16,34
3,3,13,17,36
3,3,13,18,36
3,3,13,19,40
3,3,13,20,38
3,3,13,21,40
3,3,13,22,36
3,3,13,23,38
3,3,13,24,36
3,3,13,25,34
3,3,13,26,38
3,3,13,27,36
3,3,13,28,38
3,3,13,29,36
3,3,13,30,38
3,3,13,31,36
3,3,13,32,38
3,3,13,33,38
3,3,13,34,36
3,3,13,35,32
3,3,13,36,38
3,3,13,37,38
3,3,13,38,32
3,3,13,39,34
3,3,13,40,36
3,3,13,41,36
3,3,13,42,40
3,3,13,43,38
3,3,13,44,36
3,3,13,45,42
3,3,13,46,36
3,3,13,47,38
3,3,13,48,46
3,3,13,49,36
3,3,13,50,34
3,3,13,51,36
3,3,13,52,36
3,3,13,53,32
3,3,13,54,34
3,3,13,55,70
3,3,13,56,36
3,3,13,57,40
3,3,13,58,36
3,3,13,59,32
3,3,13,60,36
3,3,13,61,40
3,3,13,62,34
3,3,13,63,38
3,3,14,0,36
3,3,14,1,34
3,3,14,2,38
3,3,14,3,32
3,3,14,4,40
3,3,14,5,48
3,3,14,6,36
3,3,14,7,36
3,3,14,8,34
3,3,14,9,36
3,3,14,10,34
3,3,14,11,38
3,3,14,12,34
3,3,14,13,36
3,3,14,14,36
3,3,14,15,34
3,3,14,16,34
3,3,14,17,32
3,3,14,18,36
3,3,14,19,38
3,3,14,20,34
3,3,14,21,38
3,3,14,22,38
3,3,14,23,36
3,3,14,24,40
3,3,14,25,34
3,3,14,26,38
3,3,14,27,40
3,3,14,28,36
3,3,14,29,38
3,3,14,30,32
3,3,14,31,38
3,3,14,32,34
3,3,14,33,36
3,3,14,34,36
3,3,14,35,32
3,3,14,36,38
3,3,14,37,38
3,3,14,38,34
3,3,14,39,36
3,3,14,40,34
3,3,14,41,40
3,3,14,42,38
3,3,14,43,34
3,3,14,44,40
3,3,14,45,34
3,3,14,46,36
3,3,14,47,38
3,3,14,48,38
3,3,14,49,34
3,3,14,50,38
3,3,14,51,36
3,3,14,52,36
3,3,14,53,36
3,3,14,54,38
3,3,14,55,36
3,3,14,56,34
3,3,14,57,34
3,3,14,58,40
3,3,14,59,38
3,3,14,60,38
3,3,14,61,36
3,3,14,62,40
3,3,14,63,36
3,4,0,0,74
3,4,0,1,74
3,4,0,2,64
3,4,0,3,68
3,4,0,4,76
3,4,0,5,38
3,4,0,6,64
3,4,0,7,64
3,4,0,8,84
3,4,0,9,38
3,4,0,10,36
3,4,0,11,38
3,4,0,12,38
3,4,0,13,72
3,4,0,14,34
3,4,0,15,70
3,4,0,16,40
3,4,0,17,38
3,4,0,18,34
3,4,0,19,68
3,4,0,20,74
3,4,0,21,36
3,4,0,22,36
3,4,0,23,36
3,4,0,24,72
3,4,0,25,72
3,4,0,26,68
3,4,0,27,68
3,4,0,28,70
3,4,0,29,72
3,4,0,30,68
3,4,0,31,36
3,4,0,32,32
3,4,0,33,38
3,4,0,34,38
3,4,0,35,34
3,4,0,36,34
3,4,0,37,38
3,4,0,38,38
3,4,0,39,38
3,4,0,40,36
3,4,0,41,40
3,4,0,42,38
3,4,0,43,38
3,4,0,44,36
3,4,0,45,40
3,4,0,46,38
3,4,0,47,78
3,4,0,48,66
3,4,0,49,66
3,4,0,50,70
3,4,0,51,72
3,4,0,52,64
3,4,0,53,62
3,4,0,54,70
3,4,0,55,74
3,4,0,56,70
3,4,0,57,64
3,4,0,58,36
3,4,0,59,36
3,4,0,60,64
3,4,0,61,64
3,4,0,62,74
3,4,0,63,40
3,4,1,0,36
3,4,1,1,38
3,4,1,2,36
3,4,1,3,34
3,4,1,4,38
3,4,1,5,38
3,4,1,6,40
3,4,1,7,38
3,4,1,8,36
3,4,1,9,36
3,4,1,10,36
3,4,1,11,36
3,4,1,12,38
3,4,1,13,40
3,4,1,14,38
3,4,1,15,36
3,4,1,16,38
3,4,1,17,36
3,4,1,18,38
3,4,1,19,34
3,4,1,20,40
3,4,1,21,36
3,4,1,22,36
3,4,1,23,40
3,4,1,24,32
3,4,1,25,34
3,4,1,26,32
3,4,1,27,38
3,4,1,28,36
3,4,1,29,36
3,4,1,30,36
3,4,1,31,38
3,4,1,32,38
3,4,1,33,40
3,4,1,34,36
3,4,1,35,36
3,4,1,36,32
3,4,1,37,34
3,4,1,38,40
3,4,1,39,34
3,4,1,40,36
3,4,1,41,40
3,4,1,42,40
3,4,1,43,36
3,4,1,44,36
3,4,1,45,42
3,4,1,46,36
3,4,1,47,36
3,4,1,48,38
3,4,1,49,38
3,4,1,50,34
3,4,1,51,32
3,4,1,52,48
3,4,1,53,36
3,4,1,54,42
3,4,1,55,40
3,4,1,56,36
3,4,1,57,36
3,4,1,58,40
3,4,1,59,36
3,4,1,60,38
3,4,1,61,32
3,4,1,62,42
3,4,1,63,34
3,4,2,0,36
3,4,2,1,40
3,4,2,2,38
3,4,2,3,36
3,4,2,4,34
3,4,2,5,38
3,4,2,6,36
3,4,2,7,36
3,4,2,8,36
3,4,2,9,36
3,4,2,10,36
3,4,2,11,36
3,4,2,12,34
3,4,2,13,46
3,4,2,14,38
3,4,2,15,38
3,4,2,16,36
3,4,2,17,38
3,4,2,18,34
3,4,2,19,38
3,4,2,20,38
3,4,2,21,38
3,4,2,22,40
3,4,2,23,36
3,4,2,24,40
3,4,2,25,36
3,4,2,26,34
3,4,2,27,36
3,4,2,28,40
3,4,2,29,36
3,4,2,30,36
3,4,2,31,36
3,4,2,32,38
3,4,2,33,36
3,4,2,34,36
3,4,2,35,34
3,4,2,36,36
3,4,2,37,36
3,4,2,38,42
3,4,2,39,34
3,4,2,40,40
3,4,2,41,36
3,4,2,42,36
3,4,2,43,40
3,4,2,44,32
3,4,2,45,38
3,4,2,46,38
3,4,2,47,34
3,4,2,48,38
3,4,2,49,36
3,4,2,50,36
3,4,2,51,36
3,4,2,52,40
3,4,2,53,36
3,4,2,54,36
3,4,2,55,32
3,4,2,56,38
3,4,2,57,40
3,4,2,58,36
3,4,2,59,40
3,4,2,60,40
3,4,2,61,38
3,4,2,62,36
3,4,2,63,40
3,4,3,0,42
3,4,3,1,36
3,4,3,2,38
3,4,3,3,36
3,4,3,4,34
3,4,3,5,40
3,4,3,6,36
3,4,3,7,40
3,4,3,8,36
3,4,3,9,36
3,4,3,10,36
3,4,3,11,34
3,4,3,12,36
3,4,3,13,38
3,4,3,14,38
3,4,3,15,36
3,4,3,16,34
3,4,3,17,36
3,4,3,18,36
3,4,3,19,36
3,4,3,20,36
3,4,3,21,34
3,4,3,22,36
3,4,3,23,38
3,4,3,24,36
3,4,3,25,36
3,4,3,26,40
3,4,3,27,34
3,4,3,28,36
3,4,3,29,40
3,4,3,30,38
3,4,3,31,36
3,4,3,32,40
3,4,3,33,38
3,4,3,34,36
3,4,3,35,36
3,4,3,36,34
3,4,3,37,34
3,4,3,38,40
3,4,3,39,38
3,4,3,40,34
3,4,3,41,40
3,4,3,42,40
3,4,3,43,36
3,4,3,44,34
3,4,3,45,34
3,4,3,46,36
3,4,3,47,40
3,4,3,48,36
3,4,3,49,36
3,4,3,50,34
3,4,3,51,40
3,4,3,52,36
3,4,3,53,34
3,4,3,54,34
3,4,3,55,36
3,4,3,56,36
3,4,3,57,34
3,4,3,58,34
3,4,3,59,40
3,4,3,60,34
3,4,3,61,36
3,4,3,62,34
3,4,3,63,34
3,4,4,0,38
3,4,4,1,34
3,4,4,2,40
3,4,4,3,42
3,4,4,4,40
3,4,4,5,36
3,4,4,6,36
3,4,4,7,38
3,4,4,8,36
3,4,4,9,34
3,4,4,10,34
3,4,4,11,38
3,4,4,12,36
3,4,4,13,38
3,4,4,14,38
3,4,4,15,34
3,4,4,16,34
3,4,4,17,40
3,4,4,18,38
3,4,4,19,36
3,4,4,20,42
3,4,4,21,40
3,4,4,22,34
3,4,4,23,38
3,4,4,24,38
3,4,4,25,34
3,4,4,26,36
3,4,4,27,36
3,4,4,28,38
3,4,4,29,36
3,4,4,30,36
3,4,4,31,38
3,4,4,32,36
3,4,4,33,38
3,4,4,34,38
3,4,4,35,38
3,4,4,36,36
3,4,4,37,36
3,4,4,38,36
3,4,4,39,36
3,4,4,40,40
3,4,4,41,40
3,4,4,42,36
3,4,4,43,40
3,4,4,44,36
3,4,4,45,46
3,4,4,46,36
3,4,4,47,36
3,4,4,48,40
3,4,4,49,36
3,4,4,50,34
3,4,4,51,36
3,4,4,52,32
3,4,4,53,36
3,4,4,54,40
3,4,4,55,38
3,4,4,56,34
3,4,4,57,40
3,4,4,58,38
3,4,4,59,36
3,4,4,60,38
3,4,4,61,38
3,4,4,62,36
3,4,4,63,38
3,4,5,0,36
3,4,5,1,36
3,4,5,2,38
3,4,5,3,38
3,4,5,4,36
3,4,5,5,38
3,4,5,6,36
3,4,5,7,38
3,4,5,8,40
3,4,5,9,34
3,4,5,10,36
3,4,5,11,34
3,4,5,12,34
3,4,5,13,34
3,4,5,14,36
3,4,5,15,36
3,4,5,16,40
3,4,5,17,38
3,4,5,18,38
3,4,5,19,32
3,4,5,20,38
3,4,5,21,32
3,4,5,22,36
3,4,5,23,40
3,4,5,24,36
3,4,5,25,34
3,4,5,26,38
3,4,5,27,36
3,4,5,28,36
3,4,5,29,36
3,4,5,30,36
3,4,5,31,38
3,4,5,32,38
3,4,5,33,34
3,4,5,34,36
3,4,5,35,36
3,4,5,36,36
3,4,5,37,36
3,4,5,38,40
3,4,5,39,38
3,4,5,40,40
3,4,5,41,36
3,4,5,42,36
3,4,5,43,42
3,4,5,44,40
3,4,5,45,36
3,4,5,46,36
3,4,5,47,38
3,4,5,48,36
3,4,5,49,36
3,4,5,50,34
3,4,5,51,38
3,4,5,52,34
3,4,5,53,42
3,4,5,54,36
3,4,5,55,40
3,4,5,56,34
3,4,5,57,38
3,4,5,58,38
3,4,5,59,38
3,4,5,60,38
3,4,5,61,32
3,4,5,62,40
3,4,5,63,32
3,4,6,0,36
3,4,6,1,34
3,4,6,2,36
3,4,6,3,36
3,4,6,4,36
3,4,6,5,34
3,4,6,6,36
3,4,6,7,38
3,4,6,8,38
3,4,6,9,38
3,4,6,10,34
3,4,6,11,36
3,4,6,12,38
3,4,6,13,38
3,4,6,14,38
3,4,6,15,38
3,4,6,16,38
3,4,6,17,36
3,4,6,18,36
3,4,6,19,38
3,4,6,20,36
3,4,6,21,40
3,4,6,22,36
3,4,6,23,36
3,4,6,24,36
3,4,6,25,38
3,4,6,26,38
3,4,6,27,38
3,4,6,28,36
3,4,6,29,36
3,4,6,30,38
3,4,6,31,34
3,4,6,32,36
3,4,6,33,36
3,4,6,34,40
3,4,6,35,38
3,4,6,36,34
3,4,6,37,42
3,4,6,38,38
3,4,6,39,36
3,4,6,40,38
3,4,6,41,36
3,4,6,42,38
3,4,6,43,38
3,4,6,44,38
3,4,6,45,38
3,4,6,46,38
3,4,6,47,34
3,4,6,48,34
3,4,6,49,36
3,4,6,50,34
3,4,6,51,42
3,4,6,52,36
3,4,6,53,40
3,4,6,54,36
3,4,6,55,80
3,4,6,56,36
3,4,6,57,32
3,4,6,58,40
3,4,6,59,32
3,4,6,60,34
3,4,6,61,36
3,4,6,62,40
3,4,6,63,38
3,4,7,0,36
3,4,7,1,36
3,4,7,2,34
3,4,7,3,38
3,4,7,4,36
3,4,7,5,38
3,4,7,6,38
3,4,7,7,36
3,4,7,8,36
3,4,7,9,36
3,4,7,10,40
3,4,7,11,36
3,4,7,12,36
3,4,7,13,32
3,4,7,14,38
3,4,7,15,38
3,4,7,16,40
3,4,7,17,40
3,4,7,18,38
3,4,7,19,40
3,4,7,20,40
3,4,7,21,42
3,4,7,22,38
3,4,7,23,38
3,4,7,24,36
3,4,7,25,36
3,4,7,26,40
3,4,7,27,34
3,4,7,28,40
3,4,7,29,36
3,4,7,30,38
3,4,7,31,40
3,4,7,32,38
3,4,7,33,38
3,4,7,34,38
3,4,7,35,38
3,4,7,36,34
3,4,7,37,36
3,4,7,38,36
3,4,7,39,34
3,4,7,40,40
3,4,7,41,38
3,4,7,42,32
3,4,7,43,40
3,4,7,44,36
3,4,7,45,36
3,4,7,46,40
3,4,7,47,36
3,4,7,48,36
3,4,7,49,36
3,4,7,50,38
3,4,7,51,38
3,4,7,52,36
3,4,7,53,36
3,4,7,54,36
3,4,7,55,42
3,4,7,56,34
3,4,7,57,36
3,4,7,58,36
3,4,7,59,36
3,4,7,60,38
3,4,7,61,34
3,4,7,62,36
3,4,7,63,36
3,4,8,0,36
3,4,8,1,38
3,4,8,2,34
3,4,8,3,36
3,4,8,4,38
3,4,8,5,38
3,4,8,6,36
3,4,8,7,40
3,4,8,8,36
3,4,8,9,34
3,4,8,10,38
3,4,8,11,36
3,4,8,12,36
3,4,8,13,42
3,4,8,14,36
3,4,8,15,36
3,4,8,16,34
3,4,8,17,38
3,4,8,18,36
3,4,8,19,34
3,4,8,20,38
3,4,8,21,36
3,4,8,22,34
3,4,8,23,36
3,4,8,24,36
3,4,8,25,36
3,4,8,26,36
3,4,8,27,40
3,4,8,28,36
3,4,8,29,36
3,4,8,30,36
3,4,8,31,40
3,4,8,32,40
3,4,8,33,36
3,4,8,34,36
3,4,8,35,36
3,4,8,36,38
3,4,8,37,36
3,4,8,38,36
3,4,8,39,36
3,4,8,40,34
3,4,8,41,38
3,4,8,42,36
3,4,8,43,36
3,4,8,44,36
3,4,8,45,38
3,4,8,46,36
3,4,8,47,38
3,4,8,48,38
3,4,8,49,40
3,4,8,50,38
3,4,8,51,34
3,4,8,52,32
3,4,8,53,36
3,4,8,54,36
3,4,8,55,36
3,4,8,56,40
3,4,8,57,42
3,4,8,58,38
3,4,8,59,36
3,4,8,60,38
3,4,8,61,38
3,4,8,62,32
3,4,8,63,48
3,4,9,0,38
3,4,9,1,38
3,4,9,2,36
3,4,9,3,34
3,4,9,4,38
3,4,9,5,34
3,4,9,6,40
3,4,9,7,40
3,4,9,8,40
3,4,9,9,38
3,4,9,10,38
3,4,9,11,36
3,4,9,12,38
3,4,9,13,34
3,4,9,14,34
3,4,9,15,34
3,4,9,16,36
3,4,9,17,32
3,4,9,18,34
3,4,9,19,40
3,4,9,20,34
3,4,9,21,42
3,4,9,22,40
3,4,9,23,36
3,4,9,24,36
3,4,9,25,36
3,4,9,26,38
3,4,9,27,38
3,4,9,28,36
3,4,9,29,38
3,4,9,30,40
3,4,9,31,34
3,4,9,32,36
3,4,9,33,38
3,4,9,34,34
3,4,9,35,38
3,4,9,36,36
3,4,9,37,40
3,4,9,38,38
3,4,9,39,36
3,4,9,40,38
3,4,9,41,38
3,4,9,42,40
3,4,9,43,36
3,4,9,44,34
3,4,9,45,40
3,4,9,46,36
3,4,9,47,38
3,4,9,48,36
3,4,9,49,36
3,4,9,50,38
3,4,9,51,36
3,4,9,52,36
3,4,9,53,38
3,4,9,54,38
3,4,9,55,36
3,4,9,56,34
3,4,9,57,32
3,4,9,58,34
3,4,9,59,36
3,4,9,60,36
3,4,9,61,34
3,4,9,62,38
3,4,9,63,38
3,4,10,0,36
3,4,10,1,34
3,4,10,2,36
3,4,10,3,38
3,4,10,4,34
3,4,10,5,38
3,4,10,6,34
3,4,10,7,38
3,4,10,8,40
3,4,10,9,40
3,4,10,10,40
3,4,10,11,36
3,4,10,12,36
3,4,10,13,40
3,4,10,14,38
3,4,10,15,38
3,4,10,16,36
3,4,10,17,36
3,4,10,18,38
3,4,10,19,36
3,4,10,20,36
3,4,10,21,36
3,4,10,22,38
3,4,10,23,40
3,4,10,24,40
3,4,10,25,36
3,4,10,26,40
3,4,10,27,36
3,4,10,28,36
3,4,10,29,36
3,4,10,30,36
3,4,10,31,36
3,4,10,32,36
3,4,10,33,36
3,4,10,34,36
3,4,10,35,38
3,4,10,36,36
3,4,10,37,40
3,4,10,38,42
3,4,10,39,36
3,4,10,40,36
3,4,10,41,36
3,4,10,42,36
3,4,10,43,38
3,4,10,44,36
3,4,10,45,38
3,4,10,46,42
3,4,10,47,36
3,4,10,48,36
3,4,10,49,36
3,4,10,50,38
3,4,10,51,36
3,4,10,52,36
3,4,10,53,36
3,4,10,54,36
3,4,10,55,38
3,4,10,56,38
3,4,10,57,38
3,4,10,58,36
3,4,10,59,38
3,4,10,60,40
3,4,10,61,40
3,4,10,62,40
3,4,10,63,34
3,4,11,0,36
3,4,11,1,34
3,4,11,2,34
3,4,11,3,38
3,4,11,4,38
3,4,11,5,40
3,4,11,6,36
3,4,11,7,34
3,4,11,8,38
3,4,11,9,40
3,4,11,10,36
3,4,11,11,38
3,4,11,12,36
3,4,11,13,34
3,4,11,14,36
3,4,11,15,36
3,4,11,16,34
3,4,11,17,38
3,4,11,18,36
3,4,11,19,38
3,4,11,20,40
3,4,11,21,36
3,4,11,22,40
3,4,11,23,38
3,4,11,24,36
3,4,11,25,38
3,4,11,26,40
3,4,11,27,38
3,4,11,28,38
3,4,11,29,34
3,4,11,30,36
3,4,11,31,46
3,4,11,32,36
3,4,11,33,32
3,4,11,34,40
3,4,11,35,36
3,4,11,36,36
3,4,11,37,40
3,4,11,38,36
3,4,11,39,38
3,4,11,40,34
3,4,11,41,34
3,4,11,42,34
3,4,11,43,38
3,4,11,44,38
3,4,11,45,36
3,4,11,46,42
3,4,11,47,36
3,4,11,48,36
3,4,11,49,34
3,4,11,50,36
3,4,11,51,36
3,4,11,52,40
3,4,11,53,36
3,4,11,54,38
3,4,11,55,36
3,4,11,56,40
3,4,11,57,36
3,4,11,58,38
3,4,11,59,34
3,4,11,60,36
3,4,11,61,34
3,4,11,62,36
3,4,11,63,36
3,4,12,0,36
3,4,12,1,38
3,4,12,2,38
3,4,12,3,34
3,4,12,4,38
3,4,12,5,36
3,4,12,6,34
3,4,12,7,34
3,4,12,8,40
3,4,12,9,38
3,4,12,10,36
3,4,12,11,34
3,4,12,12,40
3,4,12,13,38
3,4,12,14,36
3,4,12,15,38
3,4,12,16,40
3,4,12,17,38
3,4,12,18,40
3,4,12,19,40
3,4,12,20,34
3,4,12,21,36
3,4,12,22,36
3,4,12,23,36
3,4,12,24,38
3,4,12,25,36
3,4,12,26,36
3,4,12,27,36
3,4,12,28,36
3,4,12,29,34
3,4,12,30,38
3,4,12,31,36
3,4,12,32,36
3,4,12,33,36
3,4,12,34,34
3,4,12,35,34
3,4,12,36,40
3,4,12,37,34
3,4,12,38,36
3,4,12,39,32
3,4,12,40,36
3,4,12,41,40
3,4,12,42,40
3,4,12,43,34
3,4,12,44,42
3,4,12,45,34
3,4,12,46,36
3,4,12,47,34
3,4,12,48,34
3,4,12,49,40
3,4,12,50,38
3,4,12,51,36
3,4,12,52,36
3,4,12,53,40
3,4,12,54,38
3,4,12,55,36
3,4,12,56,34
3,4,12,57,38
3,4,12,58,38
3,4,12,59,34
3,4,12,60,36
3,4,12,61,34
3,4,12,62,40
3,4,12,63,40
3,4,13,0,36
3,4,13,1,40
3,4,13,2,42
3,4,13,3,32
3,4,13,4,36
3,4,13,5,42
3,4,13,6,36
3,4,13,7,40
3,4,13,8,38
3,4,13,9,36
3,4,13,10,38
3,4,13,11,34
3,4,13,12,36
3,4,13,13,38
3,4,13,14,36
3,4,13,15,36
3,4,13,16,34
3,4,13,17,36
3,4,13,18,36
3,4,13,19,40
3,4,13,20,36
3,4,13,21,40
3,4,13,22,36
3,4,13,23,40
3,4,13,24,36
3,4,13,25,38
3,4,13,26,38
3,4,13,27,40
3,4,13,28,38
3,4,13,29,40
3,4,13,30,40
3,4,13,31,34
3,4,13,32,40
3,4,13,33,42
3,4,13,34,48
3,4,13,35,38
3,4,13,36,34
3,4,13,37,36
3,4,13,38,40
3,4,13,39,38
3,4,13,40,36
3,4,13,41,40
3,4,13,42,42
3,4,13,43,38
3,4,13,44,40
3,4,13,45,36
3,4,13,46,36
3,4,13,47,36
3,4,13,48,40
3,4,13,49,36
3,4,13,50,34
3,4,13,51,36
3,4,13,52,36
3,4,13,53,64
3,4,13,54,38
3,4,13,55,40
3,4,13,56,68
3,4,13,57,36
3,4,13,58,38
3,4,13,59,38
3,4,13,60,36
3,4,13,61,64
3,4,13,62,40
3,4,13,63,38
3,4,14,0,34
3,4,14,1,32
3,4,14,2,40
3,4,14,3,36
3,4,14,4,50
3,4,14,5,36
3,4,14,6,36
3,4,14,7,40
3,4,14,8,34
3,4,14,9,36
3,4,14,10,36
3,4,14,11,40
3,4,14,12,36
3,4,14,13,36
3,4,14,14,36
3,4,14,15,40
3,4,14,16,38
3,4,14,17,34
3,4,14,18,40
3,4,14,19,34
3,4,14,20,34
3,4,14,21,36
3,4,14,22,38
3,4,14,23,40
3,4,14,24,34
3,4,14,25,38
3,4,14,26,34
3,4,14,27,36
3,4,14,28,38
3,4,14,29,36
3,4,14,30,36
3,4,14,31,36
3,4,14,32,36
3,4,14,33,38
3,4,14,34,38
3,4,14,35,34
3,4,14,36,34
3,4,14,37,36
3,4,14,38,36
3,4,14,39,36
3,4,14,40,38
3,4,14,41,40
3,4,14,42,38
3,4,14,43,36
3,4,14,44,38
3,4,14,45,36
3,4,14,46,36
3,4,14,47,36
3,4,14,48,36
3,4,14,49,36
3,4,14,50,38
3,4,14,51,38
3,4,14,52,42
3,4,14,53,40
3,4,14,54,38
3,4,14,55,34
3,4,14,56,40
3,4,14,57,38
3,4,14,58,40
3,4,14,59,38
3,4,14,60,38
3,4,14,61,38
3,4,14,62,38
3,4,14,63,36
4,0,0,0,72
4,0,0,1,72
4,0,0,2,66
4,0,0,3,66
4,0,0,4,70
4,0,0,5,72
4,0,0,6,68
4,0,0,7,70
4,0,0,8,68
4,0,0,9,74
4,0,0,10,60
4,0,0,11,62
4,0,0,12,70
4,0,0,13,72
4,0,0,14,66
4,0,0,15,64
4,0,0,16,76
4,0,0,17,38
4,0,0,18,70
4,0,0,19,62
4,0,0,20,84
4,0,0,21,76
4,0,0,22,64
4,0,0,23,64
4,0,0,24,72
4,0,0,25,74
4,0,0,26,72
4,0,0,27,62
4,0,0,28,70
4,0,0,29,110
4,0,0,30,68
4,0,0,31,66
4,0,0,32,64
4,0,0,33,72
4,0,0,34,68
4,0,0,35,76
4,0,0,36,66
4,0,0,37,36
4,0,0,38,38
4,0,0,39,36
4,0,0,40,66
4,0,0,41,66
4,0,0,42,68
4,0,0,43,78
4,0,0,44,60
4,0,0,45,40
4,0,0,46,74
4,0,0,47,72
4,0,0,48,66
4,0,0,49,62
4,0,0,50,70
4,0,0,51,76
4,0,0,52,66
4,0,0,53,66
4,0,0,54,68
4,0,0,55,72
4,0,0,56,82
4,0,0,57,64
4,0,0,58,76
4,0,0,59,72
4,0,0,60,66
4,0,0,61,38
4,0,0,62,74
4,0,0,63,38
4,0,1,0,40
4,0,1,1,40
4,0,1,2,34
4,0,1,3,36
4,0,1,4,38
4,0,1,5,36
4,0,1,6,38
4,0,1,7,36
4,0,1,8,34
4,0,1,9,38
4,0,1,10,36
4,0,1,11,38
4,0,1,12,38
4,0,1,13,36
4,0,1,14,36
4,0,1,15,38
4,0,1,16,34
4,0,1,17,38
4,0,1,18,34
4,0,1,19,38
4,0,1,20,36
4,0,1,21,36
4,0,1,22,36
4,0,1,23,36
4,0,1,24,36
4,0,1,25,40
4,0,1,26,36
4,0,1,27,36
4,0,1,28,36
4,0,1,29,36
4,0,1,30,38
4,0,1,31,36
4,0,1,32,34
4,0,1,33,32
4,0,1,34,38
4,0,1,35,36
4,0,1,36,38
4,0,1,37,40
4,0,1,38,38
4,0,1,39,38
4,0,1,40,36
4,0,1,41,34
4,0,1,42,38
4,0,1,43,36
4,0,1,44,36
4,0,1,45,36
4,0,1,46,38
4,0,1,47,38
4,0,1,48,40
4,0,1,49,36
4,0,1,50,38
4,0,1,51,38
4,0,1,52,42
4,0,1,53,38
4,0,1,54,38
4,0,1,55,36
4,0,1,56,40
4,0,1,57,38
4,0,1,58,36
4,0,1,59,38
4,0,1,60,34
4,0,1,61,36
4,0,1,62,36
4,0,1,63,42
4,0,2,0,34
4,0,2,1,40
4,0,2,2,36
4,0,2,3,34
4,0,2,4,42
4,0,2,5,38
4,0,2,6,36
4,0,2,7,36
4,0,2,8,40
4,0,2,9,36
4,0,2,10,36
4,0,2,11,36
4,0,2,12,38
4,0,2,13,40
4,0,2,14,36
4,0,2,15,40
4,0,2,16,34
4,0,2,17,36
4,0,2,18,40
4,0,2,19,36
4,0,2,20,36
4,0,2,21,32
4,0,2,22,40
4,0,2,23,38
4,0,2,24,38
4,0,2,25,38
4,0,2,26,36
4,0,2,27,36
4,0,2,28,34
4,0,2,29,32
4,0,2,30,38
4,0,2,31,38
4,0,2,32,40
4,0,2,33,38
4,0,2,34,34
4,0,2,35,36
4,0,2,36,36
4,0,2,37,36
4,0,2,38,36
4,0,2,39,38
4,0,2,40,38
4,0,2,41,36
4,0,2,42,36
4,0,2,43,36
4,0,2,44,36
4,0,2,45,36
4,0,2,46,36
4,0,2,47,36
4,0,2,48,40
4,0,2,49,32
4,0,2,50,36
4,0,2,51,36
4,0,2,52,36
4,0,2,53,36
4,0,2,54,40
4,0,2,55,34
4,0,2,56,34
4,0,2,57,38
4,0,2,58,38
4,0,2,59,36
4,0,2,60,42
4,0,2,61,34
4,0,2,62,38
4,0,2,63,36
4,0,3,0,40
4,0,3,1,38
4,0,3,2,38
4,0,3,3,38
4,0,3,4,40
4,0,3,5,38
4,0,3,6,38
4,0,3,7,36
4,0,3,8,38
4,0,3,9,40
4,0,3,10,32
4,0,3,11,38
4,0,3,12,34
4,0,3,13,40
4,0,3,14,38
4,0,3,15,36
4,0,3,16,36
4,0,3,17,34
4,0,3,18,34
4,0,3,19,38
4,0,3,20,36
4,0,3,21,32
4,0,3,22,32
4,0,3,23,34
4,0,3,24,40
4,0,3,25,40
4,0,3,26,36
4,0,3,27,36
4,0,3,28,38
4,0,3,29,34
4,0,3,30,40
4,0,3,31,34
4,0,3,32,38
4,0,3,33,36
4,0,3,34,38
4,0,3,35,38
4,0,3,36,36
4,0,3,37,38
4,0,3,38,42
4,0,3,39,38
4,0,3,40,36
4,0,3,41,36
4,0,3,42,32
4,0,3,43,40
4,0,3,44,36
4,0,3,45,36
4,0,3,46,36
4,0,3,47,34
4,0,3,48,40
4,0,3,49,40
4,0,3,50,34
4,0,3,51,36
4,0,3,52,40
4,0,3,53,42
4,0,3,54,36
4,0,3,55,34
4,0,3,56,36
4,0,3,57,36
4,0,3,58,42
4,0,3,59,38
4,0,3,60,36
4,0,3,61,34
4,0,3,62,36
4,0,3,63,38
4,0,4,0,36
4,0,4,1,36
4,0,4,2,38
4,0,4,3,36
4,0,4,4,38
4,0,4,5,40
4,0,4,6,36
4,0,4,7,36
4,0,4,8,42
4,0,4,9,36
4,0,4,10,40
4,0,4,11,40
4,0,4,12,38
4,0,4,13,40
4,0,4,14,36
4,0,4,15,42
4,0,4,16,36
4,0,4,17,36
4,0,4,18,34
4,0,4,19,36
4,0,4,20,36
4,0,4,21,38
4,0,4,22,36
4,0,4,23,34
4,0,4,24,38
4,0,4,25,38
4,0,4,26,38
4,0,4,27,38
4,0,4,28,40
4,0,4,29,40
4,0,4,30,40
4,0,4,31,40
4,0,4,32,36
4,0,4,33,40
4,0,4,34,38
4,0,4,35,36
4,0,4,36,40
4,0,4,37,36
4,0,4,38,38
4,0,4,39,36
4,0,4,40,40
4,0,4,41,38
4,0,4,42,34
4,0,4,43,36
4,0,4,44,36
4,0,4,45,36
4,0,4,46,36
4,0,4,47,38
4,0,4,48,40
4,0,4,49,42
4,0,4,50,38
4,0,4,51,34
4,0,4,52,34
4,0,4,53,36
4,0,4,54,40
4,0,4,55,36
4,0,4,56,40
4,0,4,57,38
4,0,4,58,42
4,0,4,59,40
4,0,4,60,34
4,0,4,61,36
4,0,4,62,40
4,0,4,63,36
4,0,5,0,38
4,0,5,1,34
4,0,5,2,34
4,0,5,3,36
4,0,5,4,36
4,0,5,5,40
4,0,5,6,36
4,0,5,7,38
4,0,5,8,36
4,0,5,9,38
4,0,5,10,38
4,0,5,11,40
4,0,5,12,36
4,0,5,13,34
4,0,5,14,38
4,0,5,15,38
4,0,5,16,36
4,0,5,17,34
4,0,5,18,36
4,0,5,19,34
4,0,5,20,36
4,0,5,21,38
4,0,5,22,38
4,0,5,23,38
4,0,5,24,34
4,0,5,25,40
4,0,5,26,44
4,0,5,27,36
4,0,5,28,38
4,0,5,29,42
4,0,5,30,38
4,0,5,31,36
4,0,5,32,36
4,0,5,33,38
4,0,5,34,38
4,0,5,35,38
4,0,5,36,38
4,0,5,37,38
4,0,5,38,36
4,0,5,39,36
4,0,5,40,36
4,0,5,41,36
4,0,5,42,32
4,0,5,43,36
4,0,5,44,40
4,0,5,45,34
4,0,5,46,40
4,0,5,47,36
4,0,5,48,36
4,0,5,49,38
4,0,5,50,36
4,0,5,51,34
4,0,5,52,36
4,0,5,53,36
4,0,5,54,38
4,0,5,55,36
4,0,5,56,40
4,0,5,57,34
4,0,5,58,34
4,0,5,59,36
4,0,5,60,36
4,0,5,61,36
4,0,5,62,40
4,0,5,63,36
4,0,6,0,34
4,0,6,1,36
4,0,6,2,36
4,0,6,3,38
4,0,6,4,34
4,0,6,5,36
4,0,6,6,36
4,0,6,7,38
4,0,6,8,36
4,0,6,9,36
4,0,6,10,38
4,0,6,11,36
4,0,6,12,38
4,0,6,13,38
4,0,6,14,34
4,0,6,15,40
4,0,6,16,34
4,0,6,17,36
4,0,6,18,34
4,0,6,19,38
4,0,6,20,36
4,0,6,21,36
4,0,6,22,36
4,0,6,23,38
4,0,6,24,32
4,0,6,25,36
4,0,6,26,38
4,0,6,27,38
4,0,6,28,36
4,0,6,29,36
4,0,6,30,36
4,0,6,31,38
4,0,6,32,36
4,0,6,33,36
4,0,6,34,36
4,0,6,35,38
4,0,6,36,38
4,0,6,37,36
4,0,6,38,38
4,0,6,39,34
4,0,6,40,36
4,0,6,41,36
4,0,6,42,36
4,0,6,43,36
4,0,6,44,36
4,0,6,45,40
4,0,6,46,40
4,0,6,47,38
4,0,6,48,36
4,0,6,49,36
4,0,6,50,34
4,0,6,51,42
4,0,6,52,36
4,0,6,53,38
4,0,6,54,36
4,0,6,55,34
4,0,6,56,34
4,0,6,57,36
4,0,6,58,40
4,0,6,59,36
4,0,6,60,32
4,0,6,61,36
4,0,6,62,34
4,0,6,63,36
4,0,7,0,38
4,0,7,1,36
4,0,7,2,38
4,0,7,3,36
4,0,7,4,36
4,0,7,5,36
4,0,7,6,34
4,0,7,7,34
4,0,7,8,38
4,0,7,9,38
4,0,7,10,36
4,0,7,11,36
4,0,7,12,36
4,0,7,13,38
4,0,7,14,36
4,0,7,15,36
4,0,7,16,36
4,0,7,17,36
4,0,7,18,36
4,0,7,19,36
4,0,7,20,38
4,0,7,21,36
4,0,7,22,38
4,0,7,23,36
4,0,7,24,38
4,0,7,25,38
4,0,7,26,38
4,0,7,27,34
4,0,7,28,32
4,0,7,29,38
4,0,7,30,34
4,0,7,31,36
4,0,7,32,36
4,0,7,33,38
4,0,7,34,36
4,0,7,35,36
4,0,7,36,36
4,0,7,37,34
4,0,7,38,40
4,0,7,39,38
4,0,7,40,38
4,0,7,41,38
4,0,7,42,38
4,0,7,43,34
4,0,7,44,36
4,0,7,45,36
4,0,7,46,38
4,0,7,47,34
4,0,7,48,46
4,0,7,49,38
4,0,7,50,34
4,0,7,51,40
4,0,7,52,38
4,0,7,53,38
4,0,7,54,36
4,0,7,55,36
4,0,7,56,36
4,0,7,57,40
4,0,7,58,34
4,0,7,59,38
4,0,7,60,36
4,0,7,61,36
4,0,7,62,38
4,0,7,63,36
4,0,8,0,40
4,0,8,1,38
4,0,8,2,34
4,0,8,3,36
4,0,8,4,38
4,0,8,5,34
4,0,8,6,36
4,0,8,7,36
4,0,8,8,32
4,0,8,9,34
4,0,8,10,36
4,0,8,11,38
4,0,8,12,34
4,0,8,13,42
4,0,8,14,38
4,0,8,15,36
4,0,8,16,36
4,0,8,17,36
4,0,8,18,36
4,0,8,19,38
4,0,8,20,34
4,0,8,21,36
4,0,8,22,38
4,0,8,23,42
4,0,8,24,34
4,0,8,25,38
4,0,8,26,36
4,0,8,27,36
4,0,8,28,36
4,0,8,29,38
4,0,8,30,36
4,0,8,31,40
4,0,8,32,38
4,0,8,33,36
4,0,8,34,36
4,0,8,35,38
4,0,8,36,36
4,0,8,37,40
4,0,8,38,34
4,0,8,39,36
4,0,8,40,38
4,0,8,41,36
4,0,8,42,50
4,0,8,43,38
4,0,8,44,38
4,0,8,45,38
4,0,8,46,40
4,0,8,47,34
4,0,8,48,42
4,0,8,49,36
4,0,8,50,38
4,0,8,51,34
4,0,8,52,36
4,0,8,53,36
4,0,8,54,36
4,0,8,55,34
4,0,8,56,34
4,0,8,57,38
4,0,8,58,34
4,0,8,59,38
4,0,8,60,38
4,0,8,61,40
4,0,8,62,36
4,0,8,63,34
4,0,9,0,38
4,0,9,1,36
4,0,9,2,36
4,0,9,3,34
4,0,9,4,36
4,0,9,5,34
4,0,9,6,38
4,0,9,7,38
4,0,9,8,36
4,0,9,9,38
4,0,9,10,36
4,0,9,11,36
4,0,9,12,40
4,0,9,13,34
4,0,9,14,36
4,0,9,15,38
4,0,9,16,34
4,0,9,17,38
4,0,9,18,34
4,0,9,19,36
4,0,9,20,40
4,0,9,21,36
4,0,9,22,34
4,0,9,23,36
4,0,9,24,38
4,0,9,25,36
4,0,9,26,42
4,0,9,27,38
4,0,9,28,34
4,0,9,29,40
4,0,9,30,36
4,0,9,31,34
4,0,9,32,36
4,0,9,33,40
4,0,9,34,36
4,0,9,35,38
4,0,9,36,36
4,0,9,37,38
4,0,9,38,38
4,0,9,39,40
4,0,9,40,36
4,0,9,41,36
4,0,9,42,38
4,0,9,43,36
4,0,9,44,38
4,0,9,45,36
4,0,9,46,38
4,0,9,47,38
4,0,9,48,36
4,0,9,49,38
4,0,9,50,38
4,0,9,51,38
4,0,9,52,38
4,0,9,53,40
4,0,9,54,36
4,0,9,55,38
4,0,9,56,34
4,0,9,57,36
4,0,9,58,40
4,0,9,59,38
4,0,9,60,36
4,0,9,61,38
4,0,9,62,34
4,0,9,63,38
4,0,10,0,38
4,0,10,1,36
4,0,10,2,38
4,0,10,3,40
4,0,10,4,34
4,0,10,5,34
4,0,10,6,42
4,0,10,7,34
4,0,10,8,34
4,0,10,9,34
4,0,10,10,34
4,0,10,11,36
4,0,10,12,36
4,0,10,13,36
4,0,10,14,36
4,0,10,15,40
4,0,10,16,34
4,0,10,17,42
4,0,10,18,34
4,0,10,19,36
4,0,10,20,34
4,0,10,21,38
4,0,10,22,36
4,0,10,23,40
4,0,10,24,38
4,0,10,25,40
4,0,10,26,36
4,0,10,27,38
4,0,10,28,38
4,0,10,29,42
4,0,10,30,34
4,0,10,31,36
4,0,10,32,36
4,0,10,33,34
4,0,10,34,36
4,0,10,35,38
4,0,10,36,36
4,0,10,37,36
4,0,10,38,34
4,0,10,39,32
4,0,10,40,46
4,0,10,41,40
4,0,10,42,40
4,0,10,43,40
4,0,10,44,38
4,0,10,45,36
4,0,10,46,34
4,0,10,47,36
4,0,10,48,34
4,0,10,49,36
4,0,10,50,38
4,0,10,51,34
4,0,10,52,34
4,0,10,53,38
4,0,10,54,36
4,0,10,55,38
4,0,10,56,38
4,0,10,57,36
4,0,10,58,36
4,0,10,59,38
4,0,10,60,38
4,0,10,61,36
4,0,10,62,36
4,0,10,63,38
4,0,11,0,36
4,0,11,1,40
4,0,11,2,36
4,0,11,3,42
4,0,11,4,36
4,0,11,5,36
4,0,11,6,40
4,0,11,7,36
4,0,11,8,36
4,0,11,9,36
4,0,11,10,38
4,0,11,11,36
4,0,11,12,36
4,0,11,13,40
4,0,11,14,40
4,0,11,15,38
4,0,11,16,42
4,0,11,17,38
4,0,11,18,38
4,0,11,19,38
4,0,11,20,36
4,0,11,21,34
4,0,11,22,36
4,0,11,23,32
4,0,11,24,38
4,0,11,25,40
4,0,11,26,36
4,0,11,27,40
4,0,11,28,34
4,0,11,29,36
4,0,11,30,40
4,0,11,31,38
4,0,11,32,40
4,0,11,33,38
4,0,11,34,34
4,0,11,35,36
4,0,11,36,36
4,0,11,37,36
4,0,11,38,40
4,0,11,39,36
4,0,11,40,40
4,0,11,41,36
4,0,11,42,36
4,0,11,43,40
4,0,11,44,36
4,0,11,45,38
4,0,11,46,34
4,0,11,47,40
4,0,11,48,36
4,0,11,49,38
4,0,11,50,38
4,0,11,51,34
4,0,11,52,36
4,0,11,53,36
4,0,11,54,36
4,0,11,55,38
4,0,11,56,42
4,0,11,57,34
4,0,11,58,40
4,0,11,59,36
4,0,11,60,36
4,0,11,61,36
4,0,11,62,36
4,0,11,63,32
4,0,12,0,38
4,0,12,1,36
4,0,12,2,40
4,0,12,3,34
4,0,12,4,34
4,0,12,5,38
4,0,12,6,36
4,0,12,7,38
4,0,12,8,36
4,0,12,9,34
4,0,12,10,38
4,0,12,11,36
4,0,12,12,32
4,0,12,13,36
4,0,12,14,38
4,0,12,15,38
4,0,12,16,40
4,0,12,17,36
4,0,12,18,38
4,0,12,19,38
4,0,12,20,38
4,0,12,21,36
4,0,12,22,42
4,0,12,23,36
4,0,12,24,36
4,0,12,25,36
4,0,12,26,36
4,0,12,27,38
4,0,12,28,34
4,0,12,29,32
4,0,12,30,38
4,0,12,31,40
4,0,12,32,40
4,0,12,33,38
4,0,12,34,40
4,0,12,35,38
4,0,12,36,40
4,0,12,37,38
4,0,12,38,36
4,0,12,39,36
4,0,12,40,36
4,0,12,41,38
4,0,12,42,36
4,0,12,43,38
4,0,12,44,40
4,0,12,45,32
4,0,12,46,38
4,0,12,47,36
4,0,12,48,38
4,0,12,49,40
4,0,12,50,34
4,0,12,51,34
4,0,12,52,38
4,0,12,53,38
4,0,12,54,40
4,0,12,55,36
4,0,12,56,36
4,0,12,57,36
4,0,12,58,38
4,0,12,59,36
4,0,12,60,32
4,0,12,61,36
4,0,12,62,42
4,0,12,63,36
4,0,13,0,40
4,0,13,1,36
4,0,13,2,38
4,0,13,3,32
4,0,13,4,40
4,0,13,5,34
4,0,13,6,38
4,0,13,7,36
4,0,13,8,36
4,0,13,9,42
4,0,13,10,34
4,0,13,11,38
4,0,13,12,36
4,0,13,13,36
4,0,13,14,36
4,0,13,15,40
4,0,13,16,34
4,0,13,17,36
4,0,13,18,36
4,0,13,19,38
4,0,13,20,34
4,0,13,21,38
4,0,13,22,34
4,0,13,23,34
4,0,13,24,36
4,0,13,25,36
4,0,13,26,36
4,0,13,27,36
4,0,13,28,36
4,0,13,29,34
4,0,13,30,34
4,0,13,31,44
4,0,13,32,34
4,0,13,33,38
4,0,13,34,38
4,0,13,35,36
4,0,13,36,38
4,0,13,37,38
4,0,13,38,38
4,0,13,39,36
4,0,13,40,38
4,0,13,41,32
4,0,13,42,36
4,0,13,43,34
4,0,13,44,36
4,0,13,45,36
4,0,13,46,36
4,0,13,47,36
4,0,13,48,36
4,0,13,49,36
4,0,13,50,34
4,0,13,51,36
4,0,13,52,40
4,0,13,53,36
4,0,13,54,40
4,0,13,55,36
4,0,13,56,40
4,0,13,57,34
4,0,13,58,38
4,0,13,59,36
4,0,13,60,34
4,0,13,61,40
4,0,13,62,42
4,0,13,63,40
4,0,14,0,36
4,0,14,1,40
4,0,14,2,36
4,0,14,3,34
4,0,14,4,34
4,0,14,5,38
4,0,14,6,38
4,0,14,7,38
4,0,14,8,38
4,0,14,9,36
4,0,14,10,38
4,0,14,11,42
4,0,14,12,38
4,0,14,13,40
4,0,14,14,34
4,0,14,15,32
4,0,14,16,40
4,0,14,17,32
4,0,14,18,38
4,0,14,19,34
4,0,14,20,36
4,0,14,21,38
4,0,14,22,36
4,0,14,23,34
4,0,14,24,38
4,0,14,25,38
4,0,14,26,40
4,0,14,27,36
4,0,14,28,38
4,0,14,29,40
4,0,14,30,40
4,0,14,31,40
4,0,14,32,34
4,0,14,33,34
4,0,14,34,42
4,0,14,35,38
4,0,14,36,36
4,0,14,37,36
4,0,14,38,40
4,0,14,39,38
4,0,14,40,38
4,0,14,41,36
4,0,14,42,40
4,0,14,43,40
4,0,14,44,36
4,0,14,45,38
4,0,14,46,40
4,0,14,47,36
4,0,14,48,40
4,0,14,49,34
4,0,14,50,38
4,0,14,51,40
4,0,14,52,38
4,0,14,53,38
4,0,14,54,36
4,0,14,55,36
4,0,14,56,36
4,0,14,57,38
4,0,14,58,38
4,0,14,59,36
4,0,14,60,38
4,0,14,61,40
4,0,14,62,36
4,0,14,63,38
4,1,0,0,38
4,1,0,1,38
4,1,0,2,38
4,1,0,3,38
4,1,0,4,38
4,1,0,5,74
4,1,0,6,62
4,1,0,7,68
4,1,0,8,38
4,1,0,9,38
4,1,0,10,36
4,1,0,11,40
4,1,0,12,38
4,1,0,13,36
4,1,0,14,38
4,1,0,15,38
4,1,0,16,36
4,1,0,17,38
4,1,0,18,36
4,1,0,19,40
4,1,0,20,40
4,1,0,21,36
4,1,0,22,40
4,1,0,23,40
4,1,0,24,38
4,1,0,25,34
4,1,0,26,36
4,1,0,27,38
4,1,0,28,34
4,1,0,29,38
4,1,0,30,34
4,1,0,31,38
4,1,0,32,36
4,1,0,33,38
4,1,0,34,36
4,1,0,35,36
4,1,0,36,36
4,1,0,37,36
4,1,0,38,40
4,1,0,39,36
4,1,0,40,36
4,1,0,41,40
4,1,0,42,40
4,1,0,43,38
4,1,0,44,38
4,1,0,45,40
4,1,0,46,38
4,1,0,47,46
4,1,0,48,36
4,1,0,49,32
4,1,0,50,38
4,1,0,51,42
4,1,0,52,72
4,1,0,53,40
4,1,0,54,38
4,1,0,55,36
4,1,0,56,38
4,1,0,57,36
4,1,0,58,38
4,1,0,59,36
4,1,0,60,64
4,1,0,61,38
4,1,0,62,36
4,1,0,63,40
4,1,1,0,38
4,1,1,1,36
4,1,1,2,40
4,1,1,3,36
4,1,1,4,42
4,1,1,5,32
4,1,1,6,38
4,1,1,7,46
4,1,1,8,36
4,1,1,9,38
4,1,1,10,32
4,1,1,11,40
4,1,1,12,38
4,1,1,13,36
4,1,1,14,34
4,1,1,15,38
4,1,1,16,38
4,1,1,17,32
4,1,1,18,34
4,1,1,19,36
4,1,1,20,36
4,1,1,21,34
4,1,1,22,40
4,1,1,23,40
4,1,1,24,40
4,1,1,25,38
4,1,1,26,38
4,1,1,27,34
4,1,1,28,38
4,1,1,29,36
4,1,1,30,34
4,1,1,31,34
4,1,1,32,34
4,1,1,33,42
4,1,1,34,36
4,1,1,35,36
4,1,1,36,36
4,1,1,37,36
4,1,1,38,38
4,1,1,39,38
4,1,1,40,38
4,1,1,41,34
4,1,1,42,40
4,1,1,43,34
4,1,1,44,36
4,1,1,45,38
4,1,1,46,40
4,1,1,47,34
4,1,1,48,36
4,1,1,49,40
4,1,1,50,34
4,1,1,51,38
4,1,1,52,40
4,1,1,53,36
4,1,1,54,36
4,1,1,55,34
4,1,1,56,40
4,1,1,57,34
4,1,1,58,34
4,1,1,59,38
4,1,1,60,40
4,1,1,61,34
4,1,1,62,36
4,1,1,63,40
4,1,2,0,42
4,1,2,1,36
4,1,2,2,34
4,1,2,3,36
4,1,2,4,38
4,1,2,5,38
4,1,2,6,38
4,1,2,7,36
4,1,2,8,38
4,1,2,9,38
4,1,2,10,34
4,1,2,11,40
4,1,2,12,34
4,1,2,13,40
4,1,2,14,40
4,1,2,15,38
4,1,2,16,40
4,1,2,17,36
4,1,2,18,36
4,1,2,19,34
4,1,2,20,40
4,1,2,21,38
4,1,2,22,34
4,1,2,23,34
4,1,2,24,36
4,1,2,25,38
4,1,2,26,36
4,1,2,27,40
4,1,2,28,36
4,1,2,29,34
4,1,2,30,38
4,1,2,31,38
4,1,2,32,36
4,1,2,33,36
4,1,2,34,38
4,1,2,35,38
4,1,2,36,38
4,1,2,37,36
4,1,2,38,40
4,1,2,39,36
4,1,2,40,36
4,1,2,41,38
4,1,2,42,34
4,1,2,43,40
4,1,2,44,36
4,1,2,45,38
4,1,2,46,42
4,1,2,47,34
4,1,2,48,36
4,1,2,49,40
4,1,2,50,40
4,1,2,51,36
4,1,2,52,38
4,1,2,53,34
4,1,2,54,36
4,1,2,55,38
4,1,2,56,38
4,1,2,57,36
4,1,2,58,36
4,1,2,59,38
4,1,2,60,36
4,1,2,61,36
4,1,2,62,36
4,1,2,63,36
4,1,3,0,36
4,1,3,1,38
4,1,3,2,34
4,1,3,3,38
4,1,3,4,36
4,1,3,5,36
4,1,3,6,46
4,1,3,7,38
4,1,3,8,36
4,1,3,9,34
4,1,3,10,38
4,1,3,11,36
4,1,3,12,40
4,1,3,13,38
4,1,3,14,34
4,1,3,15,38
4,1,3,16,38
4,1,3,17,34
4,1,3,18,36
4,1,3,19,38
4,1,3,20,34
4,1,3,21,40
4,1,3,22,36
4,1,3,23,38
4,1,3,24,40
4,1,3,25,38
4,1,3,26,36
4,1,3,27,36
4,1,3,28,40
4,1,3,29,36
4,1,3,30,40
4,1,3,31,34
4,1,3,32,40
4,1,3,33,38
4,1,3,34,38
4,1,3,35,36
4,1,3,36,38
4,1,3,37,40
4,1,3,38,36
4,1,3,39,38
4,1,3,40,36
4,1,3,41,40
4,1,3,42,36
4,1,3,43,38
4,1,3,44,32
4,1,3,45,38
4,1,3,46,36
4,1,3,47,38
4,1,3,48,36
4,1,3,49,36
4,1,3,50,34
4,1,3,51,34
4,1,3,52,36
4,1,3,53,38
4,1,3,54,40
4,1,3,55,38
4,1,3,56,38
4,1,3,57,34
4,1,3,58,34
4,1,3,59,38
4,1,3,60,40
4,1,3,61,32
4,1,3,62,36
4,1,3,63,34
4,1,4,0,32
4,1,4,1,36
4,1,4,2,36
4,1,4,3,40
4,1,4,4,40
4,1,4,5,36
4,1,4,6,40
4,1,4,7,34
4,1,4,8,38
4,1,4,9,36
4,1,4,10,38
4,1,4,11,36
4,1,4,12,36
4,1,4,13,40
4,1,4,14,36
4,1,4,15,38
4,1,4,16,38
4,1,4,17,36
4,1,4,18,36
4,1,4,19,34
4,1,4,20,36
4,1,4,21,34
4,1,4,22,36
4,1,4,23,36
4,1,4,24,40
4,1,4,25,36
4,1,4,26,40
4,1,4,27,36
4,1,4,28,34
4,1,4,29,34
4,1,4,30,38
4,1,4,31,34
4,1,4,32,38
4,1,4,33,36
4,1,4,34,34
4,1,4,35,38
4,1,4,36,36
4,1,4,37,34
4,1,4,38,38
4,1,4,39,38
4,1,4,40,38
4,1,4,41,34
4,1,4,42,36
4,1,4,43,36
4,1,4,44,38
4,1,4,45,40
4,1,4,46,38
4,1,4,47,38
4,1,4,48,38
4,1,4,49,34
4,1,4,50,34
4,1,4,51,34
4,1,4,52,36
4,1,4,53,38
4,1,4,54,36
4,1,4,55,38
4,1,4,56,40
4,1,4,57,38
4,1,4,58,40
4,1,4,59,36
4,1,4,60,36
4,1,4,61,36
4,1,4,62,34
4,1,4,63,36
4,1,5,0,38
4,1,5,1,34
4,1,5,2,34
4,1,5,3,38
4,1,5,4,32
4,1,5,5,40
4,1,5,6,36
4,1,5,7,36
4,1,5,8,40
4,1,5,9,40
4,1,5,10,40
4,1,5,11,36
4,1,5,12,36
4,1,5,13,38
4,1,5,14,40
4,1,5,15,38
4,1,5,16,36
4,1,5,17,32
4,1,5,18,38
4,1,5,19,36
4,1,5,20,36
4,1,5,21,36
4,1,5,22,40
4,1,5,23,38
4,1,5,24,46
4,1,5,25,42
4,1,5,26,34
4,1,5,27,34
4,1,5,28,36
4,1,5,29,36
4,1,5,30,40
4,1,5,31,34
4,1,5,32,32
4,1,5,33,34
4,1,5,34,38
4,1,5,35,38
4,1,5,36,38
4,1,5,37,40
4,1,5,38,32
4,1,5,39,38
4,1,5,40,36
4,1,5,41,38
4,1,5,42,36
4,1,5,43,36
4,1,5,44,36
4,1,5,45,36
4,1,5,46,38
4,1,5,47,36
4,1,5,48,40
4,1,5,49,38
4,1,5,50,38
4,1,5,51,36
4,1,5,52,40
4,1,5,53,36
4,1,5,54,40
4,1,5,55,34
4,1,5,56,38
4,1,5,57,42
4,1,5,58,36
4,1,5,59,40
4,1,5,60,40
4,1,5,61,40
4,1,5,62,36
4,1,5,63,38
4,1,6,0,36
4,1,6,1,40
4,1,6,2,36
4,1,6,3,38
4,1,6,4,36
4,1,6,5,38
4,1,6,6,40
4,1,6,7,38
4,1,6,8,42
4,1,6,9,32
4,1,6,10,38
4,1,6,11,36
4,1,6,12,38
4,1,6,13,36
4,1,6,14,38
4,1,6,15,36
4,1,6,16,36
4,1,6,17,34
4,1,6,18,40
4,1,6,19,36
4,1,6,20,38
4,1,6,21,32
4,1,6,22,38
4,1,6,23,38
4,1,6,24,32
4,1,6,25,40
4,1,6,26,40
4,1,6,27,38
4,1,6,28,40
4,1,6,29,36
4,1,6,30,36
4,1,6,31,34
4,1,6,32,38
4,1,6,33,34
4,1,6,34,36
4,1,6,35,34
4,1,6,36,36
4,1,6,37,36
4,1,6,38,40
4,1,6,39,36
4,1,6,40,42
4,1,6,41,36
4,1,6,42,38
4,1,6,43,38
4,1,6,44,36
4,1,6,45,36
4,1,6,46,40
4,1,6,47,36
4,1,6,48,34
4,1,6,49,42
4,1,6,50,36
4,1,6,51,38
4,1,6,52,38
4,1,6,53,38
4,1,6,54,38
4,1,6,55,34
4,1,6,56,36
4,1,6,57,40
4,1,6,58,38
4,1,6,59,38
4,1,6,60,40
4,1,6,61,36
4,1,6,62,36
4,1,6,63,38
4,1,7,0,36
4,1,7,1,40
4,1,7,2,38
4,1,7,3,38
4,1,7,4,38
4,1,7,5,38
4,1,7,6,34
4,1,7,7,34
4,1,7,8,36
4,1,7,9,42
4,1,7,10,34
4,1,7,11,36
4,1,7,12,42
4,1,7,13,34
4,1,7,14,36
4,1,7,15,40
4,1,7,16,34
4,1,7,17,38
4,1,7,18,38
4,1,7,19,36
4,1,7,20,34
4,1,7,21,34
4,1,7,22,38
4,1,7,23,34
4,1,7,24,38
4,1,7,25,38
4,1,7,26,36
4,1,7,27,38
4,1,7,28,40
4,1,7,29,38
4,1,7,30,38
4,1,7,31,36
4,1,7,32,36
4,1,7,33,40
4,1,7,34,38
4,1,7,35,38
4,1,7,36,36
4,1,7,37,34
4,1,7,38,40
4,1,7,39,38
4,1,7,40,34
4,1,7,41,38
4,1,7,42,34
4,1,7,43,38
4,1,7,44,38
4,1,7,45,38
4,1,7,46,38
4,1,7,47,36
4,1,7,48,36
4,1,7,49,38
4,1,7,50,40
4,1,7,51,38
4,1,7,52,38
4,1,7,53,38
4,1,7,54,40
4,1,7,55,38
4,1,7,56,38
4,1,7,57,40
4,1,7,58,38
4,1,7,59,38
4,1,7,60,40
4,1,7,61,38
4,1,7,62,36
4,1,7,63,36
4,1,8,0,40
4,1,8,1,38
4,1,8,2,38
4,1,8,3,38
4,1,8,4,38
4,1,8,5,36
4,1,8,6,36
4,1,8,7,38
4,1,8,8,32
4,1,8,9,46
4,1,8,10,38
4,1,8,11,36
4,1,8,12,34
4,1,8,13,38
4,1,8,14,40
4,1,8,15,38
4,1,8,16,36
4,1,8,17,38
4,1,8,18,36
4,1,8,19,64
4,1,8,20,36
4,1,8,21,36
4,1,8,22,34
4,1,8,23,40
4,1,8,24,38
4,1,8,25,36
4,1,8,26,36
4,1,8,27,42
4,1,8,28,40
4,1,8,29,36
4,1,8,30,40
4,1,8,31,36
4,1,8,32,38
4,1,8,33,38
4,1,8,34,32
4,1,8,35,36
4,1,8,36,36
4,1,8,37,32
4,1,8,38,36
4,1,8,39,40
4,1,8,40,38
4,1,8,41,40
4,1,8,42,38
4,1,8,43,36
4,1,8,44,38
4,1,8,45,36
4,1,8,46,36
4,1,8,47,40
4,1,8,48,40
4,1,8,49,40
4,1,8,50,40
4,1,8,51,38
4,1,8,52,64
4,1,8,53,40
4,1,8,54,32
4,1,8,55,74
4,1,8,56,34
4,1,8,57,36
4,1,8,58,40
4,1,8,59,70
4,1,8,60,38
4,1,8,61,32
4,1,8,62,40
4,1,8,63,40
4,1,9,0,38
4,1,9,1,40
4,1,9,2,40
4,1,9,3,38
4,1,9,4,38
4,1,9,5,34
4,1,9,6,38
4,1,9,7,34
4,1,9,8,38
4,1,9,9,34
4,1,9,10,38
4,1,9,11,36
4,1,9,12,34
4,1,9,13,36
4,1,9,14,38
4,1,9,15,38
4,1,9,16,40
4,1,9,17,38
4,1,9,18,34
4,1,9,19,34
4,1,9,20,38
4,1,9,21,36
4,1,9,22,36
4,1,9,23,36
4,1,9,24,34
4,1,9,25,36
4,1,9,26,32
4,1,9,27,34
4,1,9,28,36
4,1,9,29,38
4,1,9,30,38
4,1,9,31,40
4,1,9,32,36
4,1,9,33,38
4,1,9,34,36
4,1,9,35,38
4,1,9,36,38
4,1,9,37,36
4,1,9,38,40
4,1,9,39,38
4,1,9,40,40
4,1,9,41,38
4,1,9,42,38
4,1,9,43,40
4,1,9,44,40
4,1,9,45,40
4,1,9,46,38
4,1,9,47,38
4,1,9,48,36
4,1,9,49,38
4,1,9,50,36
4,1,9,51,36
4,1,9,52,36
4,1,9,53,36
4,1,9,54,36
4,1,9,55,34
4,1,9,56,38
4,1,9,57,38
4,1,9,58,38
4,1,9,59,38
4,1,9,60,40
4,1,9,61,38
4,1,9,62,38
4,1,9,63,40
4,1,10,0,36
4,1,10,1,34
4,1,10,2,40
4,1,10,3,36
4,1,10,4,38
4,1,10,5,38
4,1,10,6,34
4,1,10,7,38
4,1,10,8,40
4,1,10,9,38
4,1,10,10,36
4,1,10,11,34
4,1,10,12,42
4,1,10,13,34
4,1,10,14,38
4,1,10,15,32
4,1,10,16,34
4,1,10,17,36
4,1,10,18,36
4,1,10,19,34
4,1,10,20,36
4,1,10,21,40
4,1,10,22,36
4,1,10,23,34
4,1,10,24,34
4,1,10,25,38
4,1,10,26,34
4,1,10,27,40
4,1,10,28,36
4,1,10,29,36
4,1,10,30,38
4,1,10,31,40
4,1,10,32,36
4,1,10,33,36
4,1,10,34,38
4,1,10,35,36
4,1,10,36,40
4,1,10,37,36
4,1,10,38,52
4,1,10,39,34
4,1,10,40,34
4,1,10,41,36
4,1,10,42,36
4,1,10,43,38
4,1,10,44,34
4,1,10,45,38
4,1,10,46,36
4,1,10,47,38
4,1,10,48,34
4,1,10,49,38
4,1,10,50,38
4,1,10,51,36
4,1,10,52,32
4,1,10,53,34
4,1,10,54,40
4,1,10,55,36
4,1,10,56,40
4,1,10,57,36
4,1,10,58,34
4,1,10,59,36
4,1,10,60,38
4,1,10,61,40
4,1,10,62,36
4,1,10,63,36
4,1,11,0,36
4,1,11,1,34
4,1,11,2,38
4,1,11,3,36
4,1,11,4,32
4,1,11,5,44
4,1,11,6,38
4,1,11,7,34
4,1,11,8,42
4,1,11,9,36
4,1,11,10,36
4,1,11,11,38
4,1,11,12,36
4,1,11,13,38
4,1,11,14,32
4,1,11,15,32
4,1,11,16,38
4,1,11,17,36
4,1,11,18,40
4,1,11,19,36
4,1,11,20,36
4,1,11,21,32
4,1,11,22,36
4,1,11,23,42
4,1,11,24,34
4,1,11,25,36
4,1,11,26,40
4,1,11,27,36
4,1,11,28,34
4,1,11,29,34
4,1,11,30,38
4,1,11,31,36
4,1,11,32,38
4,1,11,33,40
4,1,11,34,40
4,1,11,35,40
4,1,11,36,40
4,1,11,37,38
4,1,11,38,36
4,1,11,39,34
4,1,11,40,34
4,1,11,41,38
4,1,11,42,34
4,1,11,43,38
4,1,11,44,38
4,1,11,45,36
4,1,11,46,36
4,1,11,47,40
4,1,11,48,38
4,1,11,49,38
4,1,11,50,36
4,1,11,51,38
4,1,11,52,38
4,1,11,53,42
4,1,11,54,36
4,1,11,55,38
4,1,11,56,36
4,1,11,57,38
4,1,11,58,38
4,1,11,59,34
4,1,11,60,40
4,1,11,61,38
4,1,11,62,34
4,1,11,63,38
4,1,12,0,70
4,1,12,1,76
4,1,12,2,36
4,1,12,3,36
4,1,12,4,36
4,1,12,5,36
4,1,12,6,40
4,1,12,7,64
4,1,12,8,36
4,1,12,9,40
4,1,12,10,40
4,1,12,11,34
4,1,12,12,72
4,1,12,13,34
4,1,12,14,38
4,1,12,15,66
4,1,12,16,36
4,1,12,17,36
4,1,12,18,34
4,1,12,19,40
4,1,12,20,40
4,1,12,21,38
4,1,12,22,36
4,1,12,23,38
4,1,12,24,36
4,1,12,25,66
4,1,12,26,36
4,1,12,27,38
4,1,12,28,42
4,1,12,29,36
4,1,12,30,36
4,1,12,31,36
4,1,12,32,78
4,1,12,33,36
4,1,12,34,38
4,1,12,35,36
4,1,12,36,36
4,1,12,37,40
4,1,12,38,36
4,1,12,39,38
4,1,12,40,34
4,1,12,41,32
4,1,12,42,34
4,1,12,43,72
4,1,12,44,32
4,1,12,45,40
4,1,12,46,34
4,1,12,47,38
4,1,12,48,38
4,1,12,49,38
4,1,12,50,38
4,1,12,51,36
4,1,12,52,34
4,1,12,53,34
4,1,12,54,34
4,1,12,55,38
4,1,12,56,38
4,1,12,57,34
4,1,12,58,36
4,1,12,59,32
4,1,12,60,40
4,1,12,61,36
4,1,12,62,36
4,1,12,63,32
4,1,13,0,34
4,1,13,1,36
4,1,13,2,38
4,1,13,3,38
4,1,13,4,38
4,1,13,5,38
4,1,13,6,34
4,1,13,7,40
4,1,13,8,38
4,1,13,9,38
4,1,13,10,40
4,1,13,11,38
4,1,13,12,36
4,1,13,13,36
4,1,13,14,38
4,1,13,15,40
4,1,13,16,36
4,1,13,17,34
4,1,13,18,40
4,1,13,19,38
4,1,13,20,36
4,1,13,21,36
4,1,13,22,36
4,1,13,23,38
4,1,13,24,40
4,1,13,25,34
4,1,13,26,38
4,1,13,27,34
4,1,13,28,36
4,1,13,29,40
4,1,13,30,34
4,1,13,31,40
4,1,13,32,40
4,1,13,33,34
4,1,13,34,38
4,1,13,35,36
4,1,13,36,36
4,1,13,37,36
4,1,13,38,36
4,1,13,39,36
4,1,13,40,42
4,1,13,41,38
4,1,13,42,40
4,1,13,43,36
4,1,13,44,38
4,1,13,45,36
4,1,13,46,34
4,1,13,47,40
4,1,13,48,40
4,1,13,49,40
4,1,13,50,36
4,1,13,51,38
4,1,13,52,36
4,1,13,53,38
4,1,13,54,40
4,1,13,55,38
4,1,13,56,34
4,1,13,57,36
4,1,13,58,40
4,1,13,59,38
4,1,13,60,48
4,1,13,61,36
4,1,13,62,36
4,1,13,63,36
4,1,14,0,38
4,1,14,1,36
4,1,14,2,36
4,1,14,3,38
4,1,14,4,34
4,1,14,5,36
4,1,14,6,38
4,1,14,7,34
4,1,14,8,40
4,1,14,9,40
4,1,14,10,36
4,1,14,11,36
4,1,14,12,36
4,1,14,13,36
4,1,14,14,36
4,1,14,15,38
4,1,14,16,38
4,1,14,17,38
4,1,14,18,38
4,1,14,19,34
4,1,14,20,40
4,1,14,21,36
4,1,14,22,34
4,1,14,23,40
4,1,14,24,40
4,1,14,25,38
4,1,14,26,36
4,1,14,27,36
4,1,14,28,38
4,1,14,29,34
4,1,14,30,32
4,1,14,31,36
4,1,14,32,40
4,1,14,33,42
4,1,14,34,38
4,1,14,35,34
4,1,14,36,40
4,1,14,37,38
4,1,14,38,36
4,1,14,39,36
4,1,14,40,38
4,1,14,41,36
4,1,14,42,36
4,1,14,43,38
4,1,14,44,38
4,1,14,45,38
4,1,14,46,38
4,1,14,47,42
4,1,14,48,36
4,1,14,49,36
4,1,14,50,36
4,1,14,51,40
4,1,14,52,36
4,1,14,53,36
4,1,14,54,38
4,1,14,55,40
4,1,14,56,36
4,1,14,57,38
4,1,14,58,36
4,1,14,59,38
4,1,14,60,40
4,1,14,61,36
4,1,14,62,36
4,1,14,63,34
4,2,0,0,78
4,2,0,1,74
4,2,0,2,66
4,2,0,3,72
4,2,0,4,68
4,2,0,5,78
4,2,0,6,62
4,2,0,7,66
4,2,0,8,70
4,2,0,9,76
4,2,0,10,64
4,2,0,11,70
4,2,0,12,72
4,2,0,13,78
4,2,0,14,36
4,2,0,15,70
4,2,0,16,38
4,2,0,17,36
4,2,0,18,68
4,2,0,19,64
4,2,0,20,72
4,2,0,21,40
4,2,0,22,70
4,2,0,23,60
4,2,0,24,70
4,2,0,25,72
4,2,0,26,66
4,2,0,27,66
4,2,0,28,76
4,2,0,29,76
4,2,0,30,66
4,2,0,31,68
4,2,0,32,64
4,2,0,33,70
4,2,0,34,82
4,2,0,35,74
4,2,0,36,62
4,2,0,37,80
4,2,0,38,38
4,2,0,39,42
4,2,0,40,34
4,2,0,41,36
4,2,0,42,72
4,2,0,43,76
4,2,0,44,64
4,2,0,45,68
4,2,0,46,72
4,2,0,47,70
4,2,0,48,64
4,2,0,49,66
4,2,0,50,74
4,2,0,51,68
4,2,0,52,66
4,2,0,53,66
4,2,0,54,76
4,2,0,55,76
4,2,0,56,66
4,2,0,57,60
4,2,0,58,36
4,2,0,59,38
4,2,0,60,70
4,2,0,61,66
4,2,0,62,72
4,2,0,63,36
4,2,1,0,36
4,2,1,1,36
4,2,1,2,38
4,2,1,3,36
4,2,1,4,34
4,2,1,5,40
4,2,1,6,36
4,2,1,7,34
4,2,1,8,32
4,2,1,9,38
4,2,1,10,36
4,2,1,11,36
4,2,1,12,34
4,2,1,13,40
4,2,1,14,40
4,2,1,15,38
4,2,1,16,38
4,2,1,17,40
4,2,1,18,38
4,2,1,19,34
4,2,1,20,38
4,2,1,21,36
4,2,1,22,40
4,2,1,23,38
4,2,1,24,36
4,2,1,25,38
4,2,1,26,36
4,2,1,27,34
4,2,1,28,42
4,2,1,29,36
4,2,1,30,36
4,2,1,31,34
4,2,1,32,34
4,2,1,33,46
4,2,1,34,38
4,2,1,35,36
4,2,1,36,36
4,2,1,37,38
4,2,1,38,38
4,2,1,39,36
4,2,1,40,34
4,2,1,41,34
4,2,1,42,38
4,2,1,43,38
4,2,1,44,34
4,2,1,45,40
4,2,1,46,36
4,2,1,47,38
4,2,1,48,36
4,2,1,49,34
4,2,1,50,40
4,2,1,51,34
4,2,1,52,38
4,2,1,53,36
4,2,1,54,36
4,2,1,55,36
4,2,1,56,34
4,2,1,57,36
4,2,1,58,38
4,2,1,59,36
4,2,1,60,36
4,2,1,61,38
4,2,1,62,36
4,2,1,63,34
4,2,2,0,34
4,2,2,1,34
4,2,2,2,34
4,2,2,3,36
4,2,2,4,36
4,2,2,5,40
4,2,2,6,38
4,2,2,7,40
4,2,2,8,36
4,2,2,9,38
4,2,2,10,36
4,2,2,11,36
4,2,2,12,40
4,2,2,13,38
4,2,2,14,40
4,2,2,15,34
4,2,2,16,34
4,2,2,17,38
4,2,2,18,38
4,2,2,19,40
4,2,2,20,36
4,2,2,21,40
4,2,2,22,36
4,2,2,23,32
4,2,2,24,36
4,2,2,25,36
4,2,2,26,34
4,2,2,27,38
4,2,2,28,38
4,2,2,29,38
4,2,2,30,36
4,2,2,31,36
4,2,2,32,36
4,2,2,33,40
4,2,2,34,40
4,2,2,35,38
4,2,2,36,36
4,2,2,37,38
4,2,2,38,38
4,2,2,39,34
4,2,2,40,36
4,2,2,41,38
4,2,2,42,36
4,2,2,43,38
4,2,2,44,34
4,2,2,45,34
4,2,2,46,36
4,2,2,47,36
4,2,2,48,42
4,2,2,49,34
4,2,2,50,40
4,2,2,51,34
4,2,2,52,40
4,2,2,53,36
4,2,2,54,36
4,2,2,55,38
4,2,2,56,40
4,2,2,57,34
4,2,2,58,38
4,2,2,59,36
4,2,2,60,38
4,2,2,61,40
4,2,2,62,34
4,2,2,63,38
4,2,3,0,36
4,2,3,1,36
4,2,3,2,38
4,2,3,3,38
4,2,3,4,36
4,2,3,5,40
4,2,3,6,38
4,2,3,7,36
4,2,3,8,34
4,2,3,9,38
4,2,3,10,36
4,2,3,11,36
4,2,3,12,36
4,2,3,13,40
4,2,3,14,38
4,2,3,15,36
4,2,3,16,40
4,2,3,17,36
4,2,3,18,38
4,2,3,19,36
4,2,3,20,38
4,2,3,21,38
4,2,3,22,34
4,2,3,23,38
4,2,3,24,36
4,2,3,25,34
4,2,3,26,40
4,2,3,27,36
4,2,3,28,34
4,2,3,29,36
4,2,3,30,46
4,2,3,31,32
4,2,3,32,40
4,2,3,33,36
4,2,3,34,36
4,2,3,35,38
4,2,3,36,38
4,2,3,37,38
4,2,3,38,38
4,2,3,39,40
4,2,3,40,38
4,2,3,41,42
4,2,3,42,38
4,2,3,43,36
4,2,3,44,38
4,2,3,45,34
4,2,3,46,38
4,2,3,47,38
4,2,3,48,36
4,2,3,49,34
4,2,3,50,34
4,2,3,51,36
4,2,3,52,38
4,2,3,53,34
4,2,3,54,34
4,2,3,55,38
4,2,3,56,36
4,2,3,57,32
4,2,3,58,42
4,2,3,59,34
4,2,3,60,36
4,2,3,61,34
4,2,3,62,36
4,2,3,63,34
4,2,4,0,32
4,2,4,1,36
4,2,4,2,36
4,2,4,3,36
4,2,4,4,38
4,2,4,5,36
4,2,4,6,38
4,2,4,7,36
4,2,4,8,36
4,2,4,9,38
4,2,4,10,36
4,2,4,11,38
4,2,4,12,36
4,2,4,13,38
4,2,4,14,38
4,2,4,15,38
4,2,4,16,34
4,2,4,17,38
4,2,4,18,36
4,2,4,19,40
4,2,4,20,34
4,2,4,21,36
4,2,4,22,36
4,2,4,23,36
4,2,4,24,34
4,2,4,25,36
4,2,4,26,36
4,2,4,27,40
4,2,4,28,34
4,2,4,29,38
4,2,4,30,36
4,2,4,31,38
4,2,4,32,36
4,2,4,33,40
4,2,4,34,36
4,2,4,35,40
4,2,4,36,36
4,2,4,37,38
4,2,4,38,36
4,2,4,39,34
4,2,4,40,36
4,2,4,41,36
4,2,4,42,38
4,2,4,43,40
4,2,4,44,36
4,2,4,45,36
4,2,4,46,34
4,2,4,47,36
4,2,4,48,32
4,2,4,49,36
4,2,4,50,36
4,2,4,51,34
4,2,4,52,38
4,2,4,53,38
4,2,4,54,40
4,2,4,55,36
4,2,4,56,40
4,2,4,57,36
4,2,4,58,36
4,2,4,59,34
4,2,4,60,34
4,2,4,61,34
4,2,4,62,36
4,2,4,63,38
4,2,5,0,32
4,2,5,1,34
4,2,5,2,40
4,2,5,3,36
4,2,5,4,38
4,2,5,5,36
4,2,5,6,32
4,2,5,7,38
4,2,5,8,36
4,2,5,9,34
4,2,5,10,34
4,2,5,11,38
4,2,5,12,38
4,2,5,13,36
4,2,5,14,34
4,2,5,15,36
4,2,5,16,50
4,2,5,17,38
4,2,5,18,36
4,2,5,19,36
4,2,5,20,38
4,2,5,21,36
4,2,5,22,34
4,2,5,23,36
4,2,5,24,38
4,2,5,25,36
4,2,5,26,36
4,2,5,27,36
4,2,5,28,36
4,2,5,29,36
4,2,5,30,40
4,2,5,31,36
4,2,5,32,42
4,2,5,33,34
4,2,5,34,38
4,2,5,35,36
4,2,5,36,40
4,2,5,37,34
4,2,5,38,36
4,2,5,39,38
4,2,5,40,40
4,2,5,41,36
4,2,5,42,40
4,2,5,43,32
4,2,5,44,40
4,2,5,45,36
4,2,5,46,38
4,2,5,47,34
4,2,5,48,40
4,2,5,49,36
4,2,5,50,40
4,2,5,51,40
4,2,5,52,40
4,2,5,53,40
4,2,5,54,40
4,2,5,55,34
4,2,5,56,42
4,2,5,57,34
4,2,5,58,40
4,2,5,59,36
4,2,5,60,38
4,2,5,61,38
4,2,5,62,40
4,2,5,63,36
4,2,6,0,34
4,2,6,1,36
4,2,6,2,34
4,2,6,3,36
4,2,6,4,38
4,2,6,5,42
4,2,6,6,38
4,2,6,7,36
4,2,6,8,34
4,2,6,9,34
4,2,6,10,40
4,2,6,11,36
4,2,6,12,38
4,2,6,13,38
4,2,6,14,40
4,2,6,15,40
4,2,6,16,36
4,2,6,17,38
4,2,6,18,36
4,2,6,19,32
4,2,6,20,36
4,2,6,21,40
4,2,6,22,34
4,2,6,23,40
4,2,6,24,36
4,2,6,25,38
4,2,6,26,34
4,2,6,27,36
4,2,6,28,34
4,2,6,29,36
4,2,6,30,34
4,2,6,31,34
4,2,6,32,36
4,2,6,33,36
4,2,6,34,36
4,2,6,35,34
4,2,6,36,32
4,2,6,37,38
4,2,6,38,34
4,2,6,39,38
4,2,6,40,38
4,2,6,41,36
4,2,6,42,40
4,2,6,43,34
4,2,6,44,40
4,2,6,45,34
4,2,6,46,36
4,2,6,47,36
4,2,6,48,40
4,2,6,49,36
4,2,6,50,36
4,2,6,51,38
4,2,6,52,32
4,2,6,53,40
4,2,6,54,38
4,2,6,55,34
4,2,6,56,48
4,2,6,57,34
4,2,6,58,34
4,2,6,59,40
4,2,6,60,34
4,2,6,61,36
4,2,6,62,38
4,2,6,63,38
4,2,7,0,38
4,2,7,1,36
4,2,7,2,34
4,2,7,3,38
4,2,7,4,36
4,2,7,5,40
4,2,7,6,36
4,2,7,7,36
4,2,7,8,38
4,2,7,9,36
4,2,7,10,34
4,2,7,11,34
4,2,7,12,36
4,2,7,13,40
4,2,7,14,36
4,2,7,15,36
4,2,7,16,38
4,2,7,17,38
4,2,7,18,36
4,2,7,19,38
4,2,7,20,36
4,2,7,21,38
4,2,7,22,36
4,2,7,23,36
4,2,7,24,42
4,2,7,25,36
4,2,7,26,40
4,2,7,27,36
4,2,7,28,38
4,2,7,29,36
4,2,7,30,40
4,2,7,31,38
4,2,7,32,38
4,2,7,33,36
4,2,7,34,40
4,2,7,35,34
4,2,7,36,34
4,2,7,37,36
4,2,7,38,36
4,2,7,39,40
4,2,7,40,36
4,2,7,41,40
4,2,7,42,36
4,2,7,43,32
4,2,7,44,36
4,2,7,45,36
4,2,7,46,36
4,2,7,47,40
4,2,7,48,38
4,2,7,49,36
4,2,7,50,38
4,2,7,51,32
4,2,7,52,38
4,2,7,53,34
4,2,7,54,40
4,2,7,55,34
4,2,7,56,34
4,2,7,57,40
4,2,7,58,38
4,2,7,59,38
4,2,7,60,36
4,2,7,61,36
4,2,7,62,36
4,2,7,63,42
4,2,8,0,32
4,2,8,1,36
4,2,8,2,34
4,2,8,3,34
4,2,8,4,40
4,2,8,5,38
4,2,8,6,36
4,2,8,7,34
4,2,8,8,36
4,2,8,9,40
4,2,8,10,40
4,2,8,11,40
4,2,8,12,36
4,2,8,13,34
4,2,8,14,50
4,2,8,15,36
4,2,8,16,36
4,2,8,17,34
4,2,8,18,36
4,2,8,19,36
4,2,8,20,40
4,2,8,21,36
4,2,8,22,36
4,2,8,23,42
4,2,8,24,36
4,2,8,25,36
4,2,8,26,36
4,2,8,27,34
4,2,8,28,36
4,2,8,29,36
4,2,8,30,34
4,2,8,31,38
4,2,8,32,36
4,2,8,33,36
4,2,8,34,38
4,2,8,35,34
4,2,8,36,36
4,2,8,37,34
4,2,8,38,36
4,2,8,39,38
4,2,8,40,36
4,2,8,41,34
4,2,8,42,40
4,2,8,43,36
4,2,8,44,36
4,2,8,45,38
4,2,8,46,32
4,2,8,47,32
4,2,8,48,36
4,2,8,49,32
4,2,8,50,34
4,2,8,51,34
4,2,8,52,36
4,2,8,53,36
4,2,8,54,34
4,2,8,55,34
4,2,8,56,36
4,2,8,57,36
4,2,8,58,36
4,2,8,59,34
4,2,8,60,36
4,2,8,61,40
4,2,8,62,34
4,2,8,63,36
4,2,9,0,38
4,2,9,1,36
4,2,9,2,34
4,2,9,3,36
4,2,9,4,40
4,2,9,5,36
4,2,9,6,40
4,2,9,7,40
4,2,9,8,38
4,2,9,9,36
4,2,9,10,38
4,2,9,11,38
4,2,9,12,40
4,2,9,13,36
4,2,9,14,38
4,2,9,15,34
4,2,9,16,34
4,2,9,17,40
4,2,9,18,36
4,2,9,19,40
4,2,9,20,32
4,2,9,21,34
4,2,9,22,34
4,2,9,23,32
4,2,9,24,34
4,2,9,25,38
4,2,9,26,38
4,2,9,27,32
4,2,9,28,38
4,2,9,29,36
4,2,9,30,36
4,2,9,31,40
4,2,9,32,36
4,2,9,33,36
4,2,9,34,38
4,2,9,35,36
4,2,9,36,34
4,2,9,37,34
4,2,9,38,40
4,2,9,39,38
4,2,9,40,34
4,2,9,41,34
4,2,9,42,40
4,2,9,43,38
4,2,9,44,36
4,2,9,45,38
4,2,9,46,32
4,2,9,47,32
4,2,9,48,42
4,2,9,49,34
4,2,9,50,36
4,2,9,51,32
4,2,9,52,36
4,2,9,53,38
4,2,9,54,34
4,2,9,55,38
4,2,9,56,36
4,2,9,57,38
4,2,9,58,38
4,2,9,59,38
4,2,9,60,36
4,2,9,61,38
4,2,9,62,34
4,2,9,63,34
4,2,10,0,38
4,2,10,1,40
4,2,10,2,40
4,2,10,3,38
4,2,10,4,38
4,2,10,5,36
4,2,10,6,36
4,2,10,7,38
4,2,10,8,40
4,2,10,9,34
4,2,10,10,36
4,2,10,11,38
4,2,10,12,36
4,2,10,13,40
4,2,10,14,38
4,2,10,15,38
4,2,10,16,34
4,2,10,17,36
4,2,10,18,36
4,2,10,19,38
4,2,10,20,36
4,2,10,21,38
4,2,10,22,34
4,2,10,23,38
4,2,10,24,36
4,2,10,25,36
4,2,10,26,36
4,2,10,27,34
4,2,10,28,38
4,2,10,29,34
4,2,10,30,32
4,2,10,31,38
4,2,10,32,36
4,2,10,33,38
4,2,10,34,38
4,2,10,35,38
4,2,10,36,40
4,2,10,37,38
4,2,10,38,42
4,2,10,39,38
4,2,10,40,34
4,2,10,41,38
4,2,10,42,34
4,2,10,43,34
4,2,10,44,40
4,2,10,45,36
4,2,10,46,34
4,2,10,47,38
4,2,10,48,38
4,2,10,49,38
4,2,10,50,50
4,2,10,51,36
4,2,10,52,34
4,2,10,53,36
4,2,10,54,36
4,2,10,55,40
4,2,10,56,36
4,2,10,57,34
4,2,10,58,40
4,2,10,59,38
4,2,10,60,34
4,2,10,61,38
4,2,10,62,38
4,2,10,63,42
4,2,11,0,36
4,2,11,1,36
4,2,11,2,36
4,2,11,3,38
4,2,11,4,36
4,2,11,5,36
4,2,11,6,40
4,2,11,7,36
4,2,11,8,32
4,2,11,9,36
4,2,11,10,34
4,2,11,11,38
4,2,11,12,36
4,2,11,13,36
4,2,11,14,36
4,2,11,15,38
4,2,11,16,36
4,2,11,17,38
4,2,11,18,38
4,2,11,19,38
4,2,11,20,40
4,2,11,21,48
4,2,11,22,34
4,2,11,23,40
4,2,11,24,36
4,2,11,25,36
4,2,11,26,38
4,2,11,27,36
4,2,11,28,40
4,2,11,29,36
4,2,11,30,36
4,2,11,31,36
4,2,11,32,42
4,2,11,33,36
4,2,11,34,38
4,2,11,35,38
4,2,11,36,38
4,2,11,37,36
4,2,11,38,36
4,2,11,39,34
4,2,11,40,38
4,2,11,41,42
4,2,11,42,38
4,2,11,43,34
4,2,11,44,34
4,2,11,45,38
4,2,11,46,40
4,2,11,47,36
4,2,11,48,34
4,2,11,49,38
4,2,11,50,36
4,2,11,51,36
4,2,11,52,38
4,2,11,53,38
4,2,11,54,36
4,2,11,55,40
4,2,11,56,38
4,2,11,57,38
4,2,11,58,36
4,2,11,59,36
4,2,11,60,38
4,2,11,61,36
4,2,11,62,32
4,2,11,63,38
4,2,12,0,40
4,2,12,1,40
4,2,12,2,36
4,2,12,3,38
4,2,12,4,36
4,2,12,5,38
4,2,12,6,38
4,2,12,7,38
4,2,12,8,42
4,2,12,9,36
4,2,12,10,34
4,2,12,11,38
4,2,12,12,38
4,2,12,13,36
4,2,12,14,36
4,2,12,15,40
4,2,12,16,36
4,2,12,17,40
4,2,12,18,38
4,2,12,19,34
4,2,12,20,32
4,2,12,21,42
4,2,12,22,36
4,2,12,23,36
4,2,12,24,34
4,2,12,25,36
4,2,12,26,36
4,2,12,27,34
4,2,12,28,40
4,2,12,29,36
4,2,12,30,34
4,2,12,31,38
4,2,12,32,36
4,2,12,33,40
4,2,12,34,36
4,2,12,35,38
4,2,12,36,40
4,2,12,37,34
4,2,12,38,38
4,2,12,39,38
4,2,12,40,40
4,2,12,41,38
4,2,12,42,38
4,2,12,43,36
4,2,12,44,40
4,2,12,45,38
4,2,12,46,40
4,2,12,47,34
4,2,12,48,38
4,2,12,49,40
4,2,12,50,36
4,2,12,51,34
4,2,12,52,36
4,2,12,53,36
4,2,12,54,36
4,2,12,55,38
4,2,12,56,40
4,2,12,57,32
4,2,12,58,38
4,2,12,59,40
4,2,12,60,40
4,2,12,61,38
4,2,12,62,40
4,2,12,63,34
4,2,13,0,38
4,2,13,1,38
4,2,13,2,40
4,2,13,3,38
4,2,13,4,38
4,2,13,5,34
4,2,13,6,34
4,2,13,7,40
4,2,13,8,32
4,2,13,9,34
4,2,13,10,38
4,2,13,11,34
4,2,13,12,36
4,2,13,13,38
4,2,13,14,36
4,2,13,15,36
4,2,13,16,36
4,2,13,17,34
4,2,13,18,36
4,2,13,19,32
4,2,13,20,32
4,2,13,21,40
4,2,13,22,36
4,2,13,23,38
4,2,13,24,36
4,2,13,25,40
4,2,13,26,36
4,2,13,27,40
4,2,13,28,36
4,2,13,29,36
4,2,13,30,36
4,2,13,31,36
4,2,13,32,36
4,2,13,33,36
4,2,13,34,38
4,2,13,35,32
4,2,13,36,46
4,2,13,37,40
4,2,13,38,38
4,2,13,39,36
4,2,13,40,38
4,2,13,41,38
4,2,13,42,40
4,2,13,43,34
4,2,13,44,36
4,2,13,45,38
4,2,13,46,36
4,2,13,47,36
4,2,13,48,34
4,2,13,49,38
4,2,13,50,38
4,2,13,51,36
4,2,13,52,32
4,2,13,53,40
4,2,13,54,36
4,2,13,55,34
4,2,13,56,36
4,2,13,57,36
4,2,13,58,40
4,2,13,59,38
4,2,13,60,36
4,2,13,61,38
4,2,13,62,38
4,2,13,63,36
4,2,14,0,36
4,2,14,1,38
4,2,14,2,38
4,2,14,3,38
4,2,14,4,38
4,2,14,5,40
4,2,14,6,36
4,2,14,7,38
4,2,14,8,34
4,2,14,9,36
4,2,14,10,36
4,2,14,11,38
4,2,14,12,38
4,2,14,13,34
4,2,14,14,40
4,2,14,15,40
4,2,14,16,40
4,2,14,17,34
4,2,14,18,36
4,2,14,19,36
4,2,14,20,36
4,2,14,21,36
4,2,14,22,40
4,2,14,23,36
4,2,14,24,36
4,2,14,25,38
4,2,14,26,38
4,2,14,27,36
4,2,14,28,36
4,2,14,29,38
4,2,14,30,34
4,2,14,31,36
4,2,14,32,38
4,2,14,33,34
4,2,14,34,36
4,2,14,35,34
4,2,14,36,32
4,2,14,37,36
4,2,14,38,36
4,2,14,39,42
4,2,14,40,34
4,2,14,41,34
4,2,14,42,40
4,2,14,43,36
4,2,14,44,34
4,2,14,45,40
4,2,14,46,36
4,2,14,47,40
4,2,14,48,40
4,2,14,49,34
4,2,14,50,36
4,2,14,51,36
4,2,14,52,36
4,2,14,53,38
4,2,14,54,36
4,2,14,55,34
4,2,14,56,36
4,2,14,57,40
4,2,14,58,34
4,2,14,59,38
4,2,14,60,38
4,2,14,61,38
4,2,14,62,36
4,2,14,63,38
4,3,0,0,38
4,3,0,1,34
4,3,0,2,34
4,3,0,3,36
4,3,0,4,38
4,3,0,5,36
4,3,0,6,34
4,3,0,7,34
4,3,0,8,36
4,3,0,9,36
4,3,0,10,32
4,3,0,11,36
4,3,0,12,36
4,3,0,13,40
4,3,0,14,36
4,3,0,15,38
4,3,0,16,36
4,3,0,17,40
4,3,0,18,36
4,3,0,19,36
4,3,0,20,36
4,3,0,21,36
4,3,0,22,38
4,3,0,23,34
4,3,0,24,34
4,3,0,25,34
4,3,0,26,38
4,3,0,27,36
4,3,0,28,36
4,3,0,29,38
4,3,0,30,34
4,3,0,31,36
4,3,0,32,36
4,3,0,33,36
4,3,0,34,36
4,3,0,35,36
4,3,0,36,36
4,3,0,37,38
4,3,0,38,32
4,3,0,39,36
4,3,0,40,38
4,3,0,41,32
4,3,0,42,32
4,3,0,43,34
4,3,0,44,34
4,3,0,45,34
4,3,0,46,36
4,3,0,47,36
4,3,0,48,36
4,3,0,49,38
4,3,0,50,40
4,3,0,51,36
4,3,0,52,36
4,3,0,53,38
4,3,0,54,38
4,3,0,55,36
4,3,0,56,36
4,3,0,57,38
4,3,0,58,38
4,3,0,59,36
4,3,0,60,34
4,3,0,61,36
4,3,0,62,36
4,3,0,63,36
4,3,1,0,34
4,3,1,1,34
4,3,1,2,36
4,3,1,3,36
4,3,1,4,34
4,3,1,5,36
4,3,1,6,34
4,3,1,7,34
4,3,1,8,32
4,3,1,9,34
4,3,1,10,36
4,3,1,11,36
4,3,1,12,34
4,3,1,13,36
4,3,1,14,40
4,3,1,15,36
4,3,1,16,38
4,3,1,17,36
4,3,1,18,38
4,3,1,19,36
4,3,1,20,34
4,3,1,21,38
4,3,1,22,40
4,3,1,23,36
4,3,1,24,38
4,3,1,25,50
4,3,1,26,40
4,3,1,27,36
4,3,1,28,34
4,3,1,29,36
4,3,1,30,32
4,3,1,31,36
4,3,1,32,40
4,3,1,33,36
4,3,1,34,32
4,3,1,35,38
4,3,1,36,36
4,3,1,37,36
4,3,1,38,34
4,3,1,39,38
4,3,1,40,38
4,3,1,41,38
4,3,1,42,40
4,3,1,43,38
4,3,1,44,42
4,3,1,45,32
4,3,1,46,38
4,3,1,47,40
4,3,1,48,36
4,3,1,49,38
4,3,1,50,38
4,3,1,51,40
4,3,1,52,34
4,3,1,53,36
4,3,1,54,40
4,3,1,55,36
4,3,1,56,36
4,3,1,57,36
4,3,1,58,34
4,3,1,59,36
4,3,1,60,36
4,3,1,61,36
4,3,1,62,34
4,3,1,63,34
4,3,2,0,34
4,3,2,1,36
4,3,2,2,38
4,3,2,3,36
4,3,2,4,38
4,3,2,5,38
4,3,2,6,38
4,3,2,7,40
4,3,2,8,38
4,3,2,9,36
4,3,2,10,36
4,3,2,11,38
4,3,2,12,40
4,3,2,13,38
4,3,2,14,32
4,3,2,15,40
4,3,2,16,34
4,3,2,17,36
4,3,2,18,36
4,3,2,19,36
4,3,2,20,36
4,3,2,21,36
4,3,2,22,36
4,3,2,23,38
4,3,2,24,40
4,3,2,25,34
4,3,2,26,38
4,3,2,27,38
4,3,2,28,34
4,3,2,29,38
4,3,2,30,36
4,3,2,31,38
4,3,2,32,34
4,3,2,33,34
4,3,2,34,32
4,3,2,35,34
4,3,2,36,36
4,3,2,37,38
4,3,2,38,40
4,3,2,39,40
4,3,2,40,36
4,3,2,41,34
4,3,2,42,42
4,3,2,43,36
4,3,2,44,36
4,3,2,45,36
4,3,2,46,36
4,3,2,47,34
4,3,2,48,36
4,3,2,49,34
4,3,2,50,32
4,3,2,51,38
4,3,2,52,38
4,3,2,53,40
4,3,2,54,36
4,3,2,55,34
4,3,2,56,34
4,3,2,57,36
4,3,2,58,40
4,3,2,59,38
4,3,2,60,36
4,3,2,61,36
4,3,2,62,36
4,3,2,63,42
4,3,3,0,36
4,3,3,1,38
4,3,3,2,36
4,3,3,3,38
4,3,3,4,34
4,3,3,5,36
4,3,3,6,38
4,3,3,7,38
4,3,3,8,36
4,3,3,9,34
4,3,3,10,38
4,3,3,11,36
4,3,3,12,32
4,3,3,13,36
4,3,3,14,34
4,3,3,15,38
4,3,3,16,36
4,3,3,17,38
4,3,3,18,36
4,3,3,19,36
4,3,3,20,36
4,3,3,21,36
4,3,3,22,42
4,3,3,23,40
4,3,3,24,36
4,3,3,25,40
4,3,3,26,40
4,3,3,27,38
4,3,3,28,36
4,3,3,29,38
4,3,3,30,38
4,3,3,31,36
4,3,3,32,36
4,3,3,33,36
4,3,3,34,38
4,3,3,35,38
4,3,3,36,38
4,3,3,37,36
4,3,3,38,38
4,3,3,39,34
4,3,3,40,34
4,3,3,41,48
4,3,3,42,36
4,3,3,43,42
4,3,3,44,38
4,3,3,45,38
4,3,3,46,36
4,3,3,47,36
4,3,3,48,40
4,3,3,49,42
4,3,3,50,36
4,3,3,51,40
4,3,3,52,36
4,3,3,53,32
4,3,3,54,38
4,3,3,55,40
4,3,3,56,36
4,3,3,57,32
4,3,3,58,36
4,3,3,59,38
4,3,3,60,36
4,3,3,61,36
4,3,3,62,40
4,3,3,63,34
4,3,4,0,34
4,3,4,1,38
4,3,4,2,36
4,3,4,3,36
4,3,4,4,38
4,3,4,5,36
4,3,4,6,34
4,3,4,7,40
4,3,4,8,32
4,3,4,9,36
4,3,4,10,32
4,3,4,11,34
4,3,4,12,36
4,3,4,13,36
4,3,4,14,36
4,3,4,15,36
4,3,4,16,36
4,3,4,17,34
4,3,4,18,36
4,3,4,19,34
4,3,4,20,34
4,3,4,21,36
4,3,4,22,38
4,3,4,23,34
4,3,4,24,38
4,3,4,25,36
4,3,4,26,38
4,3,4,27,34
4,3,4,28,38
4,3,4,29,36
4,3,4,30,40
4,3,4,31,36
4,3,4,32,34
4,3,4,33,34
4,3,4,34,36
4,3,4,35,36
4,3,4,36,36
4,3,4,37,36
4,3,4,38,40
4,3,4,39,38
4,3,4,40,32
4,3,4,41,38
4,3,4,42,38
4,3,4,43,36
4,3,4,44,34
4,3,4,45,36
4,3,4,46,38
4,3,4,47,38
4,3,4,48,36
4,3,4,49,40
4,3,4,50,34
4,3,4,51,38
4,3,4,52,38
4,3,4,53,40
4,3,4,54,36
4,3,4,55,32
4,3,4,56,36
4,3,4,57,36
4,3,4,58,38
4,3,4,59,36
4,3,4,60,34
4,3,4,61,46
4,3,4,62,36
4,3,4,63,38
4,3,5,0,36
4,3,5,1,36
4,3,5,2,36
4,3,5,3,36
4,3,5,4,36
4,3,5,5,34
4,3,5,6,36
4,3,5,7,38
4,3,5,8,42
4,3,5,9,34
4,3,5,10,38
4,3,5,11,36
4,3,5,12,38
4,3,5,13,40
4,3,5,14,38
4,3,5,15,40
4,3,5,16,40
4,3,5,17,32
4,3,5,18,36
4,3,5,19,34
4,3,5,20,34
4,3,5,21,36
4,3,5,22,36
4,3,5,23,34
4,3,5,24,38
4,3,5,25,36
4,3,5,26,34
4,3,5,27,36
4,3,5,28,36
4,3,5,29,38
4,3,5,30,34
4,3,5,31,36
4,3,5,32,36
4,3,5,33,36
4,3,5,34,36
4,3,5,35,36
4,3,5,36,36
4,3,5,37,38
4,3,5,38,40
4,3,5,39,36
4,3,5,40,42
4,3,5,41,36
4,3,5,42,34
4,3,5,43,36
4,3,5,44,36
4,3,5,45,36
4,3,5,46,38
4,3,5,47,40
4,3,5,48,34
4,3,5,49,36
4,3,5,50,36
4,3,5,51,40
4,3,5,52,36
4,3,5,53,38
4,3,5,54,40
4,3,5,55,36
4,3,5,56,36
4,3,5,57,32
4,3,5,58,34
4,3,5,59,38
4,3,5,60,36
4,3,5,61,34
4,3,5,62,40
4,3,5,63,36
4,3,6,0,72
4,3,6,1,40
4,3,6,2,38
4,3,6,3,40
4,3,6,4,68
4,3,6,5,32
4,3,6,6,62
4,3,6,7,64
4,3,6,8,36
4,3,6,9,40
4,3,6,10,64
4,3,6,11,38
4,3,6,12,38
4,3,6,13,38
4,3,6,14,38
4,3,6,15,38
4,3,6,16,34
4,3,6,17,34
4,3,6,18,36
4,3,6,19,38
4,3,6,20,54
4,3,6,21,36
4,3,6,22,40
4,3,6,23,66
4,3,6,24,76
4,3,6,25,70
4,3,6,26,40
4,3,6,27,66
4,3,6,28,74
4,3,6,29,76
4,3,6,30,66
4,3,6,31,68
4,3,6,32,62
4,3,6,33,68
4,3,6,34,34
4,3,6,35,40
4,3,6,36,62
4,3,6,37,34
4,3,6,38,70
4,3,6,39,38
4,3,6,40,36
4,3,6,41,42
4,3,6,42,70
4,3,6,43,78
4,3,6,44,66
4,3,6,45,36
4,3,6,46,36
4,3,6,47,70
4,3,6,48,70
4,3,6,49,34
4,3,6,50,38
4,3,6,51,72
4,3,6,52,42
4,3,6,53,68
4,3,6,54,36
4,3,6,55,36
4,3,6,56,70
4,3,6,57,34
4,3,6,58,38
4,3,6,59,86
4,3,6,60,40
4,3,6,61,36
4,3,6,62,38
4,3,6,63,36
4,3,7,0,40
4,3,7,1,34
4,3,7,2,34
4,3,7,3,38
4,3,7,4,38
4,3,7,5,40
4,3,7,6,36
4,3,7,7,38
4,3,7,8,36
4,3,7,9,36
4,3,7,10,36
4,3,7,11,34
4,3,7,12,38
4,3,7,13,36
4,3,7,14,38
4,3,7,15,36
4,3,7,16,36
4,3,7,17,36
4,3,7,18,38
4,3,7,19,40
4,3,7,20,40
4,3,7,21,36
4,3,7,22,38
4,3,7,23,36
4,3,7,24,34
4,3,7,25,36
4,3,7,26,38
4,3,7,27,34
4,3,7,28,36
4,3,7,29,36
4,3,7,30,38
4,3,7,31,36
4,3,7,32,36
4,3,7,33,34
4,3,7,34,36
4,3,7,35,40
4,3,7,36,34
4,3,7,37,36
4,3,7,38,36
4,3,7,39,38
4,3,7,40,38
4,3,7,41,40
4,3,7,42,36
4,3,7,43,36
4,3,7,44,42
4,3,7,45,38
4,3,7,46,34
4,3,7,47,38
4,3,7,48,36
4,3,7,49,36
4,3,7,50,34
4,3,7,51,36
4,3,7,52,36
4,3,7,53,36
4,3,7,54,36
4,3,7,55,36
4,3,7,56,36
4,3,7,57,40
4,3,7,58,36
4,3,7,59,36
4,3,7,60,36
4,3,7,61,36
4,3,7,62,40
4,3,7,63,36
4,3,8,0,40
4,3,8,1,36
4,3,8,2,38
4,3,8,3,38
4,3,8,4,36
4,3,8,5,38
4,3,8,6,38
4,3,8,7,38
4,3,8,8,34
4,3,8,9,36
4,3,8,10,36
4,3,8,11,38
4,3,8,12,34
4,3,8,13,36
4,3,8,14,36
4,3,8,15,36
4,3,8,16,38
4,3,8,17,36
4,3,8,18,34
4,3,8,19,40
4,3,8,20,42
4,3,8,21,34
4,3,8,22,40
4,3,8,23,40
4,3,8,24,38
4,3,8,25,38
4,3,8,26,40
4,3,8,27,36
4,3,8,28,38
4,3,8,29,38
4,3,8,30,36
4,3,8,31,38
4,3,8,32,34
4,3,8,33,36
4,3,8,34,38
4,3,8,35,38
4,3,8,36,36
4,3,8,37,38
4,3,8,38,32
4,3,8,39,38
4,3,8,40,34
4,3,8,41,34
4,3,8,42,32
4,3,8,43,38
4,3,8,44,36
4,3,8,45,34
4,3,8,46,38
4,3,8,47,38
4,3,8,48,34
4,3,8,49,36
4,3,8,50,36
4,3,8,51,38
4,3,8,52,34
4,3,8,53,36
4,3,8,54,34
4,3,8,55,40
4,3,8,56,40
4,3,8,57,38
4,3,8,58,38
4,3,8,59,38
4,3,8,60,36
4,3,8,61,40
4,3,8,62,38
4,3,8,63,36
4,3,9,0,36
4,3,9,1,36
4,3,9,2,38
4,3,9,3,36
4,3,9,4,50
4,3,9,5,36
4,3,9,6,34
4,3,9,7,42
4,3,9,8,40
4,3,9,9,36
4,3,9,10,36
4,3,9,11,38
4,3,9,12,36
4,3,9,13,36
4,3,9,14,38
4,3,9,15,38
4,3,9,16,32
4,3,9,17,38
4,3,9,18,38
4,3,9,19,38
4,3,9,20,36
4,3,9,21,38
4,3,9,22,40
4,3,9,23,40
4,3,9,24,40
4,3,9,25,34
4,3,9,26,40
4,3,9,27,36
4,3,9,28,40
4,3,9,29,40
4,3,9,30,34
4,3,9,31,34
4,3,9,32,38
4,3,9,33,36
4,3,9,34,36
4,3,9,35,38
4,3,9,36,36
4,3,9,37,36
4,3,9,38,36
4,3,9,39,36
4,3,9,40,36
4,3,9,41,38
4,3,9,42,36
4,3,9,43,38
4,3,9,44,38
4,3,9,45,36
4,3,9,46,32
4,3,9,47,40
4,3,9,48,36
4,3,9,49,36
4,3,9,50,38
4,3,9,51,36
4,3,9,52,40
4,3,9,53,42
4,3,9,54,36
4,3,9,55,40
4,3,9,56,36
4,3,9,57,36
4,3,9,58,36
4,3,9,59,36
4,3,9,60,36
4,3,9,61,36
4,3,9,62,36
4,3,9,63,38
4,3,10,0,38
4,3,10,1,36
4,3,10,2,40
4,3,10,3,34
4,3,10,4,36
4,3,10,5,38
4,3,10,6,40
4,3,10,7,38
4,3,10,8,34
4,3,10,9,36
4,3,10,10,36
4,3,10,11,40
4,3,10,12,36
4,3,10,13,36
4,3,10,14,38
4,3,10,15,38
4,3,10,16,34
4,3,10,17,36
4,3,10,18,36
4,3,10,19,36
4,3,10,20,42
4,3,10,21,36
4,3,10,22,38
4,3,10,23,40
4,3,10,24,38
4,3,10,25,34
4,3,10,26,36
4,3,10,27,38
4,3,10,28,40
4,3,10,29,36
4,3,10,30,36
4,3,10,31,36
4,3,10,32,36
4,3,10,33,38
4,3,10,34,34
4,3,10,35,38
4,3,10,36,36
4,3,10,37,36
4,3,10,38,34
4,3,10,39,38
4,3,10,40,36
4,3,10,41,34
4,3,10,42,34
4,3,10,43,36
4,3,10,44,38
4,3,10,45,32
4,3,10,46,36
4,3,10,47,40
4,3,10,48,36
4,3,10,49,36
4,3,10,50,32
4,3,10,51,34
4,3,10,52,38
4,3,10,53,38
4,3,10,54,40
4,3,10,55,38
4,3,10,56,38
4,3,10,57,38
4,3,10,58,36
4,3,10,59,36
4,3,10,60,36
4,3,10,61,38
4,3,10,62,38
4,3,10,63,32
4,3,11,0,36
4,3,11,1,34
4,3,11,2,36
4,3,11,3,34
4,3,11,4,36
4,3,11,5,36
4,3,11,6,34
4,3,11,7,40
4,3,11,8,36
4,3,11,9,34
4,3,11,10,38
4,3,11,11,38
4,3,11,12,36
4,3,11,13,36
4,3,11,14,38
4,3,11,15,40
4,3,11,16,36
4,3,11,17,38
4,3,11,18,38
4,3,11,19,36
4,3,11,20,40
4,3,11,21,36
4,3,11,22,38
4,3,11,23,36
4,3,11,24,34
4,3,11,25,38
4,3,11,26,40
4,3,11,27,38
4,3,11,28,34
4,3,11,29,38
4,3,11,30,36
4,3,11,31,32
4,3,11,32,40
4,3,11,33,40
4,3,11,34,34
4,3,11,35,38
4,3,11,36,34
4,3,11,37,36
4,3,11,38,36
4,3,11,39,36
4,3,11,40,34
4,3,11,41,40
4,3,11,42,36
4,3,11,43,36
4,3,11,44,38
4,3,11,45,34
4,3,11,46,38
4,3,11,47,34
4,3,11,48,34
4,3,11,49,36
4,3,11,50,34
4,3,11,51,36
4,3,11,52,36
4,3,11,53,36
4,3,11,54,36
4,3,11,55,38
4,3,11,56,38
4,3,11,57,34
4,3,11,58,46
4,3,11,59,38
4,3,11,60,34
4,3,11,61,38
4,3,11,62,40
4,3,11,63,38
4,3,12,0,34
4,3,12,1,36
4,3,12,2,38
4,3,12,3,38
4,3,12,4,38
4,3,12,5,36
4,3,12,6,34
4,3,12,7,38
4,3,12,8,32
4,3,12,9,36
4,3,12,10,36
4,3,12,11,34
4,3,12,12,36
4,3,12,13,34
4,3,12,14,38
4,3,12,15,36
4,3,12,16,36
4,3,12,17,34
4,3,12,18,36
4,3,12,19,36
4,3,12,20,36
4,3,12,21,34
4,3,12,22,36
4,3,12,23,38
4,3,12,24,36
4,3,12,25,36
4,3,12,26,36
4,3,12,27,36
4,3,12,28,36
4,3,12,29,34
4,3,12,30,36
4,3,12,31,36
4,3,12,32,34
4,3,12,33,34
4,3,12,34,34
4,3,12,35,36
4,3,12,36,38
4,3,12,37,36
4,3,12,38,38
4,3,12,39,38
4,3,12,40,36
4,3,12,41,36
4,3,12,42,36
4,3,12,43,40
4,3,12,44,36
4,3,12,45,34
4,3,12,46,32
4,3,12,47,38
4,3,12,48,34
4,3,12,49,34
4,3,12,50,34
4,3,12,51,38
4,3,12,52,32
4,3,12,53,32
4,3,12,54,40
4,3,12,55,36
4,3,12,56,38
4,3,12,57,36
4,3,12,58,38
4,3,12,59,36
4,3,12,60,36
4,3,12,61,38
4,3,12,62,38
4,3,12,63,36
4,3,13,0,34
4,3,13,1,38
4,3,13,2,32
4,3,13,3,36
4,3,13,4,36
4,3,13,5,38
4,3,13,6,36
4,3,13,7,38
4,3,13,8,36
4,3,13,9,36
4,3,13,10,34
4,3,13,11,36
4,3,13,12,38
4,3,13,13,34
4,3,13,14,34
4,3,13,15,34
4,3,13,16,34
4,3,13,17,38
4,3,13,18,38
4,3,13,19,34
4,3,13,20,36
4,3,13,21,36
4,3,13,22,36
4,3,13,23,36
4,3,13,24,40
4,3,13,25,38
4,3,13,26,46
4,3,13,27,40
4,3,13,28,38
4,3,13,29,38
4,3,13,30,36
4,3,13,31,38
4,3,13,32,38
4,3,13,33,34
4,3,13,34,38
4,3,13,35,36
4,3,13,36,36
4,3,13,37,36
4,3,13,38,36
4,3,13,39,38
4,3,13,40,36
4,3,13,41,34
4,3,13,42,36
4,3,13,43,34
4,3,13,44,38
4,3,13,45,36
4,3,13,46,36
4,3,13,47,40
4,3,13,48,38
4,3,13,49,38
4,3,13,50,36
4,3,13,51,40
4,3,13,52,40
4,3,13,53,38
4,3,13,54,40
4,3,13,55,38
4,3,13,56,40
4,3,13,57,40
4,3,13,58,40
4,3,13,59,42
4,3,13,60,36
4,3,13,61,38
4,3,13,62,36
4,3,13,63,38
4,3,14,0,36
4,3,14,1,36
4,3,14,2,40
4,3,14,3,36
4,3,14,4,36
4,3,14,5,36
4,3,14,6,34
4,3,14,7,36
4,3,14,8,36
4,3,14,9,38
4,3,14,10,36
4,3,14,11,36
4,3,14,12,40
4,3,14,13,36
4,3,14,14,38
4,3,14,15,34
4,3,14,16,38
4,3,14,17,36
4,3,14,18,36
4,3,14,19,36
4,3,14,20,36
4,3,14,21,40
4,3,14,22,34
4,3,14,23,36
4,3,14,24,38
4,3,14,25,42
4,3,14,26,42
4,3,14,27,38
4,3,14,28,38
4,3,14,29,36
4,3,14,30,38
4,3,14,31,36
4,3,14,32,32
4,3,14,33,38
4,3,14,34,32
4,3,14,35,36
4,3,14,36,32
4,3,14,37,38
4,3,14,38,32
4,3,14,39,40
4,3,14,40,40
4,3,14,41,36
4,3,14,42,36
4,3,14,43,36
4,3,14,44,36
4,3,14,45,36
4,3,14,46,38
4,3,14,47,36
4,3,14,48,40
4,3,14,49,36
4,3,14,50,36
4,3,14,51,36
4,3,14,52,38
4,3,14,53,40
4,3,14,54,38
4,3,14,55,38
4,3,14,56,34
4,3,14,57,36
4,3,14,58,36
4,3,14,59,38
4,3,14,60,38
4,3,14,61,38
4,3,14,62,36
4,3,14,63,40
4,4,0,0,70
4,4,0,1,74
4,4,0,2,82
4,4,0,3,64
4,4,0,4,70
4,4,0,5,34
4,4,0,6,62
4,4,0,7,68
4,4,0,8,74
4,4,0,9,38
4,4,0,10,38
4,4,0,11,34
4,4,0,12,38
4,4,0,13,36
4,4,0,14,70
4,4,0,15,64
4,4,0,16,40
4,4,0,17,74
4,4,0,18,64
4,4,0,19,60
4,4,0,20,76
4,4,0,21,70
4,4,0,22,66
4,4,0,23,60
4,4,0,24,74
4,4,0,25,74
4,4,0,26,66
4,4,0,27,64
4,4,0,28,76
4,4,0,29,72
4,4,0,30,64
4,4,0,31,64
4,4,0,32,40
4,4,0,33,38
4,4,0,34,72
4,4,0,35,72
4,4,0,36,34
4,4,0,37,36
4,4,0,38,34
4,4,0,39,40
4,4,0,40,64
4,4,0,41,38
4,4,0,42,74
4,4,0,43,40
4,4,0,44,38
4,4,0,45,36
4,4,0,46,36
4,4,0,47,76
4,4,0,48,70
4,4,0,49,66
4,4,0,50,70
4,4,0,51,74
4,4,0,52,68
4,4,0,53,70
4,4,0,54,74
4,4,0,55,76
4,4,0,56,64
4,4,0,57,64
4,4,0,58,36
4,4,0,59,40
4,4,0,60,68
4,4,0,61,62
4,4,0,62,74
4,4,0,63,38
4,4,1,0,34
4,4,1,1,38
4,4,1,2,36
4,4,1,3,36
4,4,1,4,36
4,4,1,5,36
4,4,1,6,40
4,4,1,7,38
4,4,1,8,38
4,4,1,9,40
4,4,1,10,34
4,4,1,11,36
4,4,1,12,34
4,4,1,13,36
4,4,1,14,36
4,4,1,15,38
4,4,1,16,36
4,4,1,17,46
4,4,1,18,36
4,4,1,19,38
4,4,1,20,38
4,4,1,21,36
4,4,1,22,36
4,4,1,23,34
4,4,1,24,36
4,4,1,25,38
4,4,1,26,34
4,4,1,27,38
4,4,1,28,40
4,4,1,29,34
4,4,1,30,40
4,4,1,31,38
4,4,1,32,36
4,4,1,33,36
4,4,1,34,36
4,4,1,35,36
4,4,1,36,38
4,4,1,37,36
4,4,1,38,34
4,4,1,39,36
4,4,1,40,36
4,4,1,41,38
4,4,1,42,36
4,4,1,43,36
4,4,1,44,40
4,4,1,45,38
4,4,1,46,38
4,4,1,47,42
4,4,1,48,36
4,4,1,49,32
4,4,1,50,38
4,4,1,51,38
4,4,1,52,36
4,4,1,53,36
4,4,1,54,38
4,4,1,55,40
4,4,1,56,36
4,4,1,57,36
4,4,1,58,36
4,4,1,59,36
4,4,1,60,38
4,4,1,61,38
4,4,1,62,36
4,4,1,63,34
4,4,2,0,36
4,4,2,1,34
4,4,2,2,36
4,4,2,3,38
4,4,2,4,36
4,4,2,5,36
4,4,2,6,34
4,4,2,7,38
4,4,2,8,38
4,4,2,9,36
4,4,2,10,34
4,4,2,11,32
4,4,2,12,36
4,4,2,13,36
4,4,2,14,36
4,4,2,15,38
4,4,2,16,36
4,4,2,17,38
4,4,2,18,36
4,4,2,19,32
4,4,2,20,38
4,4,2,21,42
4,4,2,22,36
4,4,2,23,34
4,4,2,24,40
4,4,2,25,36
4,4,2,26,38
4,4,2,27,36
4,4,2,28,36
4,4,2,29,34
4,4,2,30,32
4,4,2,31,38
4,4,2,32,36
4,4,2,33,36
4,4,2,34,32
4,4,2,35,36
4,4,2,36,34
4,4,2,37,38
4,4,2,38,36
4,4,2,39,36
4,4,2,40,34
4,4,2,41,36
4,4,2,42,34
4,4,2,43,32
4,4,2,44,34
4,4,2,45,36
4,4,2,46,36
4,4,2,47,36
4,4,2,48,32
4,4,2,49,36
4,4,2,50,36
4,4,2,51,36
4,4,2,52,36
4,4,2,53,36
4,4,2,54,32
4,4,2,55,40
4,4,2,56,34
4,4,2,57,38
4,4,2,58,34
4,4,2,59,36
4,4,2,60,34
4,4,2,61,36
4,4,2,62,38
4,4,2,63,48
4,4,3,0,38
4,4,3,1,36
4,4,3,2,36
4,4,3,3,36
4,4,3,4,36
4,4,3,5,36
4,4,3,6,40
4,4,3,7,34
4,4,3,8,36
4,4,3,9,36
4,4,3,10,36
4,4,3,11,34
4,4,3,12,36
4,4,3,13,36
4,4,3,14,36
4,4,3,15,36
4,4,3,16,36
4,4,3,17,34
4,4,3,18,38
4,4,3,19,36
4,4,3,20,36
4,4,3,21,36
4,4,3,22,38
4,4,3,23,36
4,4,3,24,36
4,4,3,25,40
4,4,3,26,36
4,4,3,27,40
4,4,3,28,40
4,4,3,29,38
4,4,3,30,36
4,4,3,31,38
4,4,3,32,36
4,4,3,33,42
4,4,3,34,36
4,4,3,35,36
4,4,3,36,40
4,4,3,37,40
4,4,3,38,38
4,4,3,39,38
4,4,3,40,36
4,4,3,41,34
4,4,3,42,36
4,4,3,43,36
4,4,3,44,36
4,4,3,45,32
4,4,3,46,36
4,4,3,47,36
4,4,3,48,38
4,4,3,49,36
4,4,3,50,36
4,4,3,51,34
4,4,3,52,36
4,4,3,53,36
4,4,3,54,38
4,4,3,55,34
4,4,3,56,36
4,4,3,57,42
4,4,3,58,34
4,4,3,59,38
4,4,3,60,36
4,4,3,61,36
4,4,3,62,36
4,4,3,63,36
4,4,4,0,40
4,4,4,1,34
4,4,4,2,32
4,4,4,3,32
4,4,4,4,38
4,4,4,5,34
4,4,4,6,36
4,4,4,7,38
4,4,4,8,36
4,4,4,9,36
4,4,4,10,40
4,4,4,11,34
4,4,4,12,38
4,4,4,13,38
4,4,4,14,40
4,4,4,15,38
4,4,4,16,36
4,4,4,17,36
4,4,4,18,38
4,4,4,19,34
4,4,4,20,36
4,4,4,21,48
4,4,4,22,36
4,4,4,23,36
4,4,4,24,32
4,4,4,25,32
4,4,4,26,38
4,4,4,27,34
4,4,4,28,36
4,4,4,29,40
4,4,4,30,34
4,4,4,31,32
4,4,4,32,34
4,4,4,33,36
4,4,4,34,40
4,4,4,35,36
4,4,4,36,38
4,4,4,37,36
4,4,4,38,36
4,4,4,39,34
4,4,4,40,34
4,4,4,41,34
4,4,4,42,36
4,4,4,43,34
4,4,4,44,36
4,4,4,45,36
4,4,4,46,36
4,4,4,47,36
4,4,4,48,36
4,4,4,49,38
4,4,4,50,40
4,4,4,51,38
4,4,4,52,40
4,4,4,53,36
4,4,4,54,36
4,4,4,55,32
4,4,4,56,40
4,4,4,57,36
4,4,4,58,36
4,4,4,59,38
4,4,4,60,36
4,4,4,61,36
4,4,4,62,36
4,4,4,63,38
4,4,5,0,32
4,4,5,1,40
4,4,5,2,40
4,4,5,3,34
4,4,5,4,38
4,4,5,5,34
4,4,5,6,38
4,4,5,7,38
4,4,5,8,36
4,4,5,9,34
4,4,5,10,36
4,4,5,11,36
4,4,5,12,42
4,4,5,13,36
4,4,5,14,38
4,4,5,15,38
4,4,5,16,36
4,4,5,17,36
4,4,5,18,36
4,4,5,19,36
4,4,5,20,38
4,4,5,21,32
4,4,5,22,32
4,4,5,23,36
4,4,5,24,36
4,4,5,25,36
4,4,5,26,36
4,4,5,27,36
4,4,5,28,40
4,4,5,29,36
4,4,5,30,40
4,4,5,31,38
4,4,5,32,36
4,4,5,33,38
4,4,5,34,36
4,4,5,35,34
4,4,5,36,40
4,4,5,37,36
4,4,5,38,38
4,4,5,39,36
4,4,5,40,38
4,4,5,41,34
4,4,5,42,40
4,4,5,43,38
4,4,5,44,36
4,4,5,45,34
4,4,5,46,36
4,4,5,47,36
4,4,5,48,36
4,4,5,49,38
4,4,5,50,34
4,4,5,51,34
4,4,5,52,36
4,4,5,53,36
4,4,5,54,36
4,4,5,55,38
4,4,5,56,34
4,4,5,57,36
4,4,5,58,36
4,4,5,59,36
4,4,5,60,36
4,4,5,61,38
4,4,5,62,36
4,4,5,63,42
4,4,6,0,40
4,4,6,1,38
4,4,6,2,34
4,4,6,3,40
4,4,6,4,38
4,4,6,5,36
4,4,6,6,38
4,4,6,7,34
4,4,6,8,34
4,4,6,9,34
4,4,6,10,38
4,4,6,11,38
4,4,6,12,36
4,4,6,13,38
4,4,6,14,40
4,4,6,15,32
4,4,6,16,36
4,4,6,17,36
4,4,6,18,34
4,4,6,19,40
4,4,6,20,36
4,4,6,21,38
4,4,6,22,34
4,4,6,23,38
4,4,6,24,38
4,4,6,25,36
4,4,6,26,36
4,4,6,27,34
4,4,6,28,40
4,4,6,29,32
4,4,6,30,40
4,4,6,31,36
4,4,6,32,40
4,4,6,33,34
4,4,6,34,36
4,4,6,35,36
4,4,6,36,40
4,4,6,37,38
4,4,6,38,36
4,4,6,39,38
4,4,6,40,38
4,4,6,41,38
4,4,6,42,42
4,4,6,43,36
4,4,6,44,38
4,4,6,45,40
4,4,6,46,40
4,4,6,47,36
4,4,6,48,40
4,4,6,49,34
4,4,6,50,40
4,4,6,51,36
4,4,6,52,38
4,4,6,53,34
4,4,6,54,40
4,4,6,55,40
4,4,6,56,34
4,4,6,57,36
4,4,6,58,40
4,4,6,59,38
4,4,6,60,38
4,4,6,61,36
4,4,6,62,38
4,4,6,63,36
4,4,7,0,36
4,4,7,1,36
4,4,7,2,38
4,4,7,3,32
4,4,7,4,38
4,4,7,5,34
4,4,7,6,38
4,4,7,7,40
4,4,7,8,36
4,4,7,9,40
4,4,7,10,32
4,4,7,11,36
4,4,7,12,38
4,4,7,13,38
4,4,7,14,36
4,4,7,15,34
4,4,7,16,40
4,4,7,17,36
4,4,7,18,38
4,4,7,19,40
4,4,7,20,34
4,4,7,21,36
4,4,7,22,36
4,4,7,23,36
4,4,7,24,36
4,4,7,25,36
4,4,7,26,38
4,4,7,27,40
4,4,7,28,38
4,4,7,29,36
4,4,7,30,34
4,4,7,31,40
4,4,7,32,40
4,4,7,33,38
4,4,7,34,48
4,4,7,35,38
4,4,7,36,38
4,4,7,37,34
4,4,7,38,34
4,4,7,39,38
4,4,7,40,36
4,4,7,41,38
4,4,7,42,42
4,4,7,43,34
4,4,7,44,38
4,4,7,45,36
4,4,7,46,36
4,4,7,47,38
4,4,7,48,36
4,4,7,49,34
4,4,7,50,38
4,4,7,51,34
4,4,7,52,36
4,4,7,53,38
4,4,7,54,36
4,4,7,55,38
4,4,7,56,40
4,4,7,57,36
4,4,7,58,40
4,4,7,59,36
4,4,7,60,36
4,4,7,61,38
4,4,7,62,38
4,4,7,63,36
4,4,8,0,36
4,4,8,1,40
4,4,8,2,34
4,4,8,3,38
4,4,8,4,36
4,4,8,5,36
4,4,8,6,32
4,4,8,7,34
4,4,8,8,38
4,4,8,9,42
4,4,8,10,34
4,4,8,11,32
4,4,8,12,36
4,4,8,13,40
4,4,8,14,40
4,4,8,15,32
4,4,8,16,38
4,4,8,17,38
4,4,8,18,40
4,4,8,19,36
4,4,8,20,40
4,4,8,21,38
4,4,8,22,36
4,4,8,23,38
4,4,8,24,36
4,4,8,25,36
4,4,8,26,36
4,4,8,27,38
4,4,8,28,36
4,4,8,29,34
4,4,8,30,36
4,4,8,31,36
4,4,8,32,36
4,4,8,33,38
4,4,8,34,32
4,4,8,35,36
4,4,8,36,36
4,4,8,37,36
4,4,8,38,36
4,4,8,39,36
4,4,8,40,38
4,4,8,41,40
4,4,8,42,36
4,4,8,43,36
4,4,8,44,36
4,4,8,45,36
4,4,8,46,40
4,4,8,47,36
4,4,8,48,40
4,4,8,49,38
4,4,8,50,36
4,4,8,51,34
4,4,8,52,34
4,4,8,53,34
4,4,8,54,38
4,4,8,55,34
4,4,8,56,40
4,4,8,57,36
4,4,8,58,34
4,4,8,59,40
4,4,8,60,36
4,4,8,61,38
4,4,8,62,36
4,4,8,63,36
4,4,9,0,38
4,4,9,1,36
4,4,9,2,36
4,4,9,3,36
4,4,9,4,40
4,4,9,5,36
4,4,9,6,38
4,4,9,7,40
4,4,9,8,36
4,4,9,9,38
4,4,9,10,36
4,4,9,11,40
4,4,9,12,38
4,4,9,13,38
4,4,9,14,36
4,4,9,15,36
4,4,9,16,36
4,4,9,17,36
4,4,9,18,34
4,4,9,19,38
4,4,9,20,38
4,4,9,21,36
4,4,9,22,38
4,4,9,23,36
4,4,9,24,38
4,4,9,25,38
4,4,9,26,36
4,4,9,27,36
4,4,9,28,38
4,4,9,29,34
4,4,9,30,38
4,4,9,31,36
4,4,9,32,38
4,4,9,33,36
4,4,9,34,34
4,4,9,35,38
4,4,9,36,34
4,4,9,37,34
4,4,9,38,34
4,4,9,39,36
4,4,9,40,36
4,4,9,41,36
4,4,9,42,38
4,4,9,43,36
4,4,9,44,34
4,4,9,45,38
4,4,9,46,36
4,4,9,47,40
4,4,9,48,36
4,4,9,49,38
4,4,9,50,34
4,4,9,51,40
4,4,9,52,34
4,4,9,53,36
4,4,9,54,34
4,4,9,55,38
4,4,9,56,34
4,4,9,57,38
4,4,9,58,36
4,4,9,59,34
4,4,9,60,36
4,4,9,61,36
4,4,9,62,34
4,4,9,63,34
4,4,10,0,38
4,4,10,1,32
4,4,10,2,40
4,4,10,3,38
4,4,10,4,36
4,4,10,5,38
4,4,10,6,36
4,4,10,7,36
4,4,10,8,38
4,4,10,9,40
4,4,10,10,38
4,4,10,11,36
4,4,10,12,36
4,4,10,13,40
4,4,10,14,38
4,4,10,15,38
4,4,10,16,36
4,4,10,17,36
4,4,10,18,36
4,4,10,19,38
4,4,10,20,40
4,4,10,21,36
4,4,10,22,40
4,4,10,23,34
4,4,10,24,36
4,4,10,25,36
4,4,10,26,38
4,4,10,27,36
4,4,10,28,36
4,4,10,29,34
4,4,10,30,36
4,4,10,31,36
4,4,10,32,36
4,4,10,33,36
4,4,10,34,40
4,4,10,35,38
4,4,10,36,36
4,4,10,37,38
4,4,10,38,40
4,4,10,39,40
4,4,10,40,34
4,4,10,41,36
4,4,10,42,36
4,4,10,43,38
4,4,10,44,36
4,4,10,45,36
4,4,10,46,36
4,4,10,47,38
4,4,10,48,36
4,4,10,49,38
4,4,10,50,36
4,4,10,51,42
4,4,10,52,34
4,4,10,53,38
4,4,10,54,38
4,4,10,55,34
4,4,10,56,38
4,4,10,57,36
4,4,10,58,36
4,4,10,59,38
4,4,10,60,36
4,4,10,61,32
4,4,10,62,40
4,4,10,63,36
4,4,11,0,40
4,4,11,1,40
4,4,11,2,36
4,4,11,3,40
4,4,11,4,36
4,4,11,5,36
4,4,11,6,34
4,4,11,7,36
4,4,11,8,42
4,4,11,9,38
4,4,11,10,40
4,4,11,11,36
4,4,11,12,36
4,4,11,13,34
4,4,11,14,38
4,4,11,15,36
4,4,11,16,32
4,4,11,17,36
4,4,11,18,38
4,4,11,19,40
4,4,11,20,40
4,4,11,21,32
4,4,11,22,38
4,4,11,23,42
4,4,11,24,36
4,4,11,25,34
4,4,11,26,36
4,4,11,27,38
4,4,11,28,34
4,4,11,29,34
4,4,11,30,36
4,4,11,31,36
4,4,11,32,40
4,4,11,33,36
4,4,11,34,40
4,4,11,35,34
4,4,11,36,36
4,4,11,37,38
4,4,11,38,34
4,4,11,39,36
4,4,11,40,38
4,4,11,41,34
4,4,11,42,40
4,4,11,43,36
4,4,11,44,36
4,4,11,45,40
4,4,11,46,36
4,4,11,47,34
4,4,11,48,40
4,4,11,49,36
4,4,11,50,36
4,4,11,51,36
4,4,11,52,34
4,4,11,53,36
4,4,11,54,36
4,4,11,55,38
4,4,11,56,34
4,4,11,57,38
4,4,11,58,36
4,4,11,59,46
4,4,11,60,38
4,4,11,61,38
4,4,11,62,32
4,4,11,63,38
4,4,12,0,36
4,4,12,1,38
4,4,12,2,36
4,4,12,3,34
4,4,12,4,36
4,4,12,5,40
4,4,12,6,34
4,4,12,7,34
4,4,12,8,40
4,4,12,9,40
4,4,12,10,40
4,4,12,11,36
4,4,12,12,40
4,4,12,13,36
4,4,12,14,34
4,4,12,15,36
4,4,12,16,36
4,4,12,17,38
4,4,12,18,36
4,4,12,19,38
4,4,12,20,36
4,4,12,21,40
4,4,12,22,36
4,4,12,23,40
4,4,12,24,36
4,4,12,25,36
4,4,12,26,36
4,4,12,27,42
4,4,12,28,36
4,4,12,29,40
4,4,12,30,38
4,4,12,31,40
4,4,12,32,38
4,4,12,33,36
4,4,12,34,42
4,4,12,35,38
4,4,12,36,36
4,4,12,37,32
4,4,12,38,36
4,4,12,39,38
4,4,12,40,36
4,4,12,41,38
4,4,12,42,36
4,4,12,43,36
4,4,12,44,34
4,4,12,45,36
4,4,12,46,36
4,4,12,47,36
4,4,12,48,34
4,4,12,49,36
4,4,12,50,40
4,4,12,51,36
4,4,12,52,36
4,4,12,53,36
4,4,12,54,40
4,4,12,55,36
4,4,12,56,36
4,4,12,57,36
4,4,12,58,38
4,4,12,59,38
4,4,12,60,38
4,4,12,61,40
4,4,12,62,36
4,4,12,63,36
4,4,13,0,38
4,4,13,1,36
4,4,13,2,34
4,4,13,3,38
4,4,13,4,36
4,4,13,5,40
4,4,13,6,40
4,4,13,7,38
4,4,13,8,36
4,4,13,9,38
4,4,13,10,36
4,4,13,11,34
4,4,13,12,36
4,4,13,13,36
4,4,13,14,34
4,4,13,15,36
4,4,13,16,32
4,4,13,17,38
4,4,13,18,32
4,4,13,19,36
4,4,13,20,32
4,4,13,21,36
4,4,13,22,40
4,4,13,23,36
4,4,13,24,40
4,4,13,25,36
4,4,13,26,36
4,4,13,27,40
4,4,13,28,40
4,4,13,29,36
4,4,13,30,36
4,4,13,31,36
4,4,13,32,36
4,4,13,33,38
4,4,13,34,40
4,4,13,35,34
4,4,13,36,36
4,4,13,37,36
4,4,13,38,32
4,4,13,39,36
4,4,13,40,36
4,4,13,41,36
4,4,13,42,36
4,4,13,43,38
4,4,13,44,34
4,4,13,45,40
4,4,13,46,40
4,4,13,47,36
4,4,13,48,34
4,4,13,49,36
4,4,13,50,40
4,4,13,51,38
4,4,13,52,38
4,4,13,53,36
4,4,13,54,38
4,4,13,55,38
4,4,13,56,36
4,4,13,57,34
4,4,13,58,34
4,4,13,59,36
4,4,13,60,36
4,4,13,61,34
4,4,13,62,36
4,4,13,63,36
4,4,14,0,38
4,4,14,1,38
4,4,14,2,38
4,4,14,3,36
4,4,14,4,34
4,4,14,5,38
4,4,14,6,38
4,4,14,7,36
4,4,14,8,40
4,4,14,9,32
4,4,14,10,40
4,4,14,11,40
4,4,14,12,36
4,4,14,13,36
4,4,14,14,36
4,4,14,15,38
4,4,14,16,38
4,4,14,17,38
4,4,14,18,36
4,4,14,19,36
4,4,14,20,36
4,4,14,21,34
4,4,14,22,40
4,4,14,23,40
4,4,14,24,38
4,4,14,25,36
4,4,14,26,36
4,4,14,27,38
4,4,14,28,46
4,4,14,29,36
4,4,14,30,36
4,4,14,31,36
4,4,14,32,38
4,4,14,33,36
4,4,14,34,38
4,4,14,35,40
4,4,14,36,36
4,4,14,37,42
4,4,14,38,36
4,4,14,39,38
4,4,14,40,34
4,4,14,41,38
4,4,14,42,36
4,4,14,43,38
4,4,14,44,34
4,4,14,45,40
4,4,14,46,36
4,4,14,47,38
4,4,14,48,42
4,4,14,49,36
4,4,14,50,36
4,4,14,51,36
4,4,14,52,38
4,4,14,53,40
4,4,14,54,34
4,4,14,55,40
4,4,14,56,36
4,4,14,57,38
4,4,14,58,36
4,4,14,59,38
4,4,14,60,38
4,4,14,61,38
4,4,14,62,34
4,4,14,63,36
5,0,0,0,74
5,0,0,1,74
5,0,0,2,62
5,0,0,3,64
5,0,0,4,72
5,0,0,5,74
5,0,0,6,68
5,0,0,7,70
5,0,0,8,74
5,0,0,9,74
5,0,0,10,50
5,0,0,11,36
5,0,0,12,38
5,0,0,13,72
5,0,0,14,38
5,0,0,15,68
5,0,0,16,72
5,0,0,17,70
5,0,0,18,38
5,0,0,19,62
5,0,0,20,76
5,0,0,21,70
5,0,0,22,68
5,0,0,23,36
5,0,0,24,72
5,0,0,25,72
5,0,0,26,68
5,0,0,27,64
5,0,0,28,72
5,0,0,29,94
5,0,0,30,70
5,0,0,31,62
5,0,0,32,62
5,0,0,33,74
5,0,0,34,72
5,0,0,35,44
5,0,0,36,62
5,0,0,37,70
5,0,0,38,38
5,0,0,39,40
5,0,0,40,38
5,0,0,41,40
5,0,0,42,74
5,0,0,43,40
5,0,0,44,42
5,0,0,45,34
5,0,0,46,38
5,0,0,47,40
5,0,0,48,64
5,0,0,49,60
5,0,0,50,70
5,0,0,51,72
5,0,0,52,68
5,0,0,53,64
5,0,0,54,72
5,0,0,55,38
5,0,0,56,44
5,0,0,57,64
5,0,0,58,40
5,0,0,59,36
5,0,0,60,66
5,0,0,61,64
5,0,0,62,74
5,0,0,63,38
5,0,1,0,36
5,0,1,1,34
5,0,1,2,36
5,0,1,3,34
5,0,1,4,36
5,0,1,5,34
5,0,1,6,36
5,0,1,7,34
5,0,1,8,34
5,0,1,9,36
5,0,1,10,34
5,0,1,11,38
5,0,1,12,34
5,0,1,13,38
5,0,1,14,34
5,0,1,15,36
5,0,1,16,38
5,0,1,17,34
5,0,1,18,36
5,0,1,19,38
5,0,1,20,36
5,0,1,21,34
5,0,1,22,36
5,0,1,23,34
5,0,1,24,36
5,0,1,25,34
5,0,1,26,34
5,0,1,27,36
5,0,1,28,38
5,0,1,29,42
5,0,1,30,36
5,0,1,31,32
5,0,1,32,34
5,0,1,33,34
5,0,1,34,36
5,0,1,35,36
5,0,1,36,36
5,0,1,37,36
5,0,1,38,32
5,0,1,39,36
5,0,1,40,36
5,0,1,41,36
5,0,1,42,36
5,0,1,43,36
5,0,1,44,36
5,0,1,45,36
5,0,1,46,36
5,0,1,47,36
5,0,1,48,36
5,0,1,49,38
5,0,1,50,40
5,0,1,51,34
5,0,1,52,40
5,0,1,53,36
5,0,1,54,36
5,0,1,55,34
5,0,1,56,38
5,0,1,57,36
5,0,1,58,36
5,0,1,59,34
5,0,1,60,40
5,0,1,61,40
5,0,1,62,34
5,0,1,63,38
5,0,2,0,34
5,0,2,1,38
5,0,2,2,38
5,0,2,3,38
5,0,2,4,36
5,0,2,5,38
5,0,2,6,36
5,0,2,7,36
5,0,2,8,40
5,0,2,9,38
5,0,2,10,36
5,0,2,11,36
5,0,2,12,40
5,0,2,13,36
5,0,2,14,34
5,0,2,15,34
5,0,2,16,42
5,0,2,17,34
5,0,2,18,38
5,0,2,19,36
5,0,2,20,36
5,0,2,21,32
5,0,2,22,34
5,0,2,23,38
5,0,2,24,36
5,0,2,25,40
5,0,2,26,40
5,0,2,27,46
5,0,2,28,36
5,0,2,29,34
5,0,2,30,36
5,0,2,31,32
5,0,2,32,38
5,0,2,33,38
5,0,2,34,36
5,0,2,35,38
5,0,2,36,40
5,0,2,37,38
5,0,2,38,36
5,0,2,39,36
5,0,2,40,38
5,0,2,41,36
5,0,2,42,36
5,0,2,43,36
5,0,2,44,36
5,0,2,45,40
5,0,2,46,42
5,0,2,47,36
5,0,2,48,36
5,0,2,49,38
5,0,2,50,40
5,0,2,51,36
5,0,2,52,36
5,0,2,53,36
5,0,2,54,38
5,0,2,55,34
5,0,2,56,34
5,0,2,57,36
5,0,2,58,34
5,0,2,59,34
5,0,2,60,36
5,0,2,61,38
5,0,2,62,36
5,0,2,63,36
5,0,3,0,38
5,0,3,1,36
5,0,3,2,36
5,0,3,3,36
5,0,3,4,32
5,0,3,5,36
5,0,3,6,32
5,0,3,7,34
5,0,3,8,40
5,0,3,9,36
5,0,3,10,38
5,0,3,11,36
5,0,3,12,34
5,0,3,13,34
5,0,3,14,36
5,0,3,15,36
5,0,3,16,36
5,0,3,17,34
5,0,3,18,36
5,0,3,19,38
5,0,3,20,36
5,0,3,21,40
5,0,3,22,32
5,0,3,23,36
5,0,3,24,40
5,0,3,25,38
5,0,3,26,36
5,0,3,27,42
5,0,3,28,36
5,0,3,29,36
5,0,3,30,34
5,0,3,31,38
5,0,3,32,38
5,0,3,33,38
5,0,3,34,38
5,0,3,35,38
5,0,3,36,40
5,0,3,37,36
5,0,3,38,34
5,0,3,39,36
5,0,3,40,38
5,0,3,41,38
5,0,3,42,36
5,0,3,43,36
5,0,3,44,38
5,0,3,45,38
5,0,3,46,34
5,0,3,47,38
5,0,3,48,36
5,0,3,49,48
5,0,3,50,32
5,0,3,51,34
5,0,3,52,34
5,0,3,53,34
5,0,3,54,36
5,0,3,55,32
5,0,3,56,36
5,0,3,57,38
5,0,3,58,36
5,0,3,59,36
5,0,3,60,36
5,0,3,61,36
5,0,3,62,38
5,0,3,63,34
5,0,4,0,34
5,0,4,1,38
5,0,4,2,38
5,0,4,3,36
5,0,4,4,36
5,0,4,5,36
5,0,4,6,40
5,0,4,7,36
5,0,4,8,34
5,0,4,9,36
5,0,4,10,36
5,0,4,11,40
5,0,4,12,40
5,0,4,13,36
5,0,4,14,34
5,0,4,15,34
5,0,4,16,34
5,0,4,17,36
5,0,4,18,34
5,0,4,19,38
5,0,4,20,38
5,0,4,21,34
5,0,4,22,36
5,0,4,23,40
5,0,4,24,38
5,0,4,25,36
5,0,4,26,40
5,0,4,27,36
5,0,4,28,32
5,0,4,29,38
5,0,4,30,36
5,0,4,31,38
5,0,4,32,40
5,0,4,33,34
5,0,4,34,36
5,0,4,35,36
5,0,4,36,36
5,0,4,37,32
5,0,4,38,38
5,0,4,39,40
5,0,4,40,38
5,0,4,41,34
5,0,4,42,40
5,0,4,43,34
5,0,4,44,38
5,0,4,45,38
5,0,4,46,34
5,0,4,47,40
5,0,4,48,40
5,0,4,49,34
5,0,4,50,34
5,0,4,51,36
5,0,4,52,34
5,0,4,53,36
5,0,4,54,32
5,0,4,55,38
5,0,4,56,40
5,0,4,57,38
5,0,4,58,36
5,0,4,59,40
5,0,4,60,38
5,0,4,61,34
5,0,4,62,36
5,0,4,63,36
5,0,5,0,40
5,0,5,1,34
5,0,5,2,36
5,0,5,3,36
5,0,5,4,36
5,0,5,5,36
5,0,5,6,36
5,0,5,7,38
5,0,5,8,36
5,0,5,9,34
5,0,5,10,36
5,0,5,11,40
5,0,5,12,38
5,0,5,13,40
5,0,5,14,36
5,0,5,15,40
5,0,5,16,40
5,0,5,17,38
5,0,5,18,38
5,0,5,19,38
5,0,5,20,38
5,0,5,21,36
5,0,5,22,36
5,0,5,23,34
5,0,5,24,36
5,0,5,25,38
5,0,5,26,36
5,0,5,27,34
5,0,5,28,34
5,0,5,29,38
5,0,5,30,36
5,0,5,31,36
5,0,5,32,40
5,0,5,33,34
5,0,5,34,44
5,0,5,35,40
5,0,5,36,38
5,0,5,37,38
5,0,5,38,40
5,0,5,39,36
5,0,5,40,38
5,0,5,41,38
5,0,5,42,36
5,0,5,43,40
5,0,5,44,36
5,0,5,45,38
5,0,5,46,36
5,0,5,47,36
5,0,5,48,38
5,0,5,49,40
5,0,5,50,38
5,0,5,51,32
5,0,5,52,40
5,0,5,53,36
5,0,5,54,36
5,0,5,55,36
5,0,5,56,36
5,0,5,57,38
5,0,5,58,36
5,0,5,59,36
5,0,5,60,34
5,0,5,61,34
5,0,5,62,36
5,0,5,63,36
5,0,6,0,38
5,0,6,1,38
5,0,6,2,40
5,0,6,3,36
5,0,6,4,34
5,0,6,5,36
5,0,6,6,36
5,0,6,7,40
5,0,6,8,38
5,0,6,9,38
5,0,6,10,38
5,0,6,11,34
5,0,6,12,38
5,0,6,13,42
5,0,6,14,36
5,0,6,15,38
5,0,6,16,36
5,0,6,17,38
5,0,6,18,42
5,0,6,19,36
5,0,6,20,36
5,0,6,21,34
5,0,6,22,32
5,0,6,23,40
5,0,6,24,38
5,0,6,25,38
5,0,6,26,38
5,0,6,27,36
5,0,6,28,34
5,0,6,29,36
5,0,6,30,36
5,0,6,31,38
5,0,6,32,36
5,0,6,33,40
5,0,6,34,38
5,0,6,35,42
5,0,6,36,40
5,0,6,37,40
5,0,6,38,38
5,0,6,39,38
5,0,6,40,40
5,0,6,41,36
5,0,6,42,36
5,0,6,43,36
5,0,6,44,36
5,0,6,45,38
5,0,6,46,36
5,0,6,47,38
5,0,6,48,40
5,0,6,49,40
5,0,6,50,38
5,0,6,51,38
5,0,6,52,36
5,0,6,53,40
5,0,6,54,36
5,0,6,55,36
5,0,6,56,36
5,0,6,57,38
5,0,6,58,38
5,0,6,59,40
5,0,6,60,42
5,0,6,61,40
5,0,6,62,42
5,0,6,63,34
5,0,7,0,40
5,0,7,1,40
5,0,7,2,38
5,0,7,3,40
5,0,7,4,38
5,0,7,5,38
5,0,7,6,36
5,0,7,7,38
5,0,7,8,40
5,0,7,9,40
5,0,7,10,38
5,0,7,11,42
5,0,7,12,38
5,0,7,13,40
5,0,7,14,40
5,0,7,15,36
5,0,7,16,34
5,0,7,17,40
5,0,7,18,34
5,0,7,19,36
5,0,7,20,40
5,0,7,21,38
5,0,7,22,42
5,0,7,23,40
5,0,7,24,38
5,0,7,25,38
5,0,7,26,34
5,0,7,27,38
5,0,7,28,36
5,0,7,29,36
5,0,7,30,40
5,0,7,31,40
5,0,7,32,36
5,0,7,33,48
5,0,7,34,38
5,0,7,35,42
5,0,7,36,38
5,0,7,37,42
5,0,7,38,34
5,0,7,39,34
5,0,7,40,36
5,0,7,41,36
5,0,7,42,40
5,0,7,43,38
5,0,7,44,38
5,0,7,45,36
5,0,7,46,36
5,0,7,47,36
5,0,7,48,36
5,0,7,49,34
5,0,7,50,40
5,0,7,51,38
5,0,7,52,38
5,0,7,53,36
5,0,7,54,36
5,0,7,55,38
5,0,7,56,40
5,0,7,57,36
5,0,7,58,32
5,0,7,59,36
5,0,7,60,38
5,0,7,61,40
5,0,7,62,36
5,0,7,63,32
5,0,8,0,40
5,0,8,1,34
5,0,8,2,40
5,0,8,3,34
5,0,8,4,36
5,0,8,5,34
5,0,8,6,38
5,0,8,7,38
5,0,8,8,34
5,0,8,9,38
5,0,8,10,40
5,0,8,11,34
5,0,8,12,36
5,0,8,13,36
5,0,8,14,42
5,0,8,15,34
5,0,8,16,40
5,0,8,17,36
5,0,8,18,38
5,0,8,19,38
5,0,8,20,38
5,0,8,21,36
5,0,8,22,42
5,0,8,23,36
5,0,8,24,40
5,0,8,25,34
5,0,8,26,36
5,0,8,27,38
5,0,8,28,40
5,0,8,29,38
5,0,8,30,38
5,0,8,31,36
5,0,8,32,32
5,0,8,33,38
5,0,8,34,36
5,0,8,35,36
5,0,8,36,38
5,0,8,37,38
5,0,8,38,38
5,0,8,39,36
5,0,8,40,40
5,0,8,41,36
5,0,8,42,36
5,0,8,43,38
5,0,8,44,38
5,0,8,45,38
5,0,8,46,40
5,0,8,47,34
5,0,8,48,36
5,0,8,49,36
5,0,8,50,36
5,0,8,51,32
5,0,8,52,38
5,0,8,53,40
5,0,8,54,36
5,0,8,55,38
5,0,8,56,34
5,0,8,57,36
5,0,8,58,36
5,0,8,59,34
5,0,8,60,38
5,0,8,61,36
5,0,8,62,36
5,0,8,63,36
5,0,9,0,38
5,0,9,1,32
5,0,9,2,40
5,0,9,3,36
5,0,9,4,34
5,0,9,5,40
5,0,9,6,36
5,0,9,7,36
5,0,9,8,36
5,0,9,9,36
5,0,9,10,38
5,0,9,11,40
5,0,9,12,36
5,0,9,13,36
5,0,9,14,36
5,0,9,15,38
5,0,9,16,36
5,0,9,17,36
5,0,9,18,34
5,0,9,19,40
5,0,9,20,36
5,0,9,21,40
5,0,9,22,36
5,0,9,23,36
5,0,9,24,38
5,0,9,25,38
5,0,9,26,34
5,0,9,27,38
5,0,9,28,36
5,0,9,29,34
5,0,9,30,40
5,0,9,31,34
5,0,9,32,36
5,0,9,33,36
5,0,9,34,40
5,0,9,35,40
5,0,9,36,40
5,0,9,37,36
5,0,9,38,40
5,0,9,39,36
5,0,9,40,38
5,0,9,41,40
5,0,9,42,34
5,0,9,43,40
5,0,9,44,40
5,0,9,45,34
5,0,9,46,38
5,0,9,47,34
5,0,9,48,38
5,0,9,49,38
5,0,9,50,38
5,0,9,51,34
5,0,9,52,36
5,0,9,53,40
5,0,9,54,40
5,0,9,55,38
5,0,9,56,38
5,0,9,57,36
5,0,9,58,34
5,0,9,59,36
5,0,9,60,36
5,0,9,61,38
5,0,9,62,36
5,0,9,63,36
5,0,10,0,32
5,0,10,1,34
5,0,10,2,32
5,0,10,3,38
5,0,10,4,34
5,0,10,5,38
5,0,10,6,36
5,0,10,7,40
5,0,10,8,38
5,0,10,9,40
5,0,10,10,40
5,0,10,11,36
5,0,10,12,34
5,0,10,13,34
5,0,10,14,36
5,0,10,15,36
5,0,10,16,46
5,0,10,17,40
5,0,10,18,36
5,0,10,19,34
5,0,10,20,38
5,0,10,21,34
5,0,10,22,36
5,0,10,23,36
5,0,10,24,34
5,0,10,25,34
5,0,10,26,42
5,0,10,27,36
5,0,10,28,34
5,0,10,29,34
5,0,10,30,36
5,0,10,31,36
5,0,10,32,36
5,0,10,33,36
5,0,10,34,36
5,0,10,35,38
5,0,10,36,40
5,0,10,37,34
5,0,10,38,34
5,0,10,39,36
5,0,10,40,36
5,0,10,41,34
5,0,10,42,36
5,0,10,43,36
5,0,10,44,34
5,0,10,45,34
5,0,10,46,40
5,0,10,47,40
5,0,10,48,36
5,0,10,49,38
5,0,10,50,38
5,0,10,51,36
5,0,10,52,34
5,0,10,53,36
5,0,10,54,38
5,0,10,55,76
5,0,10,56,36
5,0,10,57,38
5,0,10,58,36
5,0,10,59,34
5,0,10,60,38
5,0,10,61,36
5,0,10,62,36
5,0,10,63,32
5,0,11,0,36
5,0,11,1,34
5,0,11,2,36
5,0,11,3,36
5,0,11,4,36
5,0,11,5,38
5,0,11,6,40
5,0,11,7,36
5,0,11,8,38
5,0,11,9,34
5,0,11,10,36
5,0,11,11,40
5,0,11,12,36
5,0,11,13,36
5,0,11,14,36
5,0,11,15,40
5,0,11,16,36
5,0,11,17,38
5,0,11,18,38
5,0,11,19,36
5,0,11,20,34
5,0,11,21,36
5,0,11,22,38
5,0,11,23,38
5,0,11,24,36
5,0,11,25,38
5,0,11,26,38
5,0,11,27,36
5,0,11,28,36
5,0,11,29,36
5,0,11,30,34
5,0,11,31,36
5,0,11,32,38
5,0,11,33,40
5,0,11,34,34
5,0,11,35,42
5,0,11,36,38
5,0,11,37,38
5,0,11,38,38
5,0,11,39,38
5,0,11,40,36
5,0,11,41,34
5,0,11,42,32
5,0,11,43,40
5,0,11,44,38
5,0,11,45,38
5,0,11,46,32
5,0,11,47,36
5,0,11,48,36
5,0,11,49,36
5,0,11,50,36
5,0,11,51,36
5,0,11,52,40
5,0,11,53,40
5,0,11,54,36
5,0,11,55,34
5,0,11,56,38
5,0,11,57,36
5,0,11,58,36
5,0,11,59,36
5,0,11,60,36
5,0,11,61,40
5,0,11,62,34
5,0,11,63,34
5,0,12,0,38
5,0,12,1,38
5,0,12,2,36
5,0,12,3,40
5,0,12,4,36
5,0,12,5,40
5,0,12,6,36
5,0,12,7,38
5,0,12,8,36
5,0,12,9,36
5,0,12,10,36
5,0,12,11,40
5,0,12,12,40
5,0,12,13,38
5,0,12,14,40
5,0,12,15,40
5,0,12,16,36
5,0,12,17,38
5,0,12,18,36
5,0,12,19,40
5,0,12,20,36
5,0,12,21,36
5,0,12,22,38
5,0,12,23,38
5,0,12,24,36
5,0,12,25,36
5,0,12,26,38
5,0,12,27,34
5,0,12,28,34
5,0,12,29,40
5,0,12,30,38
5,0,12,31,40
5,0,12,32,38
5,0,12,33,36
5,0,12,34,36
5,0,12,35,38
5,0,12,36,36
5,0,12,37,34
5,0,12,38,38
5,0,12,39,38
5,0,12,40,38
5,0,12,41,38
5,0,12,42,36
5,0,12,43,36
5,0,12,44,42
5,0,12,45,38
5,0,12,46,36
5,0,12,47,36
5,0,12,48,42
5,0,12,49,38
5,0,12,50,34
5,0,12,51,36
5,0,12,52,36
5,0,12,53,38
5,0,12,54,38
5,0,12,55,72
5,0,12,56,46
5,0,12,57,38
5,0,12,58,36
5,0,12,59,36
5,0,12,60,34
5,0,12,61,40
5,0,12,62,42
5,0,12,63,38
5,0,13,0,36
5,0,13,1,38
5,0,13,2,36
5,0,13,3,36
5,0,13,4,32
5,0,13,5,36
5,0,13,6,34
5,0,13,7,36
5,0,13,8,36
5,0,13,9,36
5,0,13,10,36
5,0,13,11,36
5,0,13,12,36
5,0,13,13,34
5,0,13,14,48
5,0,13,15,36
5,0,13,16,36
5,0,13,17,36
5,0,13,18,36
5,0,13,19,34
5,0,13,20,34
5,0,13,21,34
5,0,13,22,36
5,0,13,23,38
5,0,13,24,36
5,0,13,25,36
5,0,13,26,36
5,0,13,27,36
5,0,13,28,40
5,0,13,29,36
5,0,13,30,34
5,0,13,31,38
5,0,13,32,36
5,0,13,33,36
5,0,13,34,32
5,0,13,35,38
5,0,13,36,40
5,0,13,37,36
5,0,13,38,36
5,0,13,39,38
5,0,13,40,36
5,0,13,41,38
5,0,13,42,36
5,0,13,43,40
5,0,13,44,36
5,0,13,45,38
5,0,13,46,36
5,0,13,47,40
5,0,13,48,40
5,0,13,49,38
5,0,13,50,36
5,0,13,51,38
5,0,13,52,34
5,0,13,53,36
5,0,13,54,38
5,0,13,55,34
5,0,13,56,34
5,0,13,57,34
5,0,13,58,36
5,0,13,59,40
5,0,13,60,42
5,0,13,61,36
5,0,13,62,40
5,0,13,63,36
5,0,14,0,40
5,0,14,1,36
5,0,14,2,40
5,0,14,3,40
5,0,14,4,40
5,0,14,5,40
5,0,14,6,32
5,0,14,7,38
5,0,14,8,36
5,0,14,9,38
5,0,14,10,36
5,0,14,11,36
5,0,14,12,38
5,0,14,13,36
5,0,14,14,34
5,0,14,15,36
5,0,14,16,38
5,0,14,17,38
5,0,14,18,38
5,0,14,19,36
5,0,14,20,38
5,0,14,21,36
5,0,14,22,38
5,0,14,23,36
5,0,14,24,36
5,0,14,25,38
5,0,14,26,36
5,0,14,27,36
5,0,14,28,36
5,0,14,29,36
5,0,14,30,34
5,0,14,31,38
5,0,14,32,36
5,0,14,33,36
5,0,14,34,38
5,0,14,35,38
5,0,14,36,38
5,0,14,37,36
5,0,14,38,34
5,0,14,39,34
5,0,14,40,36
5,0,14,41,34
5,0,14,42,36
5,0,14,43,36
5,0,14,44,34
5,0,14,45,34
5,0,14,46,40
5,0,14,47,34
5,0,14,48,36
5,0,14,49,32
5,0,14,50,34
5,0,14,51,40
5,0,14,52,38
5,0,14,53,36
5,0,14,54,36
5,0,14,55,40
5,0,14,56,36
5,0,14,57,36
5,0,14,58,36
5,0,14,59,34
5,0,14,60,32
5,0,14,61,38
5,0,14,62,40
5,0,14,63,40
5,1,0,0,38
5,1,0,1,36
5,1,0,2,34
5,1,0,3,34
5,1,0,4,38
5,1,0,5,34
5,1,0,6,40
5,1,0,7,38
5,1,0,8,34
5,1,0,9,40
5,1,0,10,40
5,1,0,11,38
5,1,0,12,34
5,1,0,13,44
5,1,0,14,36
5,1,0,15,40
5,1,0,16,40
5,1,0,17,36
5,1,0,18,38
5,1,0,19,40
5,1,0,20,38
5,1,0,21,38
5,1,0,22,38
5,1,0,23,34
5,1,0,24,36
5,1,0,25,36
5,1,0,26,38
5,1,0,27,36
5,1,0,28,40
5,1,0,29,40
5,1,0,30,36
5,1,0,31,38
5,1,0,32,36
5,1,0,33,34
5,1,0,34,40
5,1,0,35,40
5,1,0,36,40
5,1,0,37,40
5,1,0,38,40
5,1,0,39,38
5,1,0,40,32
5,1,0,41,38
5,1,0,42,34
5,1,0,43,40
5,1,0,44,36
5,1,0,45,40
5,1,0,46,38
5,1,0,47,36
5,1,0,48,40
5,1,0,49,38
5,1,0,50,36
5,1,0,51,36
5,1,0,52,36
5,1,0,53,34
5,1,0,54,40
5,1,0,55,38
5,1,0,56,38
5,1,0,57,34
5,1,0,58,36
5,1,0,59,36
5,1,0,60,36
5,1,0,61,34
5,1,0,62,38
5,1,0,63,34
5,1,1,0,34
5,1,1,1,36
5,1,1,2,38
5,1,1,3,38
5,1,1,4,38
5,1,1,5,36
5,1,1,6,36
5,1,1,7,36
5,1,1,8,38
5,1,1,9,36
5,1,1,10,38
5,1,1,11,40
5,1,1,12,38
5,1,1,13,32
5,1,1,14,36
5,1,1,15,36
5,1,1,16,36
5,1,1,17,36
5,1,1,18,40
5,1,1,19,40
5,1,1,20,36
5,1,1,21,36
5,1,1,22,36
5,1,1,23,36
5,1,1,24,42
5,1,1,25,46
5,1,1,26,40
5,1,1,27,40
5,1,1,28,36
5,1,1,29,36
5,1,1,30,36
5,1,1,31,38
5,1,1,32,36
5,1,1,33,38
5,1,1,34,36
5,1,1,35,38
5,1,1,36,38
5,1,1,37,38
5,1,1,38,40
5,1,1,39,38
5,1,1,40,36
5,1,1,41,40
5,1,1,42,38
5,1,1,43,36
5,1,1,44,38
5,1,1,45,36
5,1,1,46,38
5,1,1,47,36
5,1,1,48,36
5,1,1,49,34
5,1,1,50,40
5,1,1,51,34
5,1,1,52,36
5,1,1,53,38
5,1,1,54,36
5,1,1,55,38
5,1,1,56,40
5,1,1,57,38
5,1,1,58,38
5,1,1,59,36
5,1,1,60,34
5,1,1,61,36
5,1,1,62,36
5,1,1,63,40
5,1,2,0,36
5,1,2,1,34
5,1,2,2,36
5,1,2,3,32
5,1,2,4,36
5,1,2,5,40
5,1,2,6,34
5,1,2,7,36
5,1,2,8,38
5,1,2,9,38
5,1,2,10,36
5,1,2,11,40
5,1,2,12,38
5,1,2,13,38
5,1,2,14,34
5,1,2,15,36
5,1,2,16,40
5,1,2,17,36
5,1,2,18,34
5,1,2,19,36
5,1,2,20,36
5,1,2,21,42
5,1,2,22,38
5,1,2,23,34
5,1,2,24,38
5,1,2,25,38
5,1,2,26,36
5,1,2,27,34
5,1,2,28,36
5,1,2,29,38
5,1,2,30,38
5,1,2,31,36
5,1,2,32,34
5,1,2,33,40
5,1,2,34,34
5,1,2,35,38
5,1,2,36,34
5,1,2,37,40
5,1,2,38,36
5,1,2,39,38
5,1,2,40,36
5,1,2,41,36
5,1,2,42,32
5,1,2,43,34
5,1,2,44,36
5,1,2,45,34
5,1,2,46,36
5,1,2,47,34
5,1,2,48,40
5,1,2,49,40
5,1,2,50,36
5,1,2,51,38
5,1,2,52,34
5,1,2,53,32
5,1,2,54,38
5,1,2,55,36
5,1,2,56,36
5,1,2,57,34
5,1,2,58,38
5,1,2,59,36
5,1,2,60,36
5,1,2,61,36
5,1,2,62,32
5,1,2,63,36
5,1,3,0,36
5,1,3,1,38
5,1,3,2,34
5,1,3,3,38
5,1,3,4,36
5,1,3,5,40
5,1,3,6,38
5,1,3,7,36
5,1,3,8,36
5,1,3,9,38
5,1,3,10,40
5,1,3,11,38
5,1,3,12,38
5,1,3,13,36
5,1,3,14,34
5,1,3,15,36
5,1,3,16,42
5,1,3,17,36
5,1,3,18,36
5,1,3,19,36
5,1,3,20,38
5,1,3,21,38
5,1,3,22,38
5,1,3,23,36
5,1,3,24,36
5,1,3,25,40
5,1,3,26,34
5,1,3,27,36
5,1,3,28,36
5,1,3,29,38
5,1,3,30,32
5,1,3,31,34
5,1,3,32,38
5,1,3,33,38
5,1,3,34,36
5,1,3,35,38
5,1,3,36,38
5,1,3,37,38
5,1,3,38,36
5,1,3,39,36
5,1,3,40,34
5,1,3,41,46
5,1,3,42,38
5,1,3,43,34
5,1,3,44,36
5,1,3,45,36
5,1,3,46,40
5,1,3,47,36
5,1,3,48,38
5,1,3,49,34
5,1,3,50,38
5,1,3,51,36
5,1,3,52,36
5,1,3,53,36
5,1,3,54,36
5,1,3,55,76
5,1,3,56,38
5,1,3,57,36
5,1,3,58,38
5,1,3,59,40
5,1,3,60,32
5,1,3,61,36
5,1,3,62,38
5,1,3,63,38
5,1,4,0,38
5,1,4,1,36
5,1,4,2,32
5,1,4,3,34
5,1,4,4,38
5,1,4,5,40
5,1,4,6,34
5,1,4,7,36
5,1,4,8,34
5,1,4,9,38
5,1,4,10,38
5,1,4,11,34
5,1,4,12,40
5,1,4,13,40
5,1,4,14,36
5,1,4,15,40
5,1,4,16,38
5,1,4,17,34
5,1,4,18,36
5,1,4,19,34
5,1,4,20,34
5,1,4,21,38
5,1,4,22,34
5,1,4,23,34
5,1,4,24,36
5,1,4,25,38
5,1,4,26,40
5,1,4,27,36
5,1,4,28,38
5,1,4,29,38
5,1,4,30,40
5,1,4,31,36
5,1,4,32,36
5,1,4,33,38
5,1,4,34,38
5,1,4,35,40
5,1,4,36,36
5,1,4,37,36
5,1,4,38,38
5,1,4,39,40
5,1,4,40,38
5,1,4,41,40
5,1,4,42,38
5,1,4,43,42
5,1,4,44,40
5,1,4,45,38
5,1,4,46,36
5,1,4,47,36
5,1,4,48,38
5,1,4,49,36
5,1,4,50,36
5,1,4,51,36
5,1,4,52,36
5,1,4,53,36
5,1,4,54,40
5,1,4,55,38
5,1,4,56,40
5,1,4,57,38
5,1,4,58,38
5,1,4,59,34
5,1,4,60,36
5,1,4,61,38
5,1,4,62,36
5,1,4,63,38
5,1,5,0,38
5,1,5,1,40
5,1,5,2,34
5,1,5,3,32
5,1,5,4,40
5,1,5,5,36
5,1,5,6,38
5,1,5,7,40
5,1,5,8,36
5,1,5,9,36
5,1,5,10,42
5,1,5,11,36
5,1,5,12,36
5,1,5,13,42
5,1,5,14,40
5,1,5,15,38
5,1,5,16,36
5,1,5,17,36
5,1,5,18,36
5,1,5,19,38
5,1,5,20,38
5,1,5,21,38
5,1,5,22,34
5,1,5,23,36
5,1,5,24,36
5,1,5,25,36
5,1,5,26,36
5,1,5,27,36
5,1,5,28,40
5,1,5,29,36
5,1,5,30,40
5,1,5,31,34
5,1,5,32,38
5,1,5,33,36
5,1,5,34,34
5,1,5,35,42
5,1,5,36,36
5,1,5,37,36
5,1,5,38,36
5,1,5,39,34
5,1,5,40,34
5,1,5,41,36
5,1,5,42,36
5,1,5,43,38
5,1,5,44,38
5,1,5,45,40
5,1,5,46,36
5,1,5,47,34
5,1,5,48,36
5,1,5,49,38
5,1,5,50,34
5,1,5,51,36
5,1,5,52,36
5,1,5,53,32
5,1,5,54,36
5,1,5,55,74
5,1,5,56,36
5,1,5,57,36
5,1,5,58,36
5,1,5,59,40
5,1,5,60,38
5,1,5,61,46
5,1,5,62,38
5,1,5,63,36
5,1,6,0,40
5,1,6,1,36
5,1,6,2,38
5,1,6,3,36
5,1,6,4,36
5,1,6,5,36
5,1,6,6,36
5,1,6,7,40
5,1,6,8,34
5,1,6,9,34
5,1,6,10,36
5,1,6,11,36
5,1,6,12,34
5,1,6,13,40
5,1,6,14,36
5,1,6,15,38
5,1,6,16,38
5,1,6,17,36
5,1,6,18,38
5,1,6,19,42
5,1,6,20,40
5,1,6,21,36
5,1,6,22,36
5,1,6,23,40
5,1,6,24,40
5,1,6,25,34
5,1,6,26,40
5,1,6,27,36
5,1,6,28,38
5,1,6,29,38
5,1,6,30,38
5,1,6,31,38
5,1,6,32,40
5,1,6,33,38
5,1,6,34,38
5,1,6,35,38
5,1,6,36,36
5,1,6,37,42
5,1,6,38,38
5,1,6,39,38
5,1,6,40,36
5,1,6,41,36
5,1,6,42,34
5,1,6,43,34
5,1,6,44,36
5,1,6,45,36
5,1,6,46,34
5,1,6,47,34
5,1,6,48,38
5,1,6,49,38
5,1,6,50,32
5,1,6,51,36
5,1,6,52,38
5,1,6,53,32
5,1,6,54,40
5,1,6,55,36
5,1,6,56,36
5,1,6,57,34
5,1,6,58,40
5,1,6,59,50
5,1,6,60,36
5,1,6,61,38
5,1,6,62,36
5,1,6,63,36
5,1,7,0,38
5,1,7,1,36
5,1,7,2,40
5,1,7,3,34
5,1,7,4,38
5,1,7,5,40
5,1,7,6,36
5,1,7,7,40
5,1,7,8,38
5,1,7,9,36
5,1,7,10,38
5,1,7,11,38
5,1,7,12,38
5,1,7,13,38
5,1,7,14,36
5,1,7,15,36
5,1,7,16,32
5,1,7,17,32
5,1,7,18,34
5,1,7,19,38
5,1,7,20,36
5,1,7,21,36
5,1,7,22,36
5,1,7,23,36
5,1,7,24,42
5,1,7,25,42
5,1,7,26,40
5,1,7,27,36
5,1,7,28,32
5,1,7,29,40
5,1,7,30,36
5,1,7,31,34
5,1,7,32,34
5,1,7,33,40
5,1,7,34,38
5,1,7,35,36
5,1,7,36,36
5,1,7,37,36
5,1,7,38,34
5,1,7,39,38
5,1,7,40,36
5,1,7,41,34
5,1,7,42,38
5,1,7,43,42
5,1,7,44,36
5,1,7,45,36
5,1,7,46,38
5,1,7,47,40
5,1,7,48,40
5,1,7,49,32
5,1,7,50,40
5,1,7,51,38
5,1,7,52,38
5,1,7,53,36
5,1,7,54,36
5,1,7,55,36
5,1,7,56,42
5,1,7,57,34
5,1,7,58,34
5,1,7,59,34
5,1,7,60,32
5,1,7,61,38
5,1,7,62,36
5,1,7,63,40
5,1,8,0,40
5,1,8,1,36
5,1,8,2,36
5,1,8,3,34
5,1,8,4,34
5,1,8,5,34
5,1,8,6,36
5,1,8,7,36
5,1,8,8,34
5,1,8,9,42
5,1,8,10,36
5,1,8,11,36
5,1,8,12,36
5,1,8,13,36
5,1,8,14,42
5,1,8,15,40
5,1,8,16,36
5,1,8,17,36
5,1,8,18,38
5,1,8,19,34
5,1,8,20,36
5,1,8,21,38
5,1,8,22,38
5,1,8,23,36
5,1,8,24,36
5,1,8,25,38
5,1,8,26,36
5,1,8,27,36
5,1,8,28,34
5,1,8,29,36
5,1,8,30,34
5,1,8,31,38
5,1,8,32,36
5,1,8,33,34
5,1,8,34,38
5,1,8,35,40
5,1,8,36,36
5,1,8,37,38
5,1,8,38,36
5,1,8,39,38
5,1,8,40,34
5,1,8,41,40
5,1,8,42,36
5,1,8,43,36
5,1,8,44,40
5,1,8,45,38
5,1,8,46,40
5,1,8,47,40
5,1,8,48,38
5,1,8,49,36
5,1,8,50,34
5,1,8,51,36
5,1,8,52,34
5,1,8,53,38
5,1,8,54,38
5,1,8,55,34
5,1,8,56,40
5,1,8,57,36
5,1,8,58,38
5,1,8,59,40
5,1,8,60,36
5,1,8,61,34
5,1,8,62,34
5,1,8,63,38
5,1,9,0,40
5,1,9,1,36
5,1,9,2,36
5,1,9,3,38
5,1,9,4,36
5,1,9,5,32
5,1,9,6,36
5,1,9,7,38
5,1,9,8,38
5,1,9,9,34
5,1,9,10,42
5,1,9,11,34
5,1,9,12,36
5,1,9,13,36
5,1,9,14,34
5,1,9,15,36
5,1,9,16,38
5,1,9,17,38
5,1,9,18,34
5,1,9,19,36
5,1,9,20,40
5,1,9,21,34
5,1,9,22,34
5,1,9,23,34
5,1,9,24,34
5,1,9,25,42
5,1,9,26,40
5,1,9,27,38
5,1,9,28,40
5,1,9,29,36
5,1,9,30,34
5,1,9,31,36
5,1,9,32,36
5,1,9,33,42
5,1,9,34,36
5,1,9,35,38
5,1,9,36,36
5,1,9,37,36
5,1,9,38,38
5,1,9,39,36
5,1,9,40,36
5,1,9,41,34
5,1,9,42,40
5,1,9,43,38
5,1,9,44,36
5,1,9,45,36
5,1,9,46,34
5,1,9,47,38
5,1,9,48,34
5,1,9,49,36
5,1,9,50,36
5,1,9,51,34
5,1,9,52,36
5,1,9,53,32
5,1,9,54,36
5,1,9,55,36
5,1,9,56,36
5,1,9,57,36
5,1,9,58,38
5,1,9,59,34
5,1,9,60,36
5,1,9,61,38
5,1,9,62,42
5,1,9,63,36
5,1,10,0,40
5,1,10,1,36
5,1,10,2,36
5,1,10,3,34
5,1,10,4,38
5,1,10,5,36
5,1,10,6,36
5,1,10,7,34
5,1,10,8,34
5,1,10,9,36
5,1,10,10,38
5,1,10,11,36
5,1,10,12,42
5,1,10,13,34
5,1,10,14,38
5,1,10,15,36
5,1,10,16,36
5,1,10,17,36
5,1,10,18,36
5,1,10,19,34
5,1,10,20,36
5,1,10,21,36
5,1,10,22,36
5,1,10,23,34
5,1,10,24,34
5,1,10,25,34
5,1,10,26,38
5,1,10,27,32
5,1,10,28,36
5,1,10,29,40
5,1,10,30,38
5,1,10,31,34
5,1,10,32,38
5,1,10,33,34
5,1,10,34,34
5,1,10,35,36
5,1,10,36,36
5,1,10,37,34
5,1,10,38,50
5,1,10,39,38
5,1,10,40,36
5,1,10,41,36
5,1,10,42,36
5,1,10,43,36
5,1,10,44,38
5,1,10,45,36
5,1,10,46,34
5,1,10,47,34
5,1,10,48,38
5,1,10,49,38
5,1,10,50,36
5,1,10,51,34
5,1,10,52,36
5,1,10,53,36
5,1,10,54,38
5,1,10,55,34
5,1,10,56,36
5,1,10,57,38
5,1,10,58,36
5,1,10,59,40
5,1,10,60,34
5,1,10,61,40
5,1,10,62,36
5,1,10,63,40
5,1,11,0,40
5,1,11,1,38
5,1,11,2,36
5,1,11,3,36
5,1,11,4,32
5,1,11,5,44
5,1,11,6,36
5,1,11,7,32
5,1,11,8,34
5,1,11,9,34
5,1,11,10,36
5,1,11,11,36
5,1,11,12,36
5,1,11,13,36
5,1,11,14,38
5,1,11,15,36
5,1,11,16,42
5,1,11,17,36
5,1,11,18,36
5,1,11,19,40
5,1,11,20,34
5,1,11,21,38
5,1,11,22,38
5,1,11,23,34
5,1,11,24,36
5,1,11,25,38
5,1,11,26,34
5,1,11,27,40
5,1,11,28,38
5,1,11,29,38
5,1,11,30,38
5,1,11,31,36
5,1,11,32,40
5,1,11,33,36
5,1,11,34,36
5,1,11,35,36
5,1,11,36,38
5,1,11,37,40
5,1,11,38,36
5,1,11,39,36
5,1,11,40,34
5,1,11,41,34
5,1,11,42,40
5,1,11,43,36
5,1,11,44,34
5,1,11,45,34
5,1,11,46,36
5,1,11,47,32
5,1,11,48,36
5,1,11,49,36
5,1,11,50,34
5,1,11,51,36
5,1,11,52,36
5,1,11,53,40
5,1,11,54,38
5,1,11,55,40
5,1,11,56,36
5,1,11,57,40
5,1,11,58,36
5,1,11,59,38
5,1,11,60,36
5,1,11,61,38
5,1,11,62,38
5,1,11,63,40
5,1,12,0,40
5,1,12,1,36
5,1,12,2,36
5,1,12,3,36
5,1,12,4,36
5,1,12,5,36
5,1,12,6,38
5,1,12,7,38
5,1,12,8,40
5,1,12,9,36
5,1,12,10,40
5,1,12,11,36
5,1,12,12,36
5,1,12,13,38
5,1,12,14,36
5,1,12,15,38
5,1,12,16,38
5,1,12,17,34
5,1,12,18,38
5,1,12,19,34
5,1,12,20,38
5,1,12,21,38
5,1,12,22,36
5,1,12,23,38
5,1,12,24,38
5,1,12,25,40
5,1,12,26,38
5,1,12,27,38
5,1,12,28,36
5,1,12,29,36
5,1,12,30,36
5,1,12,31,36
5,1,12,32,40
5,1,12,33,36
5,1,12,34,38
5,1,12,35,36
5,1,12,36,36
5,1,12,37,42
5,1,12,38,38
5,1,12,39,34
5,1,12,40,38
5,1,12,41,42
5,1,12,42,36
5,1,12,43,36
5,1,12,44,36
5,1,12,45,42
5,1,12,46,38
5,1,12,47,34
5,1,12,48,36
5,1,12,49,40
5,1,12,50,36
5,1,12,51,36
5,1,12,52,38
5,1,12,53,34
5,1,12,54,38
5,1,12,55,36
5,1,12,56,38
5,1,12,57,36
5,1,12,58,36
5,1,12,59,36
5,1,12,60,36
5,1,12,61,40
5,1,12,62,34
5,1,12,63,34
5,1,13,0,36
5,1,13,1,38
5,1,13,2,34
5,1,13,3,36
5,1,13,4,38
5,1,13,5,36
5,1,13,6,34
5,1,13,7,36
5,1,13,8,38
5,1,13,9,36
5,1,13,10,38
5,1,13,11,36
5,1,13,12,40
5,1,13,13,36
5,1,13,14,36
5,1,13,15,40
5,1,13,16,34
5,1,13,17,38
5,1,13,18,38
5,1,13,19,36
5,1,13,20,38
5,1,13,21,36
5,1,13,22,36
5,1,13,23,36
5,1,13,24,34
5,1,13,25,40
5,1,13,26,36
5,1,13,27,36
5,1,13,28,40
5,1,13,29,38
5,1,13,30,38
5,1,13,31,36
5,1,13,32,36
5,1,13,33,40
5,1,13,34,36
5,1,13,35,50
5,1,13,36,38
5,1,13,37,40
5,1,13,38,42
5,1,13,39,36
5,1,13,40,38
5,1,13,41,36
5,1,13,42,38
5,1,13,43,40
5,1,13,44,38
5,1,13,45,40
5,1,13,46,36
5,1,13,47,38
5,1,13,48,36
5,1,13,49,36
5,1,13,50,36
5,1,13,51,36
5,1,13,52,36
5,1,13,53,36
5,1,13,54,36
5,1,13,55,72
5,1,13,56,34
5,1,13,57,34
5,1,13,58,36
5,1,13,59,36
5,1,13,60,40
5,1,13,61,36
5,1,13,62,32
5,1,13,63,36
5,1,14,0,36
5,1,14,1,38
5,1,14,2,38
5,1,14,3,36
5,1,14,4,36
5,1,14,5,36
5,1,14,6,38
5,1,14,7,38
5,1,14,8,36
5,1,14,9,36
5,1,14,10,36
5,1,14,11,40
5,1,14,12,38
5,1,14,13,38
5,1,14,14,38
5,1,14,15,34
5,1,14,16,36
5,1,14,17,38
5,1,14,18,32
5,1,14,19,36
5,1,14,20,38
5,1,14,21,34
5,1,14,22,38
5,1,14,23,36
5,1,14,24,38
5,1,14,25,38
5,1,14,26,38
5,1,14,27,32
5,1,14,28,36
5,1,14,29,38
5,1,14,30,34
5,1,14,31,40
5,1,14,32,38
5,1,14,33,36
5,1,14,34,42
5,1,14,35,34
5,1,14,36,40
5,1,14,37,42
5,1,14,38,34
5,1,14,39,38
5,1,14,40,36
5,1,14,41,42
5,1,14,42,38
5,1,14,43,38
5,1,14,44,38
5,1,14,45,34
5,1,14,46,36
5,1,14,47,32
5,1,14,48,38
5,1,14,49,38
5,1,14,50,34
5,1,14,51,38
5,1,14,52,40
5,1,14,53,36
5,1,14,54,40
5,1,14,55,36
5,1,14,56,34
5,1,14,57,32
5,1,14,58,36
5,1,14,59,38
5,1,14,60,36
5,1,14,61,34
5,1,14,62,36
5,1,14,63,36
5,2,0,0,70
5,2,0,1,38
5,2,0,2,66
5,2,0,3,68
5,2,0,4,74
5,2,0,5,40
5,2,0,6,66
5,2,0,7,64
5,2,0,8,74
5,2,0,9,38
5,2,0,10,38
5,2,0,11,40
5,2,0,12,76
5,2,0,13,76
5,2,0,14,40
5,2,0,15,68
5,2,0,16,40
5,2,0,17,38
5,2,0,18,36
5,2,0,19,66
5,2,0,20,76
5,2,0,21,44
5,2,0,22,64
5,2,0,23,36
5,2,0,24,76
5,2,0,25,34
5,2,0,26,38
5,2,0,27,36
5,2,0,28,76
5,2,0,29,76
5,2,0,30,64
5,2,0,31,32
5,2,0,32,64
5,2,0,33,62
5,2,0,34,72
5,2,0,35,68
5,2,0,36,64
5,2,0,37,70
5,2,0,38,38
5,2,0,39,38
5,2,0,40,36
5,2,0,41,34
5,2,0,42,36
5,2,0,43,38
5,2,0,44,36
5,2,0,45,40
5,2,0,46,34
5,2,0,47,40
5,2,0,48,70
5,2,0,49,64
5,2,0,50,128
5,2,0,51,78
5,2,0,52,36
5,2,0,53,34
5,2,0,54,36
5,2,0,55,38
5,2,0,56,36
5,2,0,57,36
5,2,0,58,36
5,2,0,59,36
5,2,0,60,74
5,2,0,61,66
5,2,0,62,74
5,2,0,63,36
5,2,1,0,36
5,2,1,1,34
5,2,1,2,40
5,2,1,3,36
5,2,1,4,36
5,2,1,5,38
5,2,1,6,34
5,2,1,7,34
5,2,1,8,38
5,2,1,9,34
5,2,1,10,34
5,2,1,11,38
5,2,1,12,36
5,2,1,13,38
5,2,1,14,36
5,2,1,15,36
5,2,1,16,40
5,2,1,17,36
5,2,1,18,38
5,2,1,19,36
5,2,1,20,40
5,2,1,21,38
5,2,1,22,36
5,2,1,23,38
5,2,1,24,34
5,2,1,25,32
5,2,1,26,36
5,2,1,27,38
5,2,1,28,38
5,2,1,29,40
5,2,1,30,34
5,2,1,31,38
5,2,1,32,34
5,2,1,33,36
5,2,1,34,36
5,2,1,35,38
5,2,1,36,34
5,2,1,37,40
5,2,1,38,38
5,2,1,39,38
5,2,1,40,38
5,2,1,41,40
5,2,1,42,36
5,2,1,43,36
5,2,1,44,36
5,2,1,45,36
5,2,1,46,42
5,2,1,47,38
5,2,1,48,36
5,2,1,49,38
5,2,1,50,34
5,2,1,51,34
5,2,1,52,36
5,2,1,53,36
5,2,1,54,38
5,2,1,55,38
5,2,1,56,36
5,2,1,57,40
5,2,1,58,38
5,2,1,59,36
5,2,1,60,34
5,2,1,61,36
5,2,1,62,40
5,2,1,63,38
5,2,2,0,32
5,2,2,1,40
5,2,2,2,36
5,2,2,3,40
5,2,2,4,34
5,2,2,5,42
5,2,2,6,38
5,2,2,7,38
5,2,2,8,38
5,2,2,9,36
5,2,2,10,40
5,2,2,11,36
5,2,2,12,38
5,2,2,13,32
5,2,2,14,32
5,2,2,15,36
5,2,2,16,34
5,2,2,17,36
5,2,2,18,36
5,2,2,19,36
5,2,2,20,40
5,2,2,21,38
5,2,2,22,36
5,2,2,23,36
5,2,2,24,38
5,2,2,25,36
5,2,2,26,38
5,2,2,27,36
5,2,2,28,38
5,2,2,29,36
5,2,2,30,36
5,2,2,31,36
5,2,2,32,34
5,2,2,33,36
5,2,2,34,34
5,2,2,35,36
5,2,2,36,42
5,2,2,37,38
5,2,2,38,36
5,2,2,39,38
5,2,2,40,36
5,2,2,41,34
5,2,2,42,40
5,2,2,43,36
5,2,2,44,36
5,2,2,45,36
5,2,2,46,38
5,2,2,47,40
5,2,2,48,34
5,2,2,49,36
5,2,2,50,36
5,2,2,51,40
5,2,2,52,38
5,2,2,53,40
5,2,2,54,34
5,2,2,55,36
5,2,2,56,38
5,2,2,57,40
5,2,2,58,38
5,2,2,59,36
5,2,2,60,36
5,2,2,61,32
5,2,2,62,36
5,2,2,63,34
5,2,3,0,40
5,2,3,1,36
5,2,3,2,36
5,2,3,3,34
5,2,3,4,36
5,2,3,5,38
5,2,3,6,36
5,2,3,7,40
5,2,3,8,38
5,2,3,9,38
5,2,3,10,38
5,2,3,11,32
5,2,3,12,40
5,2,3,13,38
5,2,3,14,38
5,2,3,15,36
5,2,3,16,36
5,2,3,17,34
5,2,3,18,36
5,2,3,19,36
5,2,3,20,36
5,2,3,21,34
5,2,3,22,32
5,2,3,23,34
5,2,3,24,38
5,2,3,25,40
5,2,3,26,42
5,2,3,27,36
5,2,3,28,40
5,2,3,29,34
5,2,3,30,36
5,2,3,31,36
5,2,3,32,36
5,2,3,33,38
5,2,3,34,36
5,2,3,35,36
5,2,3,36,38
5,2,3,37,36
5,2,3,38,38
5,2,3,39,36
5,2,3,40,36
5,2,3,41,38
5,2,3,42,36
5,2,3,43,36
5,2,3,44,36
5,2,3,45,40
5,2,3,46,36
5,2,3,47,36
5,2,3,48,36
5,2,3,49,38
5,2,3,50,38
5,2,3,51,40
5,2,3,52,40
5,2,3,53,38
5,2,3,54,38
5,2,3,55,40
5,2,3,56,40
5,2,3,57,40
5,2,3,58,38
5,2,3,59,38
5,2,3,60,36
5,2,3,61,38
5,2,3,62,36
5,2,3,63,40
5,2,4,0,36
5,2,4,1,32
5,2,4,2,36
5,2,4,3,36
5,2,4,4,36
5,2,4,5,38
5,2,4,6,40
5,2,4,7,42
5,2,4,8,40
5,2,4,9,40
5,2,4,10,36
5,2,4,11,36
5,2,4,12,36
5,2,4,13,32
5,2,4,14,36
5,2,4,15,34
5,2,4,16,36
5,2,4,17,36
5,2,4,18,34
5,2,4,19,34
5,2,4,20,34
5,2,4,21,38
5,2,4,22,40
5,2,4,23,36
5,2,4,24,36
5,2,4,25,36
5,2,4,26,34
5,2,4,27,36
5,2,4,28,36
5,2,4,29,38
5,2,4,30,42
5,2,4,31,34
5,2,4,32,38
5,2,4,33,36
5,2,4,34,36
5,2,4,35,32
5,2,4,36,36
5,2,4,37,36
5,2,4,38,36
5,2,4,39,38
5,2,4,40,36
5,2,4,41,36
5,2,4,42,38
5,2,4,43,38
5,2,4,44,34
5,2,4,45,38
5,2,4,46,38
5,2,4,47,36
5,2,4,48,34
5,2,4,49,38
5,2,4,50,36
5,2,4,51,34
5,2,4,52,38
5,2,4,53,38
5,2,4,54,38
5,2,4,55,38
5,2,4,56,36
5,2,4,57,36
5,2,4,58,36
5,2,4,59,38
5,2,4,60,34
5,2,4,61,38
5,2,4,62,36
5,2,4,63,36
5,2,5,0,42
5,2,5,1,38
5,2,5,2,36
5,2,5,3,34
5,2,5,4,34
5,2,5,5,36
5,2,5,6,34
5,2,5,7,36
5,2,5,8,34
5,2,5,9,34
5,2,5,10,36
5,2,5,11,36
5,2,5,12,36
5,2,5,13,40
5,2,5,14,36
5,2,5,15,40
5,2,5,16,38
5,2,5,17,36
5,2,5,18,38
5,2,5,19,40
5,2,5,20,36
5,2,5,21,36
5,2,5,22,40
5,2,5,23,38
5,2,5,24,36
5,2,5,25,34
5,2,5,26,36
5,2,5,27,34
5,2,5,28,36
5,2,5,29,36
5,2,5,30,36
5,2,5,31,34
5,2,5,32,40
5,2,5,33,36
5,2,5,34,40
5,2,5,35,40
5,2,5,36,34
5,2,5,37,36
5,2,5,38,34
5,2,5,39,34
5,2,5,40,38
5,2,5,41,40
5,2,5,42,36
5,2,5,43,36
5,2,5,44,36
5,2,5,45,34
5,2,5,46,50
5,2,5,47,38
5,2,5,48,40
5,2,5,49,40
5,2,5,50,34
5,2,5,51,40
5,2,5,52,36
5,2,5,53,34
5,2,5,54,36
5,2,5,55,34
5,2,5,56,32
5,2,5,57,38
5,2,5,58,40
5,2,5,59,36
5,2,5,60,32
5,2,5,61,34
5,2,5,62,40
5,2,5,63,32
5,2,6,0,36
5,2,6,1,36
5,2,6,2,38
5,2,6,3,40
5,2,6,4,38
5,2,6,5,36
5,2,6,6,38
5,2,6,7,36
5,2,6,8,36
5,2,6,9,36
5,2,6,10,38
5,2,6,11,42
5,2,6,12,42
5,2,6,13,40
5,2,6,14,36
5,2,6,15,40
5,2,6,16,38
5,2,6,17,38
5,2,6,18,36
5,2,6,19,38
5,2,6,20,40
5,2,6,21,34
5,2,6,22,36
5,2,6,23,36
5,2,6,24,40
5,2,6,25,34
5,2,6,26,38
5,2,6,27,32
5,2,6,28,36
5,2,6,29,40
5,2,6,30,40
5,2,6,31,36
5,2,6,32,36
5,2,6,33,40
5,2,6,34,40
5,2,6,35,36
5,2,6,36,36
5,2,6,37,40
5,2,6,38,36
5,2,6,39,40
5,2,6,40,38
5,2,6,41,36
5,2,6,42,36
5,2,6,43,36
5,2,6,44,38
5,2,6,45,36
5,2,6,46,36
5,2,6,47,38
5,2,6,48,40
5,2,6,49,40
5,2,6,50,34
5,2,6,51,40
5,2,6,52,38
5,2,6,53,40
5,2,6,54,36
5,2,6,55,38
5,2,6,56,36
5,2,6,57,38
5,2,6,58,38
5,2,6,59,36
5,2,6,60,38
5,2,6,61,40
5,2,6,62,36
5,2,6,63,40
5,2,7,0,34
5,2,7,1,36
5,2,7,2,38
5,2,7,3,42
5,2,7,4,38
5,2,7,5,36
5,2,7,6,40
5,2,7,7,38
5,2,7,8,36
5,2,7,9,36
5,2,7,10,42
5,2,7,11,38
5,2,7,12,40
5,2,7,13,38
5,2,7,14,34
5,2,7,15,36
5,2,7,16,34
5,2,7,17,42
5,2,7,18,38
5,2,7,19,48
5,2,7,20,36
5,2,7,21,38
5,2,7,22,40
5,2,7,23,34
5,2,7,24,34
5,2,7,25,34
5,2,7,26,38
5,2,7,27,36
5,2,7,28,38
5,2,7,29,38
5,2,7,30,36
5,2,7,31,40
5,2,7,32,36
5,2,7,33,38
5,2,7,34,36
5,2,7,35,34
5,2,7,36,36
5,2,7,37,34
5,2,7,38,38
5,2,7,39,36
5,2,7,40,38
5,2,7,41,38
5,2,7,42,38
5,2,7,43,40
5,2,7,44,40
5,2,7,45,38
5,2,7,46,40
5,2,7,47,38
5,2,7,48,36
5,2,7,49,36
5,2,7,50,34
5,2,7,51,38
5,2,7,52,40
5,2,7,53,36
5,2,7,54,36
5,2,7,55,34
5,2,7,56,36
5,2,7,57,38
5,2,7,58,40
5,2,7,59,34
5,2,7,60,42
5,2,7,61,42
5,2,7,62,38
5,2,7,63,36
5,2,8,0,34
5,2,8,1,36
5,2,8,2,36
5,2,8,3,38
5,2,8,4,40
5,2,8,5,40
5,2,8,6,38
5,2,8,7,32
5,2,8,8,40
5,2,8,9,38
5,2,8,10,38
5,2,8,11,36
5,2,8,12,36
5,2,8,13,36
5,2,8,14,34
5,2,8,15,36
5,2,8,16,38
5,2,8,17,36
5,2,8,18,34
5,2,8,19,36
5,2,8,20,38
5,2,8,21,36
5,2,8,22,36
5,2,8,23,42
5,2,8,24,34
5,2,8,25,38
5,2,8,26,34
5,2,8,27,38
5,2,8,28,40
5,2,8,29,36
5,2,8,30,42
5,2,8,31,38
5,2,8,32,40
5,2,8,33,40
5,2,8,34,40
5,2,8,35,38
5,2,8,36,36
5,2,8,37,32
5,2,8,38,38
5,2,8,39,36
5,2,8,40,40
5,2,8,41,42
5,2,8,42,38
5,2,8,43,38
5,2,8,44,38
5,2,8,45,40
5,2,8,46,40
5,2,8,47,36
5,2,8,48,42
5,2,8,49,36
5,2,8,50,36
5,2,8,51,36
5,2,8,52,38
5,2,8,53,36
5,2,8,54,36
5,2,8,55,36
5,2,8,56,40
5,2,8,57,34
5,2,8,58,38
5,2,8,59,36
5,2,8,60,36
5,2,8,61,40
5,2,8,62,34
5,2,8,63,36
5,2,9,0,36
5,2,9,1,36
5,2,9,2,36
5,2,9,3,38
5,2,9,4,36
5,2,9,5,34
5,2,9,6,40
5,2,9,7,40
5,2,9,8,38
5,2,9,9,36
5,2,9,10,34
5,2,9,11,34
5,2,9,12,38
5,2,9,13,34
5,2,9,14,36
5,2,9,15,38
5,2,9,16,38
5,2,9,17,38
5,2,9,18,36
5,2,9,19,34
5,2,9,20,36
5,2,9,21,36
5,2,9,22,34
5,2,9,23,36
5,2,9,24,38
5,2,9,25,38
5,2,9,26,40
5,2,9,27,32
5,2,9,28,36
5,2,9,29,36
5,2,9,30,36
5,2,9,31,36
5,2,9,32,38
5,2,9,33,40
5,2,9,34,38
5,2,9,35,38
5,2,9,36,36
5,2,9,37,36
5,2,9,38,34
5,2,9,39,36
5,2,9,40,40
5,2,9,41,38
5,2,9,42,38
5,2,9,43,38
5,2,9,44,36
5,2,9,45,36
5,2,9,46,40
5,2,9,47,34
5,2,9,48,40
5,2,9,49,34
5,2,9,50,36
5,2,9,51,34
5,2,9,52,38
5,2,9,53,34
5,2,9,54,36
5,2,9,55,34
5,2,9,56,32
5,2,9,57,36
5,2,9,58,36
5,2,9,59,38
5,2,9,60,38
5,2,9,61,40
5,2,9,62,38
5,2,9,63,36
5,2,10,0,36
5,2,10,1,36
5,2,10,2,40
5,2,10,3,36
5,2,10,4,38
5,2,10,5,38
5,2,10,6,32
5,2,10,7,36
5,2,10,8,34
5,2,10,9,36
5,2,10,10,38
5,2,10,11,38
5,2,10,12,44
5,2,10,13,38
5,2,10,14,32
5,2,10,15,40
5,2,10,16,34
5,2,10,17,32
5,2,10,18,36
5,2,10,19,42
5,2,10,20,34
5,2,10,21,36
5,2,10,22,38
5,2,10,23,40
5,2,10,24,36
5,2,10,25,38
5,2,10,26,36
5,2,10,27,40
5,2,10,28,40
5,2,10,29,40
5,2,10,30,32
5,2,10,31,36
5,2,10,32,40
5,2,10,33,36
5,2,10,34,36
5,2,10,35,32
5,2,10,36,36
5,2,10,37,38
5,2,10,38,42
5,2,10,39,40
5,2,10,40,38
5,2,10,41,42
5,2,10,42,38
5,2,10,43,36
5,2,10,44,36
5,2,10,45,36
5,2,10,46,36
5,2,10,47,42
5,2,10,48,40
5,2,10,49,34
5,2,10,50,40
5,2,10,51,36
5,2,10,52,40
5,2,10,53,40
5,2,10,54,38
5,2,10,55,38
5,2,10,56,32
5,2,10,57,34
5,2,10,58,36
5,2,10,59,36
5,2,10,60,40
5,2,10,61,42
5,2,10,62,38
5,2,10,63,36
5,2,11,0,40
5,2,11,1,36
5,2,11,2,36
5,2,11,3,38
5,2,11,4,36
5,2,11,5,40
5,2,11,6,38
5,2,11,7,36
5,2,11,8,38
5,2,11,9,36
5,2,11,10,36
5,2,11,11,38
5,2,11,12,34
5,2,11,13,36
5,2,11,14,36
5,2,11,15,38
5,2,11,16,36
5,2,11,17,36
5,2,11,18,36
5,2,11,19,38
5,2,11,20,34
5,2,11,21,36
5,2,11,22,36
5,2,11,23,38
5,2,11,24,38
5,2,11,25,36
5,2,11,26,38
5,2,11,27,36
5,2,11,28,38
5,2,11,29,40
5,2,11,30,34
5,2,11,31,32
5,2,11,32,32
5,2,11,33,34
5,2,11,34,36
5,2,11,35,34
5,2,11,36,34
5,2,11,37,34
5,2,11,38,34
5,2,11,39,40
5,2,11,40,38
5,2,11,41,36
5,2,11,42,36
5,2,11,43,40
5,2,11,44,36
5,2,11,45,36
5,2,11,46,38
5,2,11,47,36
5,2,11,48,36
5,2,11,49,38
5,2,11,50,38
5,2,11,51,38
5,2,11,52,38
5,2,11,53,38
5,2,11,54,34
5,2,11,55,36
5,2,11,56,34
5,2,11,57,40
5,2,11,58,38
5,2,11,59,36
5,2,11,60,38
5,2,11,61,38
5,2,11,62,38
5,2,11,63,36
5,2,12,0,38
5,2,12,1,38
5,2,12,2,38
5,2,12,3,40
5,2,12,4,36
5,2,12,5,36
5,2,12,6,36
5,2,12,7,38
5,2,12,8,36
5,2,12,9,40
5,2,12,10,36
5,2,12,11,38
5,2,12,12,42
5,2,12,13,40
5,2,12,14,34
5,2,12,15,36
5,2,12,16,36
5,2,12,17,44
5,2,12,18,32
5,2,12,19,38
5,2,12,20,40
5,2,12,21,36
5,2,12,22,36
5,2,12,23,36
5,2,12,24,38
5,2,12,25,40
5,2,12,26,38
5,2,12,27,34
5,2,12,28,34
5,2,12,29,42
5,2,12,30,36
5,2,12,31,34
5,2,12,32,36
5,2,12,33,38
5,2,12,34,36
5,2,12,35,36
5,2,12,36,40
5,2,12,37,38
5,2,12,38,38
5,2,12,39,34
5,2,12,40,34
5,2,12,41,34
5,2,12,42,38
5,2,12,43,36
5,2,12,44,38
5,2,12,45,38
5,2,12,46,36
5,2,12,47,34
5,2,12,48,38
5,2,12,49,36
5,2,12,50,38
5,2,12,51,38
5,2,12,52,36
5,2,12,53,38
5,2,12,54,36
5,2,12,55,76
5,2,12,56,38
5,2,12,57,38
5,2,12,58,34
5,2,12,59,34
5,2,12,60,34
5,2,12,61,36
5,2,12,62,40
5,2,12,63,36
5,2,13,0,38
5,2,13,1,36
5,2,13,2,36
5,2,13,3,34
5,2,13,4,38
5,2,13,5,36
5,2,13,6,34
5,2,13,7,34
5,2,13,8,40
5,2,13,9,40
5,2,13,10,34
5,2,13,11,40
5,2,13,12,34
5,2,13,13,38
5,2,13,14,34
5,2,13,15,36
5,2,13,16,36
5,2,13,17,34
5,2,13,18,32
5,2,13,19,34
5,2,13,20,38
5,2,13,21,36
5,2,13,22,38
5,2,13,23,36
5,2,13,24,36
5,2,13,25,36
5,2,13,26,36
5,2,13,27,38
5,2,13,28,40
5,2,13,29,32
5,2,13,30,38
5,2,13,31,36
5,2,13,32,34
5,2,13,33,36
5,2,13,34,40
5,2,13,35,36
5,2,13,36,38
5,2,13,37,38
5,2,13,38,38
5,2,13,39,40
5,2,13,40,36
5,2,13,41,42
5,2,13,42,34
5,2,13,43,38
5,2,13,44,40
5,2,13,45,36
5,2,13,46,36
5,2,13,47,40
5,2,13,48,38
5,2,13,49,40
5,2,13,50,36
5,2,13,51,38
5,2,13,52,34
5,2,13,53,46
5,2,13,54,36
5,2,13,55,38
5,2,13,56,36
5,2,13,57,36
5,2,13,58,34
5,2,13,59,38
5,2,13,60,36
5,2,13,61,40
5,2,13,62,40
5,2,13,63,40
5,2,14,0,38
5,2,14,1,38
5,2,14,2,36
5,2,14,3,38
5,2,14,4,34
5,2,14,5,34
5,2,14,6,34
5,2,14,7,38
5,2,14,8,36
5,2,14,9,36
5,2,14,10,40
5,2,14,11,36
5,2,14,12,36
5,2,14,13,40
5,2,14,14,38
5,2,14,15,36
5,2,14,16,42
5,2,14,17,40
5,2,14,18,38
5,2,14,19,36
5,2,14,20,36
5,2,14,21,38
5,2,14,22,40
5,2,14,23,36
5,2,14,24,36
5,2,14,25,36
5,2,14,26,36
5,2,14,27,38
5,2,14,28,38
5,2,14,29,34
5,2,14,30,36
5,2,14,31,40
5,2,14,32,36
5,2,14,33,38
5,2,14,34,38
5,2,14,35,38
5,2,14,36,36
5,2,14,37,38
5,2,14,38,38
5,2,14,39,34
5,2,14,40,36
5,2,14,41,36
5,2,14,42,40
5,2,14,43,36
5,2,14,44,38
5,2,14,45,36
5,2,14,46,38
5,2,14,47,36
5,2,14,48,38
5,2,14,49,38
5,2,14,50,36
5,2,14,51,34
5,2,14,52,36
5,2,14,53,34
5,2,14,54,36
5,2,14,55,42
5,2,14,56,36
5,2,14,57,36
5,2,14,58,36
5,2,14,59,38
5,2,14,60,36
5,2,14,61,36
5,2,14,62,36
5,2,14,63,34
5,3,0,0,72
5,3,0,1,38
5,3,0,2,64
5,3,0,3,68
5,3,0,4,76
5,3,0,5,36
5,3,0,6,64
5,3,0,7,70
5,3,0,8,38
5,3,0,9,50
5,3,0,10,40
5,3,0,11,38
5,3,0,12,36
5,3,0,13,34
5,3,0,14,36
5,3,0,15,78
5,3,0,16,40
5,3,0,17,36
5,3,0,18,36
5,3,0,19,66
5,3,0,20,38
5,3,0,21,38
5,3,0,22,74
5,3,0,23,40
5,3,0,24,76
5,3,0,25,36
5,3,0,26,40
5,3,0,27,38
5,3,0,28,74
5,3,0,29,72
5,3,0,30,66
5,3,0,31,66
5,3,0,32,64
5,3,0,33,72
5,3,0,34,72
5,3,0,35,36
5,3,0,36,34
5,3,0,37,38
5,3,0,38,36
5,3,0,39,36
5,3,0,40,36
5,3,0,41,36
5,3,0,42,34
5,3,0,43,34
5,3,0,44,38
5,3,0,45,36
5,3,0,46,34
5,3,0,47,36
5,3,0,48,68
5,3,0,49,66
5,3,0,50,72
5,3,0,51,78
5,3,0,52,68
5,3,0,53,62
5,3,0,54,38
5,3,0,55,74
5,3,0,56,36
5,3,0,57,62
5,3,0,58,36
5,3,0,59,38
5,3,0,60,70
5,3,0,61,66
5,3,0,62,72
5,3,0,63,38
5,3,1,0,32
5,3,1,1,38
5,3,1,2,34
5,3,1,3,40
5,3,1,4,36
5,3,1,5,36
5,3,1,6,36
5,3,1,7,36
5,3,1,8,36
5,3,1,9,38
5,3,1,10,36
5,3,1,11,36
5,3,1,12,34
5,3,1,13,40
5,3,1,14,36
5,3,1,15,36
5,3,1,16,38
5,3,1,17,34
5,3,1,18,36
5,3,1,19,36
5,3,1,20,36
5,3,1,21,34
5,3,1,22,36
5,3,1,23,36
5,3,1,24,38
5,3,1,25,36
5,3,1,26,38
5,3,1,27,38
5,3,1,28,38
5,3,1,29,32
5,3,1,30,36
5,3,1,31,38
5,3,1,32,36
5,3,1,33,38
5,3,1,34,40
5,3,1,35,38
5,3,1,36,36
5,3,1,37,34
5,3,1,38,38
5,3,1,39,40
5,3,1,40,38
5,3,1,41,40
5,3,1,42,34
5,3,1,43,36
5,3,1,44,36
5,3,1,45,32
5,3,1,46,40
5,3,1,47,32
5,3,1,48,36
5,3,1,49,40
5,3,1,50,34
5,3,1,51,38
5,3,1,52,38
5,3,1,53,36
5,3,1,54,40
5,3,1,55,38
5,3,1,56,38
5,3,1,57,36
5,3,1,58,36
5,3,1,59,36
5,3,1,60,36
5,3,1,61,38
5,3,1,62,40
5,3,1,63,38
5,3,2,0,38
5,3,2,1,38
5,3,2,2,36
5,3,2,3,38
5,3,2,4,42
5,3,2,5,34
5,3,2,6,46
5,3,2,7,36
5,3,2,8,36
5,3,2,9,34
5,3,2,10,36
5,3,2,11,34
5,3,2,12,36
5,3,2,13,36
5,3,2,14,36
5,3,2,15,38
5,3,2,16,38
5,3,2,17,36
5,3,2,18,40
5,3,2,19,40
5,3,2,20,40
5,3,2,21,36
5,3,2,22,36
5,3,2,23,40
5,3,2,24,38
5,3,2,25,34
5,3,2,26,36
5,3,2,27,36
5,3,2,28,36
5,3,2,29,34
5,3,2,30,36
5,3,2,31,40
5,3,2,32,38
5,3,2,33,36
5,3,2,34,36
5,3,2,35,34
5,3,2,36,40
5,3,2,37,40
5,3,2,38,38
5,3,2,39,40
5,3,2,40,36
5,3,2,41,36
5,3,2,42,36
5,3,2,43,36
5,3,2,44,38
5,3,2,45,38
5,3,2,46,36
5,3,2,47,40
5,3,2,48,38
5,3,2,49,38
5,3,2,50,40
5,3,2,51,34
5,3,2,52,38
5,3,2,53,40
5,3,2,54,36
5,3,2,55,38
5,3,2,56,40
5,3,2,57,38
5,3,2,58,40
5,3,2,59,36
5,3,2,60,38
5,3,2,61,36
5,3,2,62,38
5,3,2,63,34
5,3,3,0,36
5,3,3,1,36
5,3,3,2,34
5,3,3,3,40
5,3,3,4,32
5,3,3,5,40
5,3,3,6,42
5,3,3,7,32
5,3,3,8,34
5,3,3,9,32
5,3,3,10,32
5,3,3,11,34
5,3,3,12,36
5,3,3,13,44
5,3,3,14,34
5,3,3,15,34
5,3,3,16,36
5,3,3,17,38
5,3,3,18,34
5,3,3,19,38
5,3,3,20,32
5,3,3,21,36
5,3,3,22,40
5,3,3,23,36
5,3,3,24,36
5,3,3,25,34
5,3,3,26,38
5,3,3,27,36
5,3,3,28,38
5,3,3,29,34
5,3,3,30,32
5,3,3,31,36
5,3,3,32,36
5,3,3,33,42
5,3,3,34,36
5,3,3,35,34
5,3,3,36,38
5,3,3,37,34
5,3,3,38,36
5,3,3,39,38
5,3,3,40,34
5,3,3,41,40
5,3,3,42,36
5,3,3,43,36
5,3,3,44,36
5,3,3,45,34
5,3,3,46,36
5,3,3,47,32
5,3,3,48,38
5,3,3,49,38
5,3,3,50,38
5,3,3,51,38
5,3,3,52,34
5,3,3,53,42
5,3,3,54,38
5,3,3,55,34
5,3,3,56,34
5,3,3,57,42
5,3,3,58,36
5,3,3,59,36
5,3,3,60,34
5,3,3,61,34
5,3,3,62,38
5,3,3,63,36
5,3,4,0,40
5,3,4,1,32
5,3,4,2,34
5,3,4,3,38
5,3,4,4,36
5,3,4,5,34
5,3,4,6,32
5,3,4,7,36
5,3,4,8,36
5,3,4,9,32
5,3,4,10,32
5,3,4,11,40
5,3,4,12,40
5,3,4,13,40
5,3,4,14,38
5,3,4,15,38
5,3,4,16,38
5,3,4,17,40
5,3,4,18,38
5,3,4,19,38
5,3,4,20,36
5,3,4,21,40
5,3,4,22,38
5,3,4,23,34
5,3,4,24,36
5,3,4,25,36
5,3,4,26,38
5,3,4,27,36
5,3,4,28,34
5,3,4,29,38
5,3,4,30,36
5,3,4,31,38
5,3,4,32,36
5,3,4,33,38
5,3,4,34,36
5,3,4,35,38
5,3,4,36,38
5,3,4,37,38
5,3,4,38,40
5,3,4,39,38
5,3,4,40,36
5,3,4,41,40
5,3,4,42,40
5,3,4,43,36
5,3,4,44,34
5,3,4,45,36
5,3,4,46,38
5,3,4,47,40
5,3,4,48,36
5,3,4,49,36
5,3,4,50,36
5,3,4,51,40
5,3,4,52,36
5,3,4,53,36
5,3,4,54,32
5,3,4,55,32
5,3,4,56,36
5,3,4,57,40
5,3,4,58,36
5,3,4,59,40
5,3,4,60,34
5,3,4,61,40
5,3,4,62,38
5,3,4,63,38
5,3,5,0,40
5,3,5,1,38
5,3,5,2,36
5,3,5,3,40
5,3,5,4,36
5,3,5,5,40
5,3,5,6,42
5,3,5,7,38
5,3,5,8,36
5,3,5,9,38
5,3,5,10,40
5,3,5,11,36
5,3,5,12,38
5,3,5,13,38
5,3,5,14,36
5,3,5,15,38
5,3,5,16,40
5,3,5,17,38
5,3,5,18,38
5,3,5,19,36
5,3,5,20,40
5,3,5,21,34
5,3,5,22,40
5,3,5,23,42
5,3,5,24,38
5,3,5,25,40
5,3,5,26,32
5,3,5,27,34
5,3,5,28,32
5,3,5,29,38
5,3,5,30,38
5,3,5,31,38
5,3,5,32,48
5,3,5,33,36
5,3,5,34,36
5,3,5,35,36
5,3,5,36,34
5,3,5,37,40
5,3,5,38,36
5,3,5,39,38
5,3,5,40,36
5,3,5,41,40
5,3,5,42,36
5,3,5,43,36
5,3,5,44,36
5,3,5,45,36
5,3,5,46,34
5,3,5,47,36
5,3,5,48,38
5,3,5,49,36
5,3,5,50,36
5,3,5,51,36
5,3,5,52,36
5,3,5,53,40
5,3,5,54,34
5,3,5,55,36
5,3,5,56,38
5,3,5,57,34
5,3,5,58,38
5,3,5,59,36
5,3,5,60,38
5,3,5,61,34
5,3,5,62,38
5,3,5,63,36
5,3,6,0,38
5,3,6,1,40
5,3,6,2,34
5,3,6,3,34
5,3,6,4,38
5,3,6,5,36
5,3,6,6,36
5,3,6,7,40
5,3,6,8,36
5,3,6,9,36
5,3,6,10,36
5,3,6,11,36
5,3,6,12,36
5,3,6,13,34
5,3,6,14,36
5,3,6,15,34
5,3,6,16,36
5,3,6,17,38
5,3,6,18,40
5,3,6,19,38
5,3,6,20,36
5,3,6,21,38
5,3,6,22,38
5,3,6,23,34
5,3,6,24,38
5,3,6,25,38
5,3,6,26,36
5,3,6,27,36
5,3,6,28,38
5,3,6,29,40
5,3,6,30,40
5,3,6,31,36
5,3,6,32,36
5,3,6,33,36
5,3,6,34,34
5,3,6,35,32
5,3,6,36,40
5,3,6,37,36
5,3,6,38,36
5,3,6,39,40
5,3,6,40,34
5,3,6,41,34
5,3,6,42,32
5,3,6,43,38
5,3,6,44,36
5,3,6,45,34
5,3,6,46,36
5,3,6,47,36
5,3,6,48,36
5,3,6,49,40
5,3,6,50,36
5,3,6,51,40
5,3,6,52,34
5,3,6,53,38
5,3,6,54,32
5,3,6,55,40
5,3,6,56,36
5,3,6,57,42
5,3,6,58,32
5,3,6,59,36
5,3,6,60,40
5,3,6,61,40
5,3,6,62,34
5,3,6,63,36
5,3,7,0,38
5,3,7,1,42
5,3,7,2,40
5,3,7,3,34
5,3,7,4,34
5,3,7,5,36
5,3,7,6,36
5,3,7,7,40
5,3,7,8,34
5,3,7,9,32
5,3,7,10,36
5,3,7,11,38
5,3,7,12,36
5,3,7,13,40
5,3,7,14,40
5,3,7,15,36
5,3,7,16,38
5,3,7,17,40
5,3,7,18,36
5,3,7,19,36
5,3,7,20,38
5,3,7,21,34
5,3,7,22,40
5,3,7,23,40
5,3,7,24,42
5,3,7,25,38
5,3,7,26,38
5,3,7,27,40
5,3,7,28,42
5,3,7,29,40
5,3,7,30,40
5,3,7,31,36
5,3,7,32,38
5,3,7,33,36
5,3,7,34,38
5,3,7,35,36
5,3,7,36,36
5,3,7,37,38
5,3,7,38,38
5,3,7,39,38
5,3,7,40,36
5,3,7,41,38
5,3,7,42,36
5,3,7,43,38
5,3,7,44,38
5,3,7,45,40
5,3,7,46,36
5,3,7,47,38
5,3,7,48,36
5,3,7,49,40
5,3,7,50,38
5,3,7,51,38
5,3,7,52,42
5,3,7,53,34
5,3,7,54,38
5,3,7,55,72
5,3,7,56,36
5,3,7,57,38
5,3,7,58,40
5,3,7,59,36
5,3,7,60,36
5,3,7,61,38
5,3,7,62,38
5,3,7,63,40
5,3,8,0,42
5,3,8,1,38
5,3,8,2,34
5,3,8,3,38
5,3,8,4,34
5,3,8,5,36
5,3,8,6,36
5,3,8,7,36
5,3,8,8,40
5,3,8,9,36
5,3,8,10,36
5,3,8,11,34
5,3,8,12,34
5,3,8,13,38
5,3,8,14,36
5,3,8,15,34
5,3,8,16,38
5,3,8,17,34
5,3,8,18,40
5,3,8,19,34
5,3,8,20,40
5,3,8,21,38
5,3,8,22,38
5,3,8,23,36
5,3,8,24,36
5,3,8,25,40
5,3,8,26,38
5,3,8,27,40
5,3,8,28,36
5,3,8,29,36
5,3,8,30,36
5,3,8,31,34
5,3,8,32,36
5,3,8,33,38
5,3,8,34,40
5,3,8,35,36
5,3,8,36,40
5,3,8,37,34
5,3,8,38,36
5,3,8,39,38
5,3,8,40,36
5,3,8,41,36
5,3,8,42,38
5,3,8,43,36
5,3,8,44,38
5,3,8,45,36
5,3,8,46,38
5,3,8,47,34
5,3,8,48,36
5,3,8,49,38
5,3,8,50,34
5,3,8,51,38
5,3,8,52,40
5,3,8,53,36
5,3,8,54,36
5,3,8,55,40
5,3,8,56,40
5,3,8,57,36
5,3,8,58,38
5,3,8,59,40
5,3,8,60,32
5,3,8,61,46
5,3,8,62,36
5,3,8,63,36
5,3,9,0,36
5,3,9,1,38
5,3,9,2,38
5,3,9,3,38
5,3,9,4,36
5,3,9,5,36
5,3,9,6,38
5,3,9,7,34
5,3,9,8,34
5,3,9,9,36
5,3,9,10,36
5,3,9,11,38
5,3,9,12,36
5,3,9,13,36
5,3,9,14,42
5,3,9,15,38
5,3,9,16,36
5,3,9,17,40
5,3,9,18,38
5,3,9,19,36
5,3,9,20,40
5,3,9,21,34
5,3,9,22,36
5,3,9,23,38
5,3,9,24,38
5,3,9,25,34
5,3,9,26,36
5,3,9,27,36
5,3,9,28,38
5,3,9,29,36
5,3,9,30,36
5,3,9,31,40
5,3,9,32,38
5,3,9,33,36
5,3,9,34,36
5,3,9,35,36
5,3,9,36,36
5,3,9,37,34
5,3,9,38,36
5,3,9,39,36
5,3,9,40,36
5,3,9,41,34
5,3,9,42,36
5,3,9,43,38
5,3,9,44,38
5,3,9,45,38
5,3,9,46,36
5,3,9,47,36
5,3,9,48,38
5,3,9,49,34
5,3,9,50,36
5,3,9,51,38
5,3,9,52,36
5,3,9,53,38
5,3,9,54,32
5,3,9,55,34
5,3,9,56,34
5,3,9,57,38
5,3,9,58,38
5,3,9,59,34
5,3,9,60,36
5,3,9,61,36
5,3,9,62,36
5,3,9,63,38
5,3,10,0,36
5,3,10,1,34
5,3,10,2,34
5,3,10,3,36
5,3,10,4,38
5,3,10,5,40
5,3,10,6,36
5,3,10,7,36
5,3,10,8,36
5,3,10,9,34
5,3,10,10,34
5,3,10,11,36
5,3,10,12,36
5,3,10,13,36
5,3,10,14,38
5,3,10,15,40
5,3,10,16,38
5,3,10,17,34
5,3,10,18,36
5,3,10,19,38
5,3,10,20,34
5,3,10,21,40
5,3,10,22,34
5,3,10,23,34
5,3,10,24,36
5,3,10,25,38
5,3,10,26,38
5,3,10,27,36
5,3,10,28,36
5,3,10,29,38
5,3,10,30,38
5,3,10,31,40
5,3,10,32,36
5,3,10,33,36
5,3,10,34,38
5,3,10,35,38
5,3,10,36,38
5,3,10,37,40
5,3,10,38,36
5,3,10,39,36
5,3,10,40,34
5,3,10,41,40
5,3,10,42,36
5,3,10,43,34
5,3,10,44,40
5,3,10,45,36
5,3,10,46,36
5,3,10,47,36
5,3,10,48,36
5,3,10,49,34
5,3,10,50,34
5,3,10,51,36
5,3,10,52,38
5,3,10,53,36
5,3,10,54,38
5,3,10,55,32
5,3,10,56,34
5,3,10,57,34
5,3,10,58,32
5,3,10,59,50
5,3,10,60,40
5,3,10,61,34
5,3,10,62,36
5,3,10,63,38
5,3,11,0,36
5,3,11,1,36
5,3,11,2,34
5,3,11,3,38
5,3,11,4,38
5,3,11,5,32
5,3,11,6,40
5,3,11,7,34
5,3,11,8,34
5,3,11,9,38
5,3,11,10,36
5,3,11,11,34
5,3,11,12,40
5,3,11,13,36
5,3,11,14,34
5,3,11,15,32
5,3,11,16,38
5,3,11,17,34
5,3,11,18,32
5,3,11,19,38
5,3,11,20,38
5,3,11,21,38
5,3,11,22,32
5,3,11,23,36
5,3,11,24,36
5,3,11,25,36
5,3,11,26,38
5,3,11,27,40
5,3,11,28,42
5,3,11,29,40
5,3,11,30,36
5,3,11,31,36
5,3,11,32,38
5,3,11,33,36
5,3,11,34,38
5,3,11,35,38
5,3,11,36,40
5,3,11,37,40
5,3,11,38,34
5,3,11,39,36
5,3,11,40,38
5,3,11,41,36
5,3,11,42,36
5,3,11,43,34
5,3,11,44,40
5,3,11,45,38
5,3,11,46,34
5,3,11,47,38
5,3,11,48,36
5,3,11,49,40
5,3,11,50,36
5,3,11,51,32
5,3,11,52,36
5,3,11,53,34
5,3,11,54,32
5,3,11,55,36
5,3,11,56,36
5,3,11,57,38
5,3,11,58,36
5,3,11,59,36
5,3,11,60,36
5,3,11,61,38
5,3,11,62,36
5,3,11,63,38
5,3,12,0,36
5,3,12,1,36
5,3,12,2,36
5,3,12,3,38
5,3,12,4,38
5,3,12,5,36
5,3,12,6,34
5,3,12,7,36
5,3,12,8,36
5,3,12,9,36
5,3,12,10,32
5,3,12,11,36
5,3,12,12,40
5,3,12,13,36
5,3,12,14,38
5,3,12,15,36
5,3,12,16,36
5,3,12,17,36
5,3,12,18,36
5,3,12,19,38
5,3,12,20,34
5,3,12,21,38
5,3,12,22,38
5,3,12,23,34
5,3,12,24,40
5,3,12,25,36
5,3,12,26,40
5,3,12,27,40
5,3,12,28,38
5,3,12,29,38
5,3,12,30,36
5,3,12,31,38
5,3,12,32,36
5,3,12,33,36
5,3,12,34,36
5,3,12,35,38
5,3,12,36,34
5,3,12,37,42
5,3,12,38,36
5,3,12,39,36
5,3,12,40,36
5,3,12,41,36
5,3,12,42,38
5,3,12,43,36
5,3,12,44,34
5,3,12,45,36
5,3,12,46,36
5,3,12,47,38
5,3,12,48,34
5,3,12,49,34
5,3,12,50,34
5,3,12,51,36
5,3,12,52,38
5,3,12,53,40
5,3,12,54,38
5,3,12,55,74
5,3,12,56,38
5,3,12,57,40
5,3,12,58,38
5,3,12,59,36
5,3,12,60,38
5,3,12,61,36
5,3,12,62,36
5,3,12,63,40
5,3,13,0,34
5,3,13,1,36
5,3,13,2,36
5,3,13,3,36
5,3,13,4,36
5,3,13,5,34
5,3,13,6,36
5,3,13,7,40
5,3,13,8,38
5,3,13,9,36
5,3,13,10,36
5,3,13,11,36
5,3,13,12,36
5,3,13,13,38
5,3,13,14,36
5,3,13,15,36
5,3,13,16,40
5,3,13,17,36
5,3,13,18,36
5,3,13,19,36
5,3,13,20,34
5,3,13,21,40
5,3,13,22,32
5,3,13,23,38
5,3,13,24,36
5,3,13,25,36
5,3,13,26,38
5,3,13,27,36
5,3,13,28,36
5,3,13,29,36
5,3,13,30,36
5,3,13,31,34
5,3,13,32,36
5,3,13,33,38
5,3,13,34,36
5,3,13,35,40
5,3,13,36,34
5,3,13,37,38
5,3,13,38,44
5,3,13,39,36
5,3,13,40,38
5,3,13,41,36
5,3,13,42,36
5,3,13,43,36
5,3,13,44,38
5,3,13,45,38
5,3,13,46,38
5,3,13,47,40
5,3,13,48,34
5,3,13,49,34
5,3,13,50,36
5,3,13,51,34
5,3,13,52,38
5,3,13,53,38
5,3,13,54,36
5,3,13,55,36
5,3,13,56,36
5,3,13,57,36
5,3,13,58,32
5,3,13,59,36
5,3,13,60,34
5,3,13,61,34
5,3,13,62,36
5,3,13,63,32
5,3,14,0,36
5,3,14,1,36
5,3,14,2,36
5,3,14,3,36
5,3,14,4,36
5,3,14,5,36
5,3,14,6,34
5,3,14,7,36
5,3,14,8,40
5,3,14,9,34
5,3,14,10,36
5,3,14,11,36
5,3,14,12,34
5,3,14,13,40
5,3,14,14,36
5,3,14,15,32
5,3,14,16,36
5,3,14,17,38
5,3,14,18,38
5,3,14,19,36
5,3,14,20,42
5,3,14,21,36
5,3,14,22,34
5,3,14,23,36
5,3,14,24,36
5,3,14,25,36
5,3,14,26,34
5,3,14,27,34
5,3,14,28,38
5,3,14,29,36
5,3,14,30,38
5,3,14,31,36
5,3,14,32,38
5,3,14,33,36
5,3,14,34,38
5,3,14,35,36
5,3,14,36,38
5,3,14,37,36
5,3,14,38,40
5,3,14,39,36
5,3,14,40,36
5,3,14,41,36
5,3,14,42,40
5,3,14,43,36
5,3,14,44,36
5,3,14,45,34
5,3,14,46,38
5,3,14,47,38
5,3,14,48,36
5,3,14,49,36
5,3,14,50,34
5,3,14,51,34
5,3,14,52,36
5,3,14,53,34
5,3,14,54,34
5,3,14,55,36
5,3,14,56,36
5,3,14,57,38
5,3,14,58,40
5,3,14,59,38
5,3,14,60,38
5,3,14,61,32
5,3,14,62,38
5,3,14,63,34
5,4,0,0,70
5,4,0,1,72
5,4,0,2,66
5,4,0,3,68
5,4,0,4,72
5,4,0,5,36
5,4,0,6,36
5,4,0,7,34
5,4,0,8,38
5,4,0,9,36
5,4,0,10,36
5,4,0,11,38
5,4,0,12,40
5,4,0,13,36
5,4,0,14,48
5,4,0,15,70
5,4,0,16,36
5,4,0,17,36
5,4,0,18,36
5,4,0,19,62
5,4,0,20,72
5,4,0,21,40
5,4,0,22,66
5,4,0,23,36
5,4,0,24,76
5,4,0,25,38
5,4,0,26,70
5,4,0,27,38
5,4,0,28,76
5,4,0,29,70
5,4,0,30,62
5,4,0,31,68
5,4,0,32,62
5,4,0,33,68
5,4,0,34,70
5,4,0,35,38
5,4,0,36,62
5,4,0,37,38
5,4,0,38,36
5,4,0,39,40
5,4,0,40,38
5,4,0,41,38
5,4,0,42,74
5,4,0,43,40
5,4,0,44,40
5,4,0,45,38
5,4,0,46,36
5,4,0,47,76
5,4,0,48,68
5,4,0,49,60
5,4,0,50,76
5,4,0,51,70
5,4,0,52,62
5,4,0,53,36
5,4,0,54,74
5,4,0,55,70
5,4,0,56,66
5,4,0,57,68
5,4,0,58,36
5,4,0,59,38
5,4,0,60,38
5,4,0,61,40
5,4,0,62,72
5,4,0,63,36
5,4,1,0,36
5,4,1,1,32
5,4,1,2,36
5,4,1,3,36
5,4,1,4,40
5,4,1,5,38
5,4,1,6,32
5,4,1,7,38
5,4,1,8,36
5,4,1,9,40
5,4,1,10,34
5,4,1,11,34
5,4,1,12,46
5,4,1,13,36
5,4,1,14,36
5,4,1,15,36
5,4,1,16,40
5,4,1,17,32
5,4,1,18,36
5,4,1,19,38
5,4,1,20,38
5,4,1,21,34
5,4,1,22,36
5,4,1,23,36
5,4,1,24,32
5,4,1,25,40
5,4,1,26,38
5,4,1,27,38
5,4,1,28,36
5,4,1,29,40
5,4,1,30,32
5,4,1,31,38
5,4,1,32,36
5,4,1,33,34
5,4,1,34,38
5,4,1,35,38
5,4,1,36,36
5,4,1,37,34
5,4,1,38,34
5,4,1,39,34
5,4,1,40,36
5,4,1,41,38
5,4,1,42,40
5,4,1,43,34
5,4,1,44,38
5,4,1,45,36
5,4,1,46,38
5,4,1,47,38
5,4,1,48,38
5,4,1,49,36
5,4,1,50,42
5,4,1,51,36
5,4,1,52,38
5,4,1,53,36
5,4,1,54,40
5,4,1,55,36
5,4,1,56,36
5,4,1,57,36
5,4,1,58,36
5,4,1,59,36
5,4,1,60,36
5,4,1,61,38
5,4,1,62,36
5,4,1,63,42
5,4,2,0,36
5,4,2,1,38
5,4,2,2,36
5,4,2,3,32
5,4,2,4,36
5,4,2,5,36
5,4,2,6,36
5,4,2,7,36
5,4,2,8,36
5,4,2,9,38
5,4,2,10,40
5,4,2,11,40
5,4,2,12,38
5,4,2,13,36
5,4,2,14,36
5,4,2,15,34
5,4,2,16,36
5,4,2,17,48
5,4,2,18,36
5,4,2,19,38
5,4,2,20,32
5,4,2,21,36
5,4,2,22,36
5,4,2,23,42
5,4,2,24,36
5,4,2,25,32
5,4,2,26,36
5,4,2,27,40
5,4,2,28,38
5,4,2,29,38
5,4,2,30,36
5,4,2,31,34
5,4,2,32,34
5,4,2,33,38
5,4,2,34,34
5,4,2,35,36
5,4,2,36,40
5,4,2,37,36
5,4,2,38,36
5,4,2,39,38
5,4,2,40,34
5,4,2,41,34
5,4,2,42,34
5,4,2,43,38
5,4,2,44,36
5,4,2,45,36
5,4,2,46,36
5,4,2,47,40
5,4,2,48,38
5,4,2,49,34
5,4,2,50,36
5,4,2,51,36
5,4,2,52,36
5,4,2,53,38
5,4,2,54,36
5,4,2,55,36
5,4,2,56,38
5,4,2,57,38
5,4,2,58,34
5,4,2,59,36
5,4,2,60,38
5,4,2,61,38
5,4,2,62,32
5,4,2,63,34
5,4,3,0,36
5,4,3,1,36
5,4,3,2,40
5,4,3,3,38
5,4,3,4,36
5,4,3,5,36
5,4,3,6,36
5,4,3,7,38
5,4,3,8,36
5,4,3,9,38
5,4,3,10,36
5,4,3,11,38
5,4,3,12,38
5,4,3,13,34
5,4,3,14,42
5,4,3,15,36
5,4,3,16,40
5,4,3,17,34
5,4,3,18,36
5,4,3,19,38
5,4,3,20,36
5,4,3,21,38
5,4,3,22,40
5,4,3,23,36
5,4,3,24,38
5,4,3,25,40
5,4,3,26,36
5,4,3,27,38
5,4,3,28,38
5,4,3,29,40
5,4,3,30,36
5,4,3,31,38
5,4,3,32,36
5,4,3,33,36
5,4,3,34,32
5,4,3,35,32
5,4,3,36,42
5,4,3,37,36
5,4,3,38,32
5,4,3,39,40
5,4,3,40,32
5,4,3,41,36
5,4,3,42,38
5,4,3,43,36
5,4,3,44,36
5,4,3,45,38
5,4,3,46,36
5,4,3,47,36
5,4,3,48,38
5,4,3,49,32
5,4,3,50,38
5,4,3,51,36
5,4,3,52,36
5,4,3,53,40
5,4,3,54,36
5,4,3,55,36
5,4,3,56,36
5,4,3,57,36
5,4,3,58,42
5,4,3,59,38
5,4,3,60,38
5,4,3,61,36
5,4,3,62,34
5,4,3,63,34
5,4,4,0,36
5,4,4,1,36
5,4,4,2,34
5,4,4,3,38
5,4,4,4,42
5,4,4,5,40
5,4,4,6,38
5,4,4,7,38
5,4,4,8,34
5,4,4,9,38
5,4,4,10,34
5,4,4,11,36
5,4,4,12,36
5,4,4,13,36
5,4,4,14,34
5,4,4,15,34
5,4,4,16,38
5,4,4,17,40
5,4,4,18,38
5,4,4,19,40
5,4,4,20,42
5,4,4,21,36
5,4,4,22,38
5,4,4,23,32
5,4,4,24,34
5,4,4,25,40
5,4,4,26,38
5,4,4,27,34
5,4,4,28,34
5,4,4,29,38
5,4,4,30,34
5,4,4,31,36
5,4,4,32,36
5,4,4,33,38
5,4,4,34,38
5,4,4,35,40
5,4,4,36,38
5,4,4,37,38
5,4,4,38,36
5,4,4,39,38
5,4,4,40,36
5,4,4,41,34
5,4,4,42,38
5,4,4,43,34
5,4,4,44,32
5,4,4,45,32
5,4,4,46,36
5,4,4,47,38
5,4,4,48,36
5,4,4,49,38
5,4,4,50,36
5,4,4,51,36
5,4,4,52,38
5,4,4,53,48
5,4,4,54,36
5,4,4,55,68
5,4,4,56,38
5,4,4,57,38
5,4,4,58,36
5,4,4,59,38
5,4,4,60,40
5,4,4,61,34
5,4,4,62,38
5,4,4,63,36
5,4,5,0,38
5,4,5,1,34
5,4,5,2,36
5,4,5,3,38
5,4,5,4,36
5,4,5,5,40
5,4,5,6,38
5,4,5,7,34
5,4,5,8,34
5,4,5,9,40
5,4,5,10,36
5,4,5,11,38
5,4,5,12,42
5,4,5,13,34
5,4,5,14,40
5,4,5,15,36
5,4,5,16,34
5,4,5,17,36
5,4,5,18,34
5,4,5,19,34
5,4,5,20,36
5,4,5,21,36
5,4,5,22,36
5,4,5,23,38
5,4,5,24,34
5,4,5,25,36
5,4,5,26,36
5,4,5,27,38
5,4,5,28,38
5,4,5,29,38
5,4,5,30,36
5,4,5,31,40
5,4,5,32,38
5,4,5,33,36
5,4,5,34,34
5,4,5,35,40
5,4,5,36,36
5,4,5,37,40
5,4,5,38,36
5,4,5,39,36
5,4,5,40,36
5,4,5,41,40
5,4,5,42,36
5,4,5,43,36
5,4,5,44,40
5,4,5,45,36
5,4,5,46,36
5,4,5,47,36
5,4,5,48,40
5,4,5,49,32
5,4,5,50,36
5,4,5,51,36
5,4,5,52,36
5,4,5,53,36
5,4,5,54,36
5,4,5,55,36
5,4,5,56,38
5,4,5,57,38
5,4,5,58,42
5,4,5,59,36
5,4,5,60,32
5,4,5,61,38
5,4,5,62,38
5,4,5,63,34
5,4,6,0,36
5,4,6,1,36
5,4,6,2,38
5,4,6,3,38
5,4,6,4,40
5,4,6,5,36
5,4,6,6,36
5,4,6,7,34
5,4,6,8,34
5,4,6,9,34
5,4,6,10,40
5,4,6,11,38
5,4,6,12,42
5,4,6,13,34
5,4,6,14,34
5,4,6,15,40
5,4,6,16,42
5,4,6,17,36
5,4,6,18,36
5,4,6,19,40
5,4,6,20,34
5,4,6,21,36
5,4,6,22,36
5,4,6,23,40
5,4,6,24,36
5,4,6,25,38
5,4,6,26,38
5,4,6,27,36
5,4,6,28,32
5,4,6,29,36
5,4,6,30,40
5,4,6,31,36
5,4,6,32,38
5,4,6,33,36
5,4,6,34,38
5,4,6,35,40
5,4,6,36,32
5,4,6,37,34
5,4,6,38,38
5,4,6,39,38
5,4,6,40,36
5,4,6,41,36
5,4,6,42,38
5,4,6,43,38
5,4,6,44,36
5,4,6,45,42
5,4,6,46,34
5,4,6,47,38
5,4,6,48,38
5,4,6,49,40
5,4,6,50,36
5,4,6,51,38
5,4,6,52,38
5,4,6,53,38
5,4,6,54,36
5,4,6,55,68
5,4,6,56,38
5,4,6,57,40
5,4,6,58,40
5,4,6,59,40
5,4,6,60,34
5,4,6,61,34
5,4,6,62,34
5,4,6,63,38
5,4,7,0,36
5,4,7,1,36
5,4,7,2,46
5,4,7,3,34
5,4,7,4,38
5,4,7,5,40
5,4,7,6,36
5,4,7,7,36
5,4,7,8,36
5,4,7,9,40
5,4,7,10,36
5,4,7,11,38
5,4,7,12,34
5,4,7,13,38
5,4,7,14,40
5,4,7,15,34
5,4,7,16,36
5,4,7,17,32
5,4,7,18,36
5,4,7,19,34
5,4,7,20,40
5,4,7,21,36
5,4,7,22,36
5,4,7,23,36
5,4,7,24,38
5,4,7,25,36
5,4,7,26,36
5,4,7,27,42
5,4,7,28,38
5,4,7,29,40
5,4,7,30,34
5,4,7,31,34
5,4,7,32,38
5,4,7,33,38
5,4,7,34,36
5,4,7,35,40
5,4,7,36,38
5,4,7,37,40
5,4,7,38,40
5,4,7,39,36
5,4,7,40,38
5,4,7,41,36
5,4,7,42,40
5,4,7,43,36
5,4,7,44,64
5,4,7,45,36
5,4,7,46,38
5,4,7,47,36
5,4,7,48,32
5,4,7,49,36
5,4,7,50,36
5,4,7,51,36
5,4,7,52,34
5,4,7,53,34
5,4,7,54,38
5,4,7,55,34
5,4,7,56,36
5,4,7,57,34
5,4,7,58,34
5,4,7,59,40
5,4,7,60,34
5,4,7,61,38
5,4,7,62,38
5,4,7,63,36
5,4,8,0,34
5,4,8,1,34
5,4,8,2,38
5,4,8,3,34
5,4,8,4,40
5,4,8,5,36
5,4,8,6,36
5,4,8,7,34
5,4,8,8,36
5,4,8,9,36
5,4,8,10,36
5,4,8,11,34
5,4,8,12,36
5,4,8,13,38
5,4,8,14,34
5,4,8,15,40
5,4,8,16,38
5,4,8,17,38
5,4,8,18,36
5,4,8,19,36
5,4,8,20,36
5,4,8,21,36
5,4,8,22,36
5,4,8,23,36
5,4,8,24,38
5,4,8,25,36
5,4,8,26,36
5,4,8,27,38
5,4,8,28,36
5,4,8,29,42
5,4,8,30,36
5,4,8,31,36
5,4,8,32,32
5,4,8,33,36
5,4,8,34,36
5,4,8,35,42
5,4,8,36,40
5,4,8,37,40
5,4,8,38,38
5,4,8,39,36
5,4,8,40,40
5,4,8,41,38
5,4,8,42,36
5,4,8,43,36
5,4,8,44,38
5,4,8,45,38
5,4,8,46,40
5,4,8,47,40
5,4,8,48,38
5,4,8,49,38
5,4,8,50,38
5,4,8,51,36
5,4,8,52,40
5,4,8,53,36
5,4,8,54,38
5,4,8,55,34
5,4,8,56,36
5,4,8,57,36
5,4,8,58,36
5,4,8,59,38
5,4,8,60,36
5,4,8,61,38
5,4,8,62,36
5,4,8,63,34
5,4,9,0,40
5,4,9,1,38
5,4,9,2,38
5,4,9,3,36
5,4,9,4,38
5,4,9,5,32
5,4,9,6,36
5,4,9,7,40
5,4,9,8,40
5,4,9,9,40
5,4,9,10,36
5,4,9,11,38
5,4,9,12,38
5,4,9,13,34
5,4,9,14,42
5,4,9,15,32
5,4,9,16,38
5,4,9,17,36
5,4,9,18,34
5,4,9,19,36
5,4,9,20,36
5,4,9,21,36
5,4,9,22,36
5,4,9,23,36
5,4,9,24,38
5,4,9,25,34
5,4,9,26,38
5,4,9,27,38
5,4,9,28,38
5,4,9,29,38
5,4,9,30,38
5,4,9,31,36
5,4,9,32,36
5,4,9,33,36
5,4,9,34,36
5,4,9,35,40
5,4,9,36,36
5,4,9,37,34
5,4,9,38,40
5,4,9,39,34
5,4,9,40,36
5,4,9,41,40
5,4,9,42,40
5,4,9,43,40
5,4,9,44,40
5,4,9,45,36
5,4,9,46,36
5,4,9,47,40
5,4,9,48,36
5,4,9,49,36
5,4,9,50,36
5,4,9,51,38
5,4,9,52,36
5,4,9,53,34
5,4,9,54,38
5,4,9,55,38
5,4,9,56,36
5,4,9,57,36
5,4,9,58,34
5,4,9,59,34
5,4,9,60,38
5,4,9,61,36
5,4,9,62,40
5,4,9,63,36
5,4,10,0,34
5,4,10,1,38
5,4,10,2,40
5,4,10,3,38
5,4,10,4,40
5,4,10,5,34
5,4,10,6,38
5,4,10,7,34
5,4,10,8,36
5,4,10,9,34
5,4,10,10,38
5,4,10,11,42
5,4,10,12,36
5,4,10,13,36
5,4,10,14,36
5,4,10,15,32
5,4,10,16,34
5,4,10,17,36
5,4,10,18,32
5,4,10,19,36
5,4,10,20,42
5,4,10,21,38
5,4,10,22,36
5,4,10,23,38
5,4,10,24,36
5,4,10,25,32
5,4,10,26,34
5,4,10,27,34
5,4,10,28,40
5,4,10,29,36
5,4,10,30,38
5,4,10,31,36
5,4,10,32,40
5,4,10,33,36
5,4,10,34,36
5,4,10,35,40
5,4,10,36,38
5,4,10,37,34
5,4,10,38,36
5,4,10,39,36
5,4,10,40,36
5,4,10,41,36
5,4,10,42,38
5,4,10,43,38
5,4,10,44,40
5,4,10,45,38
5,4,10,46,34
5,4,10,47,36
5,4,10,48,36
5,4,10,49,32
5,4,10,50,34
5,4,10,51,38
5,4,10,52,40
5,4,10,53,36
5,4,10,54,38
5,4,10,55,36
5,4,10,56,34
5,4,10,57,40
5,4,10,58,34
5,4,10,59,38
5,4,10,60,40
5,4,10,61,38
5,4,10,62,42
5,4,10,63,38
5,4,11,0,38
5,4,11,1,36
5,4,11,2,36
5,4,11,3,36
5,4,11,4,36
5,4,11,5,34
5,4,11,6,40
5,4,11,7,44
5,4,11,8,34
5,4,11,9,32
5,4,11,10,40
5,4,11,11,34
5,4,11,12,34
5,4,11,13,36
5,4,11,14,36
5,4,11,15,38
5,4,11,16,36
5,4,11,17,36
5,4,11,18,36
5,4,11,19,40
5,4,11,20,38
5,4,11,21,38
5,4,11,22,34
5,4,11,23,34
5,4,11,24,36
5,4,11,25,36
5,4,11,26,36
5,4,11,27,36
5,4,11,28,36
5,4,11,29,36
5,4,11,30,38
5,4,11,31,36
5,4,11,32,32
5,4,11,33,36
5,4,11,34,36
5,4,11,35,36
5,4,11,36,36
5,4,11,37,36
5,4,11,38,34
5,4,11,39,34
5,4,11,40,36
5,4,11,41,40
5,4,11,42,36
5,4,11,43,36
5,4,11,44,36
5,4,11,45,40
5,4,11,46,32
5,4,11,47,36
5,4,11,48,38
5,4,11,49,40
5,4,11,50,42
5,4,11,51,36
5,4,11,52,36
5,4,11,53,38
5,4,11,54,34
5,4,11,55,38
5,4,11,56,38
5,4,11,57,36
5,4,11,58,36
5,4,11,59,38
5,4,11,60,34
5,4,11,61,36
5,4,11,62,36
5,4,11,63,38
5,4,12,0,36
5,4,12,1,40
5,4,12,2,36
5,4,12,3,38
5,4,12,4,42
5,4,12,5,36
5,4,12,6,48
5,4,12,7,36
5,4,12,8,34
5,4,12,9,36
5,4,12,10,40
5,4,12,11,36
5,4,12,12,40
5,4,12,13,34
5,4,12,14,34
5,4,12,15,34
5,4,12,16,36
5,4,12,17,38
5,4,12,18,38
5,4,12,19,36
5,4,12,20,36
5,4,12,21,34
5,4,12,22,34
5,4,12,23,34
5,4,12,24,38
5,4,12,25,36
5,4,12,26,34
5,4,12,27,36
5,4,12,28,38
5,4,12,29,38
5,4,12,30,32
5,4,12,31,36
5,4,12,32,36
5,4,12,33,36
5,4,12,34,40
5,4,12,35,36
5,4,12,36,36
5,4,12,37,36
5,4,12,38,34
5,4,12,39,40
5,4,12,40,40
5,4,12,41,36
5,4,12,42,34
5,4,12,43,36
5,4,12,44,38
5,4,12,45,36
5,4,12,46,36
5,4,12,47,36
5,4,12,48,36
5,4,12,49,34
5,4,12,50,36
5,4,12,51,32
5,4,12,52,38
5,4,12,53,38
5,4,12,54,36
5,4,12,55,42
5,4,12,56,36
5,4,12,57,38
5,4,12,58,38
5,4,12,59,34
5,4,12,60,36
5,4,12,61,34
5,4,12,62,38
5,4,12,63,38
5,4,13,0,40
5,4,13,1,36
5,4,13,2,34
5,4,13,3,36
5,4,13,4,36
5,4,13,5,36
5,4,13,6,32
5,4,13,7,34
5,4,13,8,36
5,4,13,9,34
5,4,13,10,36
5,4,13,11,40
5,4,13,12,36
5,4,13,13,38
5,4,13,14,36
5,4,13,15,40
5,4,13,16,38
5,4,13,17,36
5,4,13,18,36
5,4,13,19,40
5,4,13,20,36
5,4,13,21,34
5,4,13,22,38
5,4,13,23,38
5,4,13,24,42
5,4,13,25,36
5,4,13,26,38
5,4,13,27,42
5,4,13,28,42
5,4,13,29,34
5,4,13,30,38
5,4,13,31,38
5,4,13,32,34
5,4,13,33,36
5,4,13,34,36
5,4,13,35,36
5,4,13,36,36
5,4,13,37,34
5,4,13,38,36
5,4,13,39,38
5,4,13,40,34
5,4,13,41,36
5,4,13,42,36
5,4,13,43,38
5,4,13,44,40
5,4,13,45,42
5,4,13,46,36
5,4,13,47,36
5,4,13,48,40
5,4,13,49,38
5,4,13,50,36
5,4,13,51,40
5,4,13,52,36
5,4,13,53,40
5,4,13,54,38
5,4,13,55,38
5,4,13,56,38
5,4,13,57,40
5,4,13,58,38
5,4,13,59,36
5,4,13,60,36
5,4,13,61,32
5,4,13,62,38
5,4,13,63,36
5,4,14,0,38
5,4,14,1,38
5,4,14,2,34
5,4,14,3,36
5,4,14,4,36
5,4,14,5,36
5,4,14,6,38
5,4,14,7,32
5,4,14,8,40
5,4,14,9,38
5,4,14,10,36
5,4,14,11,36
5,4,14,12,36
5,4,14,13,40
5,4,14,14,40
5,4,14,15,38
5,4,14,16,36
5,4,14,17,38
5,4,14,18,40
5,4,14,19,38
5,4,14,20,36
5,4,14,21,38
5,4,14,22,38
5,4,14,23,36
5,4,14,24,46
5,4,14,25,38
5,4,14,26,40
5,4,14,27,34
5,4,14,28,38
5,4,14,29,36
5,4,14,30,36
5,4,14,31,36
5,4,14,32,38
5,4,14,33,36
5,4,14,34,36
5,4,14,35,38
5,4,14,36,36
5,4,14,37,36
5,4,14,38,34
5,4,14,39,36
5,4,14,40,36
5,4,14,41,38
5,4,14,42,34
5,4,14,43,36
5,4,14,44,36
5,4,14,45,40
5,4,14,46,36
5,4,14,47,38
5,4,14,48,40
5,4,14,49,38
5,4,14,50,36
5,4,14,51,40
5,4,14,52,36
5,4,14,53,38
5,4,14,54,36
5,4,14,55,36
5,4,14,56,38
5,4,14,57,36
5,4,14,58,38
5,4,14,59,38
5,4,14,60,38
5,4,14,61,38
5,4,14,62,36
5,4,14,63,36
6,0,0,0,74
6,0,0,1,76
6,0,0,2,64
6,0,0,3,68
6,0,0,4,72
6,0,0,5,74
6,0,0,6,68
6,0,0,7,64
6,0,0,8,74
6,0,0,9,76
6,0,0,10,66
6,0,0,11,72
6,0,0,12,72
6,0,0,13,70
6,0,0,14,38
6,0,0,15,68
6,0,0,16,72
6,0,0,17,36
6,0,0,18,66
6,0,0,19,68
6,0,0,20,72
6,0,0,21,78
6,0,0,22,70
6,0,0,23,64
6,0,0,24,66
6,0,0,25,70
6,0,0,26,70
6,0,0,27,58
6,0,0,28,74
6,0,0,29,74
6,0,0,30,70
6,0,0,31,64
6,0,0,32,68
6,0,0,33,64
6,0,0,34,70
6,0,0,35,38
6,0,0,36,38
6,0,0,37,40
6,0,0,38,36
6,0,0,39,50
6,0,0,40,40
6,0,0,41,38
6,0,0,42,36
6,0,0,43,40
6,0,0,44,36
6,0,0,45,36
6,0,0,46,54
6,0,0,47,36
6,0,0,48,66
6,0,0,49,68
6,0,0,50,76
6,0,0,51,72
6,0,0,52,64
6,0,0,53,68
6,0,0,54,74
6,0,0,55,74
6,0,0,56,70
6,0,0,57,36
6,0,0,58,70
6,0,0,59,36
6,0,0,60,64
6,0,0,61,62
6,0,0,62,74
6,0,0,63,34
6,0,1,0,36
6,0,1,1,34
6,0,1,2,36
6,0,1,3,36
6,0,1,4,34
6,0,1,5,38
6,0,1,6,38
6,0,1,7,38
6,0,1,8,34
6,0,1,9,38
6,0,1,10,40
6,0,1,11,38
6,0,1,12,38
6,0,1,13,38
6,0,1,14,38
6,0,1,15,36
6,0,1,16,40
6,0,1,17,34
6,0,1,18,32
6,0,1,19,36
6,0,1,20,36
6,0,1,21,38
6,0,1,22,36
6,0,1,23,36
6,0,1,24,38
6,0,1,25,40
6,0,1,26,36
6,0,1,27,36
6,0,1,28,36
6,0,1,29,36
6,0,1,30,36
6,0,1,31,38
6,0,1,32,36
6,0,1,33,36
6,0,1,34,34
6,0,1,35,34
6,0,1,36,36
6,0,1,37,40
6,0,1,38,48
6,0,1,39,36
6,0,1,40,36
6,0,1,41,38
6,0,1,42,36
6,0,1,43,38
6,0,1,44,36
6,0,1,45,38
6,0,1,46,32
6,0,1,47,32
6,0,1,48,36
6,0,1,49,36
6,0,1,50,76
6,0,1,51,34
6,0,1,52,68
6,0,1,53,36
6,0,1,54,76
6,0,1,55,74
6,0,1,56,32
6,0,1,57,36
6,0,1,58,76
6,0,1,59,40
6,0,1,60,66
6,0,1,61,38
6,0,1,62,40
6,0,1,63,36
6,0,2,0,36
6,0,2,1,36
6,0,2,2,36
6,0,2,3,42
6,0,2,4,40
6,0,2,5,48
6,0,2,6,36
6,0,2,7,38
6,0,2,8,38
6,0,2,9,32
6,0,2,10,38
6,0,2,11,34
6,0,2,12,38
6,0,2,13,36
6,0,2,14,32
6,0,2,15,38
6,0,2,16,38
6,0,2,17,38
6,0,2,18,38
6,0,2,19,34
6,0,2,20,40
6,0,2,21,34
6,0,2,22,36
6,0,2,23,38
6,0,2,24,38
6,0,2,25,36
6,0,2,26,36
6,0,2,27,36
6,0,2,28,40
6,0,2,29,36
6,0,2,30,36
6,0,2,31,36
6,0,2,32,40
6,0,2,33,34
6,0,2,34,38
6,0,2,35,36
6,0,2,36,36
6,0,2,37,34
6,0,2,38,40
6,0,2,39,36
6,0,2,40,34
6,0,2,41,36
6,0,2,42,36
6,0,2,43,34
6,0,2,44,38
6,0,2,45,36
6,0,2,46,32
6,0,2,47,38
6,0,2,48,38
6,0,2,49,36
6,0,2,50,34
6,0,2,51,36
6,0,2,52,40
6,0,2,53,40
6,0,2,54,36
6,0,2,55,40
6,0,2,56,36
6,0,2,57,38
6,0,2,58,40
6,0,2,59,40
6,0,2,60,36
6,0,2,61,36
6,0,2,62,36
6,0,2,63,36
6,0,3,0,40
6,0,3,1,34
6,0,3,2,36
6,0,3,3,36
6,0,3,4,34
6,0,3,5,38
6,0,3,6,34
6,0,3,7,36
6,0,3,8,38
6,0,3,9,38
6,0,3,10,38
6,0,3,11,38
6,0,3,12,36
6,0,3,13,40
6,0,3,14,36
6,0,3,15,36
6,0,3,16,40
6,0,3,17,38
6,0,3,18,38
6,0,3,19,38
6,0,3,20,36
6,0,3,21,40
6,0,3,22,36
6,0,3,23,36
6,0,3,24,36
6,0,3,25,34
6,0,3,26,34
6,0,3,27,40
6,0,3,28,34
6,0,3,29,34
6,0,3,30,38
6,0,3,31,36
6,0,3,32,36
6,0,3,33,38
6,0,3,34,34
6,0,3,35,38
6,0,3,36,34
6,0,3,37,36
6,0,3,38,38
6,0,3,39,38
6,0,3,40,40
6,0,3,41,40
6,0,3,42,38
6,0,3,43,36
6,0,3,44,42
6,0,3,45,40
6,0,3,46,36
6,0,3,47,36
6,0,3,48,36
6,0,3,49,36
6,0,3,50,38
6,0,3,51,36
6,0,3,52,36
6,0,3,53,38
6,0,3,54,42
6,0,3,55,34
6,0,3,56,38
6,0,3,57,36
6,0,3,58,34
6,0,3,59,36
6,0,3,60,42
6,0,3,61,36
6,0,3,62,40
6,0,3,63,34
6,0,4,0,36
6,0,4,1,36
6,0,4,2,40
6,0,4,3,34
6,0,4,4,36
6,0,4,5,36
6,0,4,6,36
6,0,4,7,38
6,0,4,8,40
6,0,4,9,34
6,0,4,10,36
6,0,4,11,34
6,0,4,12,38
6,0,4,13,38
6,0,4,14,36
6,0,4,15,36
6,0,4,16,36
6,0,4,17,36
6,0,4,18,38
6,0,4,19,40
6,0,4,20,38
6,0,4,21,34
6,0,4,22,36
6,0,4,23,36
6,0,4,24,38
6,0,4,25,36
6,0,4,26,44
6,0,4,27,36
6,0,4,28,38
6,0,4,29,38
6,0,4,30,34
6,0,4,31,34
6,0,4,32,36
6,0,4,33,36
6,0,4,34,36
6,0,4,35,36
6,0,4,36,36
6,0,4,37,34
6,0,4,38,40
6,0,4,39,40
6,0,4,40,38
6,0,4,41,36
6,0,4,42,36
6,0,4,43,34
6,0,4,44,40
6,0,4,45,34
6,0,4,46,40
6,0,4,47,36
6,0,4,48,38
6,0,4,49,32
6,0,4,50,36
6,0,4,51,34
6,0,4,52,40
6,0,4,53,36
6,0,4,54,38
6,0,4,55,34
6,0,4,56,38
6,0,4,57,38
6,0,4,58,72
6,0,4,59,38
6,0,4,60,34
6,0,4,61,36
6,0,4,62,34
6,0,4,63,36
6,0,5,0,34
6,0,5,1,40
6,0,5,2,38
6,0,5,3,38
6,0,5,4,36
6,0,5,5,36
6,0,5,6,38
6,0,5,7,38
6,0,5,8,34
6,0,5,9,36
6,0,5,10,38
6,0,5,11,38
6,0,5,12,36
6,0,5,13,34
6,0,5,14,36
6,0,5,15,38
6,0,5,16,34
6,0,5,17,38
6,0,5,18,40
6,0,5,19,34
6,0,5,20,42
6,0,5,21,34
6,0,5,22,38
6,0,5,23,32
6,0,5,24,38
6,0,5,25,34
6,0,5,26,34
6,0,5,27,34
6,0,5,28,38
6,0,5,29,38
6,0,5,30,36
6,0,5,31,34
6,0,5,32,34
6,0,5,33,36
6,0,5,34,34
6,0,5,35,38
6,0,5,36,36
6,0,5,37,40
6,0,5,38,32
6,0,5,39,38
6,0,5,40,34
6,0,5,41,38
6,0,5,42,40
6,0,5,43,36
6,0,5,44,36
6,0,5,45,34
6,0,5,46,42
6,0,5,47,38
6,0,5,48,40
6,0,5,49,36
6,0,5,50,38
6,0,5,51,36
6,0,5,52,38
6,0,5,53,40
6,0,5,54,36
6,0,5,55,36
6,0,5,56,34
6,0,5,57,38
6,0,5,58,36
6,0,5,59,40
6,0,5,60,38
6,0,5,61,36
6,0,5,62,36
6,0,5,63,36
6,0,6,0,34
6,0,6,1,34
6,0,6,2,34
6,0,6,3,36
6,0,6,4,36
6,0,6,5,40
6,0,6,6,38
6,0,6,7,36
6,0,6,8,40
6,0,6,9,38
6,0,6,10,36
6,0,6,11,38
6,0,6,12,36
6,0,6,13,36
6,0,6,14,36
6,0,6,15,36
6,0,6,16,38
6,0,6,17,32
6,0,6,18,36
6,0,6,19,36
6,0,6,20,34
6,0,6,21,36
6,0,6,22,40
6,0,6,23,38
6,0,6,24,36
6,0,6,25,36
6,0,6,26,36
6,0,6,27,36
6,0,6,28,36
6,0,6,29,36
6,0,6,30,36
6,0,6,31,34
6,0,6,32,36
6,0,6,33,36
6,0,6,34,36
6,0,6,35,32
6,0,6,36,34
6,0,6,37,36
6,0,6,38,36
6,0,6,39,34
6,0,6,40,38
6,0,6,41,36
6,0,6,42,36
6,0,6,43,36
6,0,6,44,40
6,0,6,45,38
6,0,6,46,36
6,0,6,47,36
6,0,6,48,48
6,0,6,49,34
6,0,6,50,34
6,0,6,51,38
6,0,6,52,36
6,0,6,53,36
6,0,6,54,34
6,0,6,55,36
6,0,6,56,38
6,0,6,57,36
6,0,6,58,32
6,0,6,59,36
6,0,6,60,36
6,0,6,61,38
6,0,6,62,34
6,0,6,63,40
6,0,7,0,36
6,0,7,1,36
6,0,7,2,36
6,0,7,3,38
6,0,7,4,38
6,0,7,5,34
6,0,7,6,36
6,0,7,7,38
6,0,7,8,36
6,0,7,9,36
6,0,7,10,34
6,0,7,11,38
6,0,7,12,36
6,0,7,13,38
6,0,7,14,38
6,0,7,15,36
6,0,7,16,38
6,0,7,17,38
6,0,7,18,36
6,0,7,19,36
6,0,7,20,34
6,0,7,21,40
6,0,7,22,36
6,0,7,23,40
6,0,7,24,40
6,0,7,25,34
6,0,7,26,38
6,0,7,27,38
6,0,7,28,38
6,0,7,29,36
6,0,7,30,38
6,0,7,31,36
6,0,7,32,38
6,0,7,33,36
6,0,7,34,34
6,0,7,35,36
6,0,7,36,36
6,0,7,37,40
6,0,7,38,34
6,0,7,39,38
6,0,7,40,38
6,0,7,41,38
6,0,7,42,48
6,0,7,43,36
6,0,7,44,38
6,0,7,45,38
6,0,7,46,38
6,0,7,47,38
6,0,7,48,40
6,0,7,49,36
6,0,7,50,38
6,0,7,51,36
6,0,7,52,38
6,0,7,53,38
6,0,7,54,34
6,0,7,55,36
6,0,7,56,34
6,0,7,57,38
6,0,7,58,76
6,0,7,59,32
6,0,7,60,38
6,0,7,61,42
6,0,7,62,36
6,0,7,63,38
6,0,8,0,36
6,0,8,1,38
6,0,8,2,36
6,0,8,3,38
6,0,8,4,36
6,0,8,5,36
6,0,8,6,36
6,0,8,7,34
6,0,8,8,36
6,0,8,9,38
6,0,8,10,40
6,0,8,11,36
6,0,8,12,40
6,0,8,13,36
6,0,8,14,36
6,0,8,15,36
6,0,8,16,40
6,0,8,17,38
6,0,8,18,40
6,0,8,19,40
6,0,8,20,38
6,0,8,21,36
6,0,8,22,34
6,0,8,23,36
6,0,8,24,38
6,0,8,25,40
6,0,8,26,34
6,0,8,27,34
6,0,8,28,38
6,0,8,29,36
6,0,8,30,32
6,0,8,31,38
6,0,8,32,38
6,0,8,33,36
6,0,8,34,36
6,0,8,35,36
6,0,8,36,38
6,0,8,37,38
6,0,8,38,36
6,0,8,39,38
6,0,8,40,40
6,0,8,41,36
6,0,8,42,36
6,0,8,43,40
6,0,8,44,42
6,0,8,45,36
6,0,8,46,36
6,0,8,47,40
6,0,8,48,38
6,0,8,49,40
6,0,8,50,36
6,0,8,51,34
6,0,8,52,38
6,0,8,53,38
6,0,8,54,36
6,0,8,55,36
6,0,8,56,38
6,0,8,57,36
6,0,8,58,42
6,0,8,59,36
6,0,8,60,38
6,0,8,61,36
6,0,8,62,34
6,0,8,63,38
6,0,9,0,38
6,0,9,1,36
6,0,9,2,34
6,0,9,3,36
6,0,9,4,34
6,0,9,5,36
6,0,9,6,38
6,0,9,7,36
6,0,9,8,32
6,0,9,9,38
6,0,9,10,36
6,0,9,11,38
6,0,9,12,36
6,0,9,13,34
6,0,9,14,34
6,0,9,15,36
6,0,9,16,34
6,0,9,17,40
6,0,9,18,40
6,0,9,19,36
6,0,9,20,36
6,0,9,21,34
6,0,9,22,34
6,0,9,23,38
6,0,9,24,36
6,0,9,25,38
6,0,9,26,36
6,0,9,27,36
6,0,9,28,38
6,0,9,29,34
6,0,9,30,38
6,0,9,31,38
6,0,9,32,36
6,0,9,33,38
6,0,9,34,40
6,0,9,35,36
6,0,9,36,36
6,0,9,37,38
6,0,9,38,36
6,0,9,39,32
6,0,9,40,44
6,0,9,41,36
6,0,9,42,36
6,0,9,43,40
6,0,9,44,36
6,0,9,45,36
6,0,9,46,34
6,0,9,47,38
6,0,9,48,36
6,0,9,49,38
6,0,9,50,38
6,0,9,51,38
6,0,9,52,36
6,0,9,53,36
6,0,9,54,70
6,0,9,55,38
6,0,9,56,36
6,0,9,57,64
6,0,9,58,34
6,0,9,59,38
6,0,9,60,34
6,0,9,61,38
6,0,9,62,36
6,0,9,63,36
6,0,10,0,36
6,0,10,1,36
6,0,10,2,36
6,0,10,3,38
6,0,10,4,38
6,0,10,5,36
6,0,10,6,38
6,0,10,7,40
6,0,10,8,36
6,0,10,9,38
6,0,10,10,38
6,0,10,11,36
6,0,10,12,36
6,0,10,13,34
6,0,10,14,32
6,0,10,15,38
6,0,10,16,40
6,0,10,17,34
6,0,10,18,36
6,0,10,19,36
6,0,10,20,32
6,0,10,21,38
6,0,10,22,38
6,0,10,23,32
6,0,10,24,36
6,0,10,25,34
6,0,10,26,36
6,0,10,27,38
6,0,10,28,42
6,0,10,29,36
6,0,10,30,38
6,0,10,31,36
6,0,10,32,38
6,0,10,33,34
6,0,10,34,36
6,0,10,35,36
6,0,10,36,36
6,0,10,37,40
6,0,10,38,36
6,0,10,39,36
6,0,10,40,36
6,0,10,41,34
6,0,10,42,40
6,0,10,43,38
6,0,10,44,38
6,0,10,45,42
6,0,10,46,38
6,0,10,47,34
6,0,10,48,34
6,0,10,49,40
6,0,10,50,36
6,0,10,51,36
6,0,10,52,42
6,0,10,53,34
6,0,10,54,34
6,0,10,55,36
6,0,10,56,36
6,0,10,57,36
6,0,10,58,36
6,0,10,59,34
6,0,10,60,40
6,0,10,61,32
6,0,10,62,32
6,0,10,63,36
6,0,11,0,42
6,0,11,1,38
6,0,11,2,36
6,0,11,3,40
6,0,11,4,40
6,0,11,5,36
6,0,11,6,40
6,0,11,7,36
6,0,11,8,36
6,0,11,9,34
6,0,11,10,36
6,0,11,11,38
6,0,11,12,38
6,0,11,13,38
6,0,11,14,36
6,0,11,15,36
6,0,11,16,36
6,0,11,17,38
6,0,11,18,38
6,0,11,19,40
6,0,11,20,38
6,0,11,21,38
6,0,11,22,34
6,0,11,23,38
6,0,11,24,38
6,0,11,25,38
6,0,11,26,36
6,0,11,27,32
6,0,11,28,38
6,0,11,29,46
6,0,11,30,36
6,0,11,31,36
6,0,11,32,34
6,0,11,33,38
6,0,11,34,38
6,0,11,35,36
6,0,11,36,36
6,0,11,37,38
6,0,11,38,40
6,0,11,39,38
6,0,11,40,36
6,0,11,41,34
6,0,11,42,34
6,0,11,43,40
6,0,11,44,36
6,0,11,45,38
6,0,11,46,36
6,0,11,47,38
6,0,11,48,38
6,0,11,49,36
6,0,11,50,38
6,0,11,51,38
6,0,11,52,36
6,0,11,53,40
6,0,11,54,38
6,0,11,55,70
6,0,11,56,36
6,0,11,57,32
6,0,11,58,66
6,0,11,59,40
6,0,11,60,40
6,0,11,61,40
6,0,11,62,36
6,0,11,63,40
6,0,12,0,38
6,0,12,1,38
6,0,12,2,36
6,0,12,3,36
6,0,12,4,36
6,0,12,5,36
6,0,12,6,34
6,0,12,7,38
6,0,12,8,36
6,0,12,9,38
6,0,12,10,34
6,0,12,11,36
6,0,12,12,36
6,0,12,13,36
6,0,12,14,38
6,0,12,15,34
6,0,12,16,36
6,0,12,17,38
6,0,12,18,34
6,0,12,19,36
6,0,12,20,38
6,0,12,21,40
6,0,12,22,36
6,0,12,23,32
6,0,12,24,36
6,0,12,25,38
6,0,12,26,36
6,0,12,27,34
6,0,12,28,38
6,0,12,29,38
6,0,12,30,36
6,0,12,31,48
6,0,12,32,36
6,0,12,33,40
6,0,12,34,38
6,0,12,35,42
6,0,12,36,36
6,0,12,37,38
6,0,12,38,36
6,0,12,39,34
6,0,12,40,36
6,0,12,41,38
6,0,12,42,36
6,0,12,43,34
6,0,12,44,36
6,0,12,45,36
6,0,12,46,40
6,0,12,47,36
6,0,12,48,34
6,0,12,49,36
6,0,12,50,36
6,0,12,51,36
6,0,12,52,34
6,0,12,53,34
6,0,12,54,36
6,0,12,55,32
6,0,12,56,40
6,0,12,57,34
6,0,12,58,40
6,0,12,59,34
6,0,12,60,32
6,0,12,61,36
6,0,12,62,36
6,0,12,63,38
6,0,13,0,38
6,0,13,1,38
6,0,13,2,36
6,0,13,3,40
6,0,13,4,40
6,0,13,5,36
6,0,13,6,34
6,0,13,7,36
6,0,13,8,36
6,0,13,9,36
6,0,13,10,40
6,0,13,11,36
6,0,13,12,38
6,0,13,13,34
6,0,13,14,36
6,0,13,15,38
6,0,13,16,32
6,0,13,17,36
6,0,13,18,36
6,0,13,19,36
6,0,13,20,40
6,0,13,21,38
6,0,13,22,36
6,0,13,23,36
6,0,13,24,34
6,0,13,25,36
6,0,13,26,36
6,0,13,27,38
6,0,13,28,36
6,0,13,29,38
6,0,13,30,36
6,0,13,31,36
6,0,13,32,34
6,0,13,33,36
6,0,13,34,38
6,0,13,35,38
6,0,13,36,36
6,0,13,37,36
6,0,13,38,36
6,0,13,39,36
6,0,13,40,36
6,0,13,41,40
6,0,13,42,38
6,0,13,43,34
6,0,13,44,36
6,0,13,45,40
6,0,13,46,40
6,0,13,47,36
6,0,13,48,34
6,0,13,49,36
6,0,13,50,36
6,0,13,51,34
6,0,13,52,34
6,0,13,53,36
6,0,13,54,34
6,0,13,55,36
6,0,13,56,36
6,0,13,57,36
6,0,13,58,38
6,0,13,59,36
6,0,13,60,36
6,0,13,61,34
6,0,13,62,38
6,0,13,63,38
6,0,14,0,38
6,0,14,1,40
6,0,14,2,40
6,0,14,3,40
6,0,14,4,34
6,0,14,5,36
6,0,14,6,38
6,0,14,7,38
6,0,14,8,38
6,0,14,9,36
6,0,14,10,34
6,0,14,11,36
6,0,14,12,40
6,0,14,13,36
6,0,14,14,32
6,0,14,15,38
6,0,14,16,34
6,0,14,17,34
6,0,14,18,38
6,0,14,19,38
6,0,14,20,40
6,0,14,21,36
6,0,14,22,38
6,0,14,23,36
6,0,14,24,38
6,0,14,25,36
6,0,14,26,42
6,0,14,27,34
6,0,14,28,40
6,0,14,29,40
6,0,14,30,34
6,0,14,31,36
6,0,14,32,38
6,0,14,33,38
6,0,14,34,38
6,0,14,35,36
6,0,14,36,38
6,0,14,37,32
6,0,14,38,38
6,0,14,39,38
6,0,14,40,36
6,0,14,41,34
6,0,14,42,38
6,0,14,43,36
6,0,14,44,36
6,0,14,45,40
6,0,14,46,36
6,0,14,47,38
6,0,14,48,38
6,0,14,49,32
6,0,14,50,38
6,0,14,51,36
6,0,14,52,38
6,0,14,53,38
6,0,14,54,36
6,0,14,55,70
6,0,14,56,40
6,0,14,57,38
6,0,14,58,34
6,0,14,59,34
6,0,14,60,36
6,0,14,61,42
6,0,14,62,34
6,0,14,63,38
6,1,0,0,38
6,1,0,1,40
6,1,0,2,36
6,1,0,3,38
6,1,0,4,34
6,1,0,5,42
6,1,0,6,34
6,1,0,7,42
6,1,0,8,36
6,1,0,9,34
6,1,0,10,40
6,1,0,11,40
6,1,0,12,36
6,1,0,13,38
6,1,0,14,40
6,1,0,15,38
6,1,0,16,40
6,1,0,17,36
6,1,0,18,36
6,1,0,19,38
6,1,0,20,38
6,1,0,21,38
6,1,0,22,38
6,1,0,23,38
6,1,0,24,38
6,1,0,25,36
6,1,0,26,36
6,1,0,27,34
6,1,0,28,36
6,1,0,29,36
6,1,0,30,38
6,1,0,31,36
6,1,0,32,40
6,1,0,33,36
6,1,0,34,40
6,1,0,35,36
6,1,0,36,34
6,1,0,37,42
6,1,0,38,38
6,1,0,39,40
6,1,0,40,40
6,1,0,41,38
6,1,0,42,40
6,1,0,43,38
6,1,0,44,36
6,1,0,45,38
6,1,0,46,34
6,1,0,47,38
6,1,0,48,40
6,1,0,49,38
6,1,0,50,34
6,1,0,51,36
6,1,0,52,36
6,1,0,53,38
6,1,0,54,34
6,1,0,55,40
6,1,0,56,36
6,1,0,57,36
6,1,0,58,42
6,1,0,59,36
6,1,0,60,38
6,1,0,61,38
6,1,0,62,38
6,1,0,63,40
6,1,1,0,40
6,1,1,1,38
6,1,1,2,36
6,1,1,3,40
6,1,1,4,36
6,1,1,5,36
6,1,1,6,34
6,1,1,7,36
6,1,1,8,38
6,1,1,9,36
6,1,1,10,40
6,1,1,11,42
6,1,1,12,34
6,1,1,13,40
6,1,1,14,38
6,1,1,15,36
6,1,1,16,38
6,1,1,17,40
6,1,1,18,40
6,1,1,19,34
6,1,1,20,36
6,1,1,21,36
6,1,1,22,34
6,1,1,23,34
6,1,1,24,36
6,1,1,25,40
6,1,1,26,36
6,1,1,27,38
6,1,1,28,34
6,1,1,29,34
6,1,1,30,38
6,1,1,31,36
6,1,1,32,36
6,1,1,33,36
6,1,1,34,36
6,1,1,35,36
6,1,1,36,36
6,1,1,37,36
6,1,1,38,40
6,1,1,39,32
6,1,1,40,38
6,1,1,41,36
6,1,1,42,34
6,1,1,43,38
6,1,1,44,38
6,1,1,45,36
6,1,1,46,38
6,1,1,47,34
6,1,1,48,36
6,1,1,49,36
6,1,1,50,38
6,1,1,51,34
6,1,1,52,38
6,1,1,53,36
6,1,1,54,36
6,1,1,55,36
6,1,1,56,36
6,1,1,57,40
6,1,1,58,36
6,1,1,59,36
6,1,1,60,34
6,1,1,61,36
6,1,1,62,36
6,1,1,63,32
6,1,2,0,38
6,1,2,1,34
6,1,2,2,42
6,1,2,3,36
6,1,2,4,34
6,1,2,5,38
6,1,2,6,36
6,1,2,7,34
6,1,2,8,36
6,1,2,9,38
6,1,2,10,38
6,1,2,11,34
6,1,2,12,34
6,1,2,13,40
6,1,2,14,38
6,1,2,15,36
6,1,2,16,36
6,1,2,17,38
6,1,2,18,38
6,1,2,19,38
6,1,2,20,36
6,1,2,21,36
6,1,2,22,36
6,1,2,23,40
6,1,2,24,38
6,1,2,25,36
6,1,2,26,38
6,1,2,27,38
6,1,2,28,38
6,1,2,29,34
6,1,2,30,42
6,1,2,31,36
6,1,2,32,38
6,1,2,33,40
6,1,2,34,40
6,1,2,35,34
6,1,2,36,36
6,1,2,37,36
6,1,2,38,38
6,1,2,39,34
6,1,2,40,38
6,1,2,41,32
6,1,2,42,34
6,1,2,43,36
6,1,2,44,34
6,1,2,45,38
6,1,2,46,36
6,1,2,47,36
6,1,2,48,38
6,1,2,49,36
6,1,2,50,38
6,1,2,51,40
6,1,2,52,34
6,1,2,53,34
6,1,2,54,38
6,1,2,55,70
6,1,2,56,38
6,1,2,57,38
6,1,2,58,38
6,1,2,59,34
6,1,2,60,40
6,1,2,61,38
6,1,2,62,36
6,1,2,63,38
6,1,3,0,36
6,1,3,1,34
6,1,3,2,36
6,1,3,3,36
6,1,3,4,34
6,1,3,5,36
6,1,3,6,38
6,1,3,7,34
6,1,3,8,40
6,1,3,9,40
6,1,3,10,38
6,1,3,11,38
6,1,3,12,36
6,1,3,13,36
6,1,3,14,34
6,1,3,15,36
6,1,3,16,40
6,1,3,17,38
6,1,3,18,38
6,1,3,19,38
6,1,3,20,34
6,1,3,21,34
6,1,3,22,38
6,1,3,23,36
6,1,3,24,36
6,1,3,25,40
6,1,3,26,38
6,1,3,27,38
6,1,3,28,36
6,1,3,29,34
6,1,3,30,36
6,1,3,31,36
6,1,3,32,34
6,1,3,33,36
6,1,3,34,36
6,1,3,35,36
6,1,3,36,40
6,1,3,37,42
6,1,3,38,34
6,1,3,39,36
6,1,3,40,34
6,1,3,41,38
6,1,3,42,38
6,1,3,43,42
6,1,3,44,38
6,1,3,45,36
6,1,3,46,40
6,1,3,47,36
6,1,3,48,34
6,1,3,49,36
6,1,3,50,36
6,1,3,51,32
6,1,3,52,34
6,1,3,53,36
6,1,3,54,36
6,1,3,55,40
6,1,3,56,36
6,1,3,57,36
6,1,3,58,34
6,1,3,59,32
6,1,3,60,38
6,1,3,61,36
6,1,3,62,38
6,1,3,63,36
6,1,4,0,38
6,1,4,1,36
6,1,4,2,36
6,1,4,3,36
6,1,4,4,36
6,1,4,5,38
6,1,4,6,40
6,1,4,7,38
6,1,4,8,40
6,1,4,9,34
6,1,4,10,42
6,1,4,11,36
6,1,4,12,40
6,1,4,13,40
6,1,4,14,38
6,1,4,15,38
6,1,4,16,36
6,1,4,17,40
6,1,4,18,40
6,1,4,19,32
6,1,4,20,38
6,1,4,21,38
6,1,4,22,38
6,1,4,23,34
6,1,4,24,38
6,1,4,25,40
6,1,4,26,36
6,1,4,27,32
6,1,4,28,34
6,1,4,29,38
6,1,4,30,36
6,1,4,31,34
6,1,4,32,32
6,1,4,33,36
6,1,4,34,38
6,1,4,35,38
6,1,4,36,36
6,1,4,37,40
6,1,4,38,38
6,1,4,39,38
6,1,4,40,36
6,1,4,41,36
6,1,4,42,36
6,1,4,43,38
6,1,4,44,38
6,1,4,45,34
6,1,4,46,36
6,1,4,47,36
6,1,4,48,32
6,1,4,49,36
6,1,4,50,38
6,1,4,51,40
6,1,4,52,40
6,1,4,53,40
6,1,4,54,38
6,1,4,55,76
6,1,4,56,40
6,1,4,57,36
6,1,4,58,34
6,1,4,59,36
6,1,4,60,34
6,1,4,61,46
6,1,4,62,36
6,1,4,63,36
6,1,5,0,36
6,1,5,1,40
6,1,5,2,36
6,1,5,3,36
6,1,5,4,36
6,1,5,5,38
6,1,5,6,40
6,1,5,7,34
6,1,5,8,36
6,1,5,9,40
6,1,5,10,36
6,1,5,11,34
6,1,5,12,34
6,1,5,13,38
6,1,5,14,36
6,1,5,15,36
6,1,5,16,36
6,1,5,17,34
6,1,5,18,34
6,1,5,19,38
6,1,5,20,40
6,1,5,21,36
6,1,5,22,34
6,1,5,23,34
6,1,5,24,34
6,1,5,25,40
6,1,5,26,36
6,1,5,27,38
6,1,5,28,40
6,1,5,29,40
6,1,5,30,36
6,1,5,31,34
6,1,5,32,38
6,1,5,33,34
6,1,5,34,36
6,1,5,35,36
6,1,5,36,36
6,1,5,37,34
6,1,5,38,36
6,1,5,39,34
6,1,5,40,36
6,1,5,41,36
6,1,5,42,34
6,1,5,43,38
6,1,5,44,36
6,1,5,45,36
6,1,5,46,36
6,1,5,47,36
6,1,5,48,36
6,1,5,49,36
6,1,5,50,36
6,1,5,51,32
6,1,5,52,34
6,1,5,53,32
6,1,5,54,38
6,1,5,55,40
6,1,5,56,40
6,1,5,57,40
6,1,5,58,40
6,1,5,59,36
6,1,5,60,34
6,1,5,61,38
6,1,5,62,36
6,1,5,63,36
6,1,6,0,36
6,1,6,1,38
6,1,6,2,36
6,1,6,3,36
6,1,6,4,38
6,1,6,5,38
6,1,6,6,34
6,1,6,7,36
6,1,6,8,34
6,1,6,9,34
6,1,6,10,34
6,1,6,11,34
6,1,6,12,36
6,1,6,13,40
6,1,6,14,34
6,1,6,15,34
6,1,6,16,36
6,1,6,17,36
6,1,6,18,36
6,1,6,19,34
6,1,6,20,36
6,1,6,21,36
6,1,6,22,36
6,1,6,23,36
6,1,6,24,32
6,1,6,25,36
6,1,6,26,36
6,1,6,27,40
6,1,6,28,36
6,1,6,29,36
6,1,6,30,32
6,1,6,31,36
6,1,6,32,36
6,1,6,33,40
6,1,6,34,38
6,1,6,35,32
6,1,6,36,32
6,1,6,37,38
6,1,6,38,32
6,1,6,39,34
6,1,6,40,32
6,1,6,41,36
6,1,6,42,34
6,1,6,43,34
6,1,6,44,36
6,1,6,45,36
6,1,6,46,38
6,1,6,47,36
6,1,6,48,36
6,1,6,49,36
6,1,6,50,34
6,1,6,51,34
6,1,6,52,36
6,1,6,53,36
6,1,6,54,38
6,1,6,55,38
6,1,6,56,34
6,1,6,57,36
6,1,6,58,34
6,1,6,59,34
6,1,6,60,36
6,1,6,61,36
6,1,6,62,36
6,1,6,63,36
6,1,7,0,40
6,1,7,1,38
6,1,7,2,36
6,1,7,3,38
6,1,7,4,36
6,1,7,5,34
6,1,7,6,42
6,1,7,7,36
6,1,7,8,40
6,1,7,9,40
6,1,7,10,34
6,1,7,11,34
6,1,7,12,40
6,1,7,13,40
6,1,7,14,32
6,1,7,15,38
6,1,7,16,38
6,1,7,17,36
6,1,7,18,36
6,1,7,19,36
6,1,7,20,40
6,1,7,21,38
6,1,7,22,36
6,1,7,23,38
6,1,7,24,40
6,1,7,25,36
6,1,7,26,32
6,1,7,27,34
6,1,7,28,36
6,1,7,29,36
6,1,7,30,36
6,1,7,31,38
6,1,7,32,38
6,1,7,33,38
6,1,7,34,36
6,1,7,35,38
6,1,7,36,36
6,1,7,37,42
6,1,7,38,40
6,1,7,39,36
6,1,7,40,38
6,1,7,41,36
6,1,7,42,36
6,1,7,43,40
6,1,7,44,34
6,1,7,45,38
6,1,7,46,36
6,1,7,47,38
6,1,7,48,38
6,1,7,49,36
6,1,7,50,36
6,1,7,51,34
6,1,7,52,34
6,1,7,53,40
6,1,7,54,34
6,1,7,55,76
6,1,7,56,38
6,1,7,57,34
6,1,7,58,36
6,1,7,59,72
6,1,7,60,38
6,1,7,61,34
6,1,7,62,38
6,1,7,63,38
6,1,8,0,34
6,1,8,1,38
6,1,8,2,34
6,1,8,3,38
6,1,8,4,32
6,1,8,5,36
6,1,8,6,38
6,1,8,7,36
6,1,8,8,36
6,1,8,9,36
6,1,8,10,38
6,1,8,11,36
6,1,8,12,40
6,1,8,13,38
6,1,8,14,38
6,1,8,15,34
6,1,8,16,36
6,1,8,17,36
6,1,8,18,36
6,1,8,19,40
6,1,8,20,40
6,1,8,21,38
6,1,8,22,36
6,1,8,23,40
6,1,8,24,36
6,1,8,25,36
6,1,8,26,32
6,1,8,27,36
6,1,8,28,32
6,1,8,29,40
6,1,8,30,38
6,1,8,31,38
6,1,8,32,36
6,1,8,33,34
6,1,8,34,38
6,1,8,35,40
6,1,8,36,36
6,1,8,37,40
6,1,8,38,38
6,1,8,39,36
6,1,8,40,40
6,1,8,41,38
6,1,8,42,38
6,1,8,43,36
6,1,8,44,36
6,1,8,45,34
6,1,8,46,36
6,1,8,47,42
6,1,8,48,38
6,1,8,49,36
6,1,8,50,38
6,1,8,51,42
6,1,8,52,38
6,1,8,53,36
6,1,8,54,32
6,1,8,55,38
6,1,8,56,38
6,1,8,57,40
6,1,8,58,40
6,1,8,59,36
6,1,8,60,36
6,1,8,61,38
6,1,8,62,40
6,1,8,63,36
6,1,9,0,40
6,1,9,1,36
6,1,9,2,34
6,1,9,3,38
6,1,9,4,36
6,1,9,5,36
6,1,9,6,34
6,1,9,7,38
6,1,9,8,38
6,1,9,9,36
6,1,9,10,34
6,1,9,11,34
6,1,9,12,32
6,1,9,13,34
6,1,9,14,38
6,1,9,15,34
6,1,9,16,38
6,1,9,17,36
6,1,9,18,36
6,1,9,19,38
6,1,9,20,38
6,1,9,21,36
6,1,9,22,38
6,1,9,23,36
6,1,9,24,34
6,1,9,25,38
6,1,9,26,36
6,1,9,27,38
6,1,9,28,40
6,1,9,29,38
6,1,9,30,40
6,1,9,31,36
6,1,9,32,42
6,1,9,33,36
6,1,9,34,42
6,1,9,35,38
6,1,9,36,38
6,1,9,37,36
6,1,9,38,48
6,1,9,39,40
6,1,9,40,36
6,1,9,41,34
6,1,9,42,36
6,1,9,43,40
6,1,9,44,38
6,1,9,45,36
6,1,9,46,38
6,1,9,47,36
6,1,9,48,38
6,1,9,49,38
6,1,9,50,36
6,1,9,51,38
6,1,9,52,36
6,1,9,53,34
6,1,9,54,36
6,1,9,55,74
6,1,9,56,34
6,1,9,57,38
6,1,9,58,34
6,1,9,59,36
6,1,9,60,36
6,1,9,61,36
6,1,9,62,38
6,1,9,63,36
6,1,10,0,36
6,1,10,1,36
6,1,10,2,36
6,1,10,3,32
6,1,10,4,38
6,1,10,5,50
6,1,10,6,36
6,1,10,7,40
6,1,10,8,38
6,1,10,9,36
6,1,10,10,38
6,1,10,11,40
6,1,10,12,34
6,1,10,13,38
6,1,10,14,34
6,1,10,15,38
6,1,10,16,36
6,1,10,17,36
6,1,10,18,38
6,1,10,19,36
6,1,10,20,38
6,1,10,21,32
6,1,10,22,42
6,1,10,23,36
6,1,10,24,38
6,1,10,25,36
6,1,10,26,32
6,1,10,27,36
6,1,10,28,34
6,1,10,29,34
6,1,10,30,38
6,1,10,31,34
6,1,10,32,36
6,1,10,33,38
6,1,10,34,36
6,1,10,35,40
6,1,10,36,34
6,1,10,37,40
6,1,10,38,36
6,1,10,39,36
6,1,10,40,36
6,1,10,41,38
6,1,10,42,36
6,1,10,43,36
6,1,10,44,32
6,1,10,45,40
6,1,10,46,38
6,1,10,47,40
6,1,10,48,36
6,1,10,49,36
6,1,10,50,36
6,1,10,51,34
6,1,10,52,34
6,1,10,53,36
6,1,10,54,36
6,1,10,55,34
6,1,10,56,34
6,1,10,57,38
6,1,10,58,36
6,1,10,59,34
6,1,10,60,36
6,1,10,61,40
6,1,10,62,36
6,1,10,63,40
6,1,11,0,38
6,1,11,1,36
6,1,11,2,36
6,1,11,3,34
6,1,11,4,36
6,1,11,5,38
6,1,11,6,36
6,1,11,7,38
6,1,11,8,34
6,1,11,9,36
6,1,11,10,40
6,1,11,11,36
6,1,11,12,38
6,1,11,13,36
6,1,11,14,38
6,1,11,15,38
6,1,11,16,38
6,1,11,17,40
6,1,11,18,40
6,1,11,19,36
6,1,11,20,36
6,1,11,21,36
6,1,11,22,36
6,1,11,23,40
6,1,11,24,40
6,1,11,25,38
6,1,11,26,40
6,1,11,27,34
6,1,11,28,36
6,1,11,29,40
6,1,11,30,38
6,1,11,31,38
6,1,11,32,40
6,1,11,33,34
6,1,11,34,36
6,1,11,35,40
6,1,11,36,34
6,1,11,37,34
6,1,11,38,34
6,1,11,39,36
6,1,11,40,36
6,1,11,41,40
6,1,11,42,32
6,1,11,43,36
6,1,11,44,36
6,1,11,45,38
6,1,11,46,38
6,1,11,47,42
6,1,11,48,36
6,1,11,49,38
6,1,11,50,36
6,1,11,51,36
6,1,11,52,36
6,1,11,53,40
6,1,11,54,36
6,1,11,55,42
6,1,11,56,38
6,1,11,57,38
6,1,11,58,38
6,1,11,59,38
6,1,11,60,36
6,1,11,61,38
6,1,11,62,38
6,1,11,63,42
6,1,12,0,36
6,1,12,1,40
6,1,12,2,36
6,1,12,3,36
6,1,12,4,38
6,1,12,5,36
6,1,12,6,38
6,1,12,7,38
6,1,12,8,36
6,1,12,9,38
6,1,12,10,38
6,1,12,11,42
6,1,12,12,40
6,1,12,13,38
6,1,12,14,36
6,1,12,15,38
6,1,12,16,36
6,1,12,17,38
6,1,12,18,40
6,1,12,19,38
6,1,12,20,38
6,1,12,21,38
6,1,12,22,32
6,1,12,23,36
6,1,12,24,36
6,1,12,25,36
6,1,12,26,36
6,1,12,27,40
6,1,12,28,38
6,1,12,29,38
6,1,12,30,36
6,1,12,31,36
6,1,12,32,38
6,1,12,33,40
6,1,12,34,36
6,1,12,35,48
6,1,12,36,34
6,1,12,37,40
6,1,12,38,36
6,1,12,39,34
6,1,12,40,34
6,1,12,41,36
6,1,12,42,38
6,1,12,43,34
6,1,12,44,36
6,1,12,45,40
6,1,12,46,42
6,1,12,47,38
6,1,12,48,34
6,1,12,49,36
6,1,12,50,38
6,1,12,51,40
6,1,12,52,38
6,1,12,53,32
6,1,12,54,36
6,1,12,55,72
6,1,12,56,36
6,1,12,57,40
6,1,12,58,40
6,1,12,59,36
6,1,12,60,34
6,1,12,61,36
6,1,12,62,36
6,1,12,63,40
6,1,13,0,34
6,1,13,1,36
6,1,13,2,40
6,1,13,3,32
6,1,13,4,36
6,1,13,5,40
6,1,13,6,36
6,1,13,7,38
6,1,13,8,38
6,1,13,9,34
6,1,13,10,38
6,1,13,11,36
6,1,13,12,38
6,1,13,13,38
6,1,13,14,38
6,1,13,15,40
6,1,13,16,36
6,1,13,17,36
6,1,13,18,34
6,1,13,19,38
6,1,13,20,42
6,1,13,21,34
6,1,13,22,36
6,1,13,23,36
6,1,13,24,36
6,1,13,25,40
6,1,13,26,36
6,1,13,27,36
6,1,13,28,38
6,1,13,29,34
6,1,13,30,40
6,1,13,31,34
6,1,13,32,36
6,1,13,33,34
6,1,13,34,38
6,1,13,35,38
6,1,13,36,36
6,1,13,37,38
6,1,13,38,40
6,1,13,39,38
6,1,13,40,38
6,1,13,41,34
6,1,13,42,34
6,1,13,43,40
6,1,13,44,38
6,1,13,45,40
6,1,13,46,34
6,1,13,47,36
6,1,13,48,32
6,1,13,49,38
6,1,13,50,36
6,1,13,51,36
6,1,13,52,38
6,1,13,53,36
6,1,13,54,36
6,1,13,55,38
6,1,13,56,36
6,1,13,57,40
6,1,13,58,40
6,1,13,59,38
6,1,13,60,34
6,1,13,61,40
6,1,13,62,34
6,1,13,63,42
6,1,14,0,36
6,1,14,1,38
6,1,14,2,38
6,1,14,3,40
6,1,14,4,36
6,1,14,5,40
6,1,14,6,36
6,1,14,7,36
6,1,14,8,40
6,1,14,9,34
6,1,14,10,36
6,1,14,11,34
6,1,14,12,38
6,1,14,13,36
6,1,14,14,34
6,1,14,15,32
6,1,14,16,34
6,1,14,17,36
6,1,14,18,34
6,1,14,19,36
6,1,14,20,38
6,1,14,21,38
6,1,14,22,34
6,1,14,23,34
6,1,14,24,40
6,1,14,25,34
6,1,14,26,36
6,1,14,27,36
6,1,14,28,36
6,1,14,29,38
6,1,14,30,36
6,1,14,31,34
6,1,14,32,36
6,1,14,33,36
6,1,14,34,36
6,1,14,35,36
6,1,14,36,32
6,1,14,37,32
6,1,14,38,36
6,1,14,39,40
6,1,14,40,38
6,1,14,41,38
6,1,14,42,36
6,1,14,43,36
6,1,14,44,36
6,1,14,45,34
6,1,14,46,36
6,1,14,47,32
6,1,14,48,36
6,1,14,49,38
6,1,14,50,36
6,1,14,51,34
6,1,14,52,34
6,1,14,53,36
6,1,14,54,34
6,1,14,55,70
6,1,14,56,36
6,1,14,57,36
6,1,14,58,70
6,1,14,59,36
6,1,14,60,38
6,1,14,61,38
6,1,14,62,36
6,1,14,63,34
6,2,0,0,72
6,2,0,1,74
6,2,0,2,70
6,2,0,3,66
6,2,0,4,74
6,2,0,5,36
6,2,0,6,68
6,2,0,7,72
6,2,0,8,92
6,2,0,9,74
6,2,0,10,62
6,2,0,11,36
6,2,0,12,72
6,2,0,13,36
6,2,0,14,34
6,2,0,15,68
6,2,0,16,36
6,2,0,17,36
6,2,0,18,36
6,2,0,19,64
6,2,0,20,38
6,2,0,21,68
6,2,0,22,70
6,2,0,23,62
6,2,0,24,76
6,2,0,25,72
6,2,0,26,64
6,2,0,27,60
6,2,0,28,68
6,2,0,29,72
6,2,0,30,68
6,2,0,31,36
6,2,0,32,62
6,2,0,33,36
6,2,0,34,38
6,2,0,35,36
6,2,0,36,36
6,2,0,37,38
6,2,0,38,36
6,2,0,39,38
6,2,0,40,36
6,2,0,41,40
6,2,0,42,38
6,2,0,43,34
6,2,0,44,38
6,2,0,45,38
6,2,0,46,34
6,2,0,47,36
6,2,0,48,68
6,2,0,49,64
6,2,0,50,76
6,2,0,51,76
6,2,0,52,66
6,2,0,53,64
6,2,0,54,34
6,2,0,55,76
6,2,0,56,70
6,2,0,57,40
6,2,0,58,38
6,2,0,59,36
6,2,0,60,64
6,2,0,61,60
6,2,0,62,68
6,2,0,63,38
6,2,1,0,34
6,2,1,1,36
6,2,1,2,38
6,2,1,3,38
6,2,1,4,36
6,2,1,5,36
6,2,1,6,38
6,2,1,7,34
6,2,1,8,36
6,2,1,9,36
6,2,1,10,34
6,2,1,11,32
6,2,1,12,34
6,2,1,13,38
6,2,1,14,36
6,2,1,15,40
6,2,1,16,38
6,2,1,17,36
6,2,1,18,36
6,2,1,19,40
6,2,1,20,46
6,2,1,21,38
6,2,1,22,38
6,2,1,23,36
6,2,1,24,36
6,2,1,25,38
6,2,1,26,40
6,2,1,27,38
6,2,1,28,34
6,2,1,29,42
6,2,1,30,34
6,2,1,31,36
6,2,1,32,40
6,2,1,33,36
6,2,1,34,36
6,2,1,35,38
6,2,1,36,34
6,2,1,37,36
6,2,1,38,38
6,2,1,39,32
6,2,1,40,36
6,2,1,41,36
6,2,1,42,34
6,2,1,43,38
6,2,1,44,36
6,2,1,45,36
6,2,1,46,40
6,2,1,47,36
6,2,1,48,36
6,2,1,49,36
6,2,1,50,36
6,2,1,51,38
6,2,1,52,36
6,2,1,53,36
6,2,1,54,42
6,2,1,55,36
6,2,1,56,34
6,2,1,57,36
6,2,1,58,74
6,2,1,59,36
6,2,1,60,38
6,2,1,61,64
6,2,1,62,38
6,2,1,63,36
6,2,2,0,36
6,2,2,1,38
6,2,2,2,38
6,2,2,3,36
6,2,2,4,48
6,2,2,5,40
6,2,2,6,38
6,2,2,7,36
6,2,2,8,38
6,2,2,9,38
6,2,2,10,36
6,2,2,11,38
6,2,2,12,40
6,2,2,13,42
6,2,2,14,36
6,2,2,15,36
6,2,2,16,36
6,2,2,17,36
6,2,2,18,42
6,2,2,19,38
6,2,2,20,34
6,2,2,21,38
6,2,2,22,34
6,2,2,23,38
6,2,2,24,40
6,2,2,25,40
6,2,2,26,38
6,2,2,27,40
6,2,2,28,38
6,2,2,29,36
6,2,2,30,36
6,2,2,31,34
6,2,2,32,32
6,2,2,33,38
6,2,2,34,36
6,2,2,35,36
6,2,2,36,36
6,2,2,37,32
6,2,2,38,36
6,2,2,39,34
6,2,2,40,36
6,2,2,41,38
6,2,2,42,36
6,2,2,43,40
6,2,2,44,34
6,2,2,45,38
6,2,2,46,36
6,2,2,47,38
6,2,2,48,34
6,2,2,49,38
6,2,2,50,38
6,2,2,51,34
6,2,2,52,34
6,2,2,53,36
6,2,2,54,40
6,2,2,55,38
6,2,2,56,38
6,2,2,57,40
6,2,2,58,34
6,2,2,59,36
6,2,2,60,38
6,2,2,61,32
6,2,2,62,36
6,2,2,63,36
6,2,3,0,38
6,2,3,1,40
6,2,3,2,34
6,2,3,3,40
6,2,3,4,40
6,2,3,5,40
6,2,3,6,40
6,2,3,7,36
6,2,3,8,36
6,2,3,9,36
6,2,3,10,38
6,2,3,11,36
6,2,3,12,40
6,2,3,13,38
6,2,3,14,40
6,2,3,15,38
6,2,3,16,36
6,2,3,17,36
6,2,3,18,36
6,2,3,19,40
6,2,3,20,38
6,2,3,21,40
6,2,3,22,34
6,2,3,23,38
6,2,3,24,36
6,2,3,25,38
6,2,3,26,40
6,2,3,27,36
6,2,3,28,38
6,2,3,29,38
6,2,3,30,36
6,2,3,31,38
6,2,3,32,36
6,2,3,33,36
6,2,3,34,38
6,2,3,35,36
6,2,3,36,36
6,2,3,37,36
6,2,3,38,40
6,2,3,39,36
6,2,3,40,38
6,2,3,41,36
6,2,3,42,38
6,2,3,43,36
6,2,3,44,36
6,2,3,45,38
6,2,3,46,34
6,2,3,47,40
6,2,3,48,36
6,2,3,49,34
6,2,3,50,32
6,2,3,51,36
6,2,3,52,38
6,2,3,53,40
6,2,3,54,38
6,2,3,55,38
6,2,3,56,38
6,2,3,57,38
6,2,3,58,34
6,2,3,59,40
6,2,3,60,42
6,2,3,61,34
6,2,3,62,40
6,2,3,63,36
6,2,4,0,40
6,2,4,1,38
6,2,4,2,36
6,2,4,3,36
6,2,4,4,34
6,2,4,5,38
6,2,4,6,36
6,2,4,7,38
6,2,4,8,36
6,2,4,9,38
6,2,4,10,36
6,2,4,11,32
6,2,4,12,38
6,2,4,13,36
6,2,4,14,40
6,2,4,15,32
6,2,4,16,40
6,2,4,17,40
6,2,4,18,42
6,2,4,19,36
6,2,4,20,38
6,2,4,21,38
6,2,4,22,38
6,2,4,23,40
6,2,4,24,36
6,2,4,25,36
6,2,4,26,36
6,2,4,27,34
6,2,4,28,34
6,2,4,29,38
6,2,4,30,38
6,2,4,31,36
6,2,4,32,36
6,2,4,33,36
6,2,4,34,36
6,2,4,35,40
6,2,4,36,34
6,2,4,37,38
6,2,4,38,38
6,2,4,39,36
6,2,4,40,36
6,2,4,41,40
6,2,4,42,38
6,2,4,43,36
6,2,4,44,38
6,2,4,45,38
6,2,4,46,36
6,2,4,47,34
6,2,4,48,38
6,2,4,49,40
6,2,4,50,34
6,2,4,51,34
6,2,4,52,38
6,2,4,53,38
6,2,4,54,38
6,2,4,55,38
6,2,4,56,36
6,2,4,57,42
6,2,4,58,84
6,2,4,59,38
6,2,4,60,38
6,2,4,61,38
6,2,4,62,40
6,2,4,63,38
6,2,5,0,36
6,2,5,1,38
6,2,5,2,34
6,2,5,3,34
6,2,5,4,36
6,2,5,5,36
6,2,5,6,38
6,2,5,7,32
6,2,5,8,36
6,2,5,9,36
6,2,5,10,40
6,2,5,11,40
6,2,5,12,40
6,2,5,13,34
6,2,5,14,36
6,2,5,15,36
6,2,5,16,34
6,2,5,17,40
6,2,5,18,36
6,2,5,19,40
6,2,5,20,34
6,2,5,21,34
6,2,5,22,38
6,2,5,23,36
6,2,5,24,40
6,2,5,25,36
6,2,5,26,38
6,2,5,27,38
6,2,5,28,38
6,2,5,29,32
6,2,5,30,38
6,2,5,31,36
6,2,5,32,38
6,2,5,33,34
6,2,5,34,36
6,2,5,35,36
6,2,5,36,36
6,2,5,37,38
6,2,5,38,40
6,2,5,39,34
6,2,5,40,38
6,2,5,41,36
6,2,5,42,36
6,2,5,43,34
6,2,5,44,36
6,2,5,45,34
6,2,5,46,36
6,2,5,47,38
6,2,5,48,36
6,2,5,49,40
6,2,5,50,38
6,2,5,51,36
6,2,5,52,40
6,2,5,53,36
6,2,5,54,36
6,2,5,55,36
6,2,5,56,38
6,2,5,57,36
6,2,5,58,34
6,2,5,59,36
6,2,5,60,38
6,2,5,61,36
6,2,5,62,32
6,2,5,63,40
6,2,6,0,34
6,2,6,1,32
6,2,6,2,42
6,2,6,3,36
6,2,6,4,40
6,2,6,5,40
6,2,6,6,42
6,2,6,7,36
6,2,6,8,36
6,2,6,9,32
6,2,6,10,34
6,2,6,11,40
6,2,6,12,40
6,2,6,13,34
6,2,6,14,38
6,2,6,15,36
6,2,6,16,36
6,2,6,17,38
6,2,6,18,36
6,2,6,19,38
6,2,6,20,36
6,2,6,21,36
6,2,6,22,32
6,2,6,23,36
6,2,6,24,38
6,2,6,25,38
6,2,6,26,44
6,2,6,27,40
6,2,6,28,36
6,2,6,29,38
6,2,6,30,38
6,2,6,31,36
6,2,6,32,34
6,2,6,33,34
6,2,6,34,36
6,2,6,35,34
6,2,6,36,38
6,2,6,37,34
6,2,6,38,36
6,2,6,39,40
6,2,6,40,38
6,2,6,41,36
6,2,6,42,36
6,2,6,43,36
6,2,6,44,38
6,2,6,45,38
6,2,6,46,38
6,2,6,47,34
6,2,6,48,38
6,2,6,49,36
6,2,6,50,38
6,2,6,51,38
6,2,6,52,38
6,2,6,53,36
6,2,6,54,38
6,2,6,55,36
6,2,6,56,36
6,2,6,57,38
6,2,6,58,40
6,2,6,59,34
6,2,6,60,34
6,2,6,61,36
6,2,6,62,42
6,2,6,63,34
6,2,7,0,36
6,2,7,1,38
6,2,7,2,38
6,2,7,3,38
6,2,7,4,36
6,2,7,5,40
6,2,7,6,36
6,2,7,7,36
6,2,7,8,40
6,2,7,9,36
6,2,7,10,40
6,2,7,11,40
6,2,7,12,38
6,2,7,13,34
6,2,7,14,40
6,2,7,15,38
6,2,7,16,36
6,2,7,17,36
6,2,7,18,36
6,2,7,19,38
6,2,7,20,36
6,2,7,21,34
6,2,7,22,36
6,2,7,23,36
6,2,7,24,36
6,2,7,25,38
6,2,7,26,40
6,2,7,27,38
6,2,7,28,34
6,2,7,29,36
6,2,7,30,36
6,2,7,31,32
6,2,7,32,36
6,2,7,33,36
6,2,7,34,36
6,2,7,35,38
6,2,7,36,36
6,2,7,37,36
6,2,7,38,38
6,2,7,39,36
6,2,7,40,40
6,2,7,41,36
6,2,7,42,34
6,2,7,43,40
6,2,7,44,38
6,2,7,45,38
6,2,7,46,40
6,2,7,47,36
6,2,7,48,36
6,2,7,49,34
6,2,7,50,38
6,2,7,51,36
6,2,7,52,36
6,2,7,53,34
6,2,7,54,36
6,2,7,55,36
6,2,7,56,38
6,2,7,57,38
6,2,7,58,34
6,2,7,59,36
6,2,7,60,36
6,2,7,61,38
6,2,7,62,38
6,2,7,63,34
6,2,8,0,36
6,2,8,1,36
6,2,8,2,34
6,2,8,3,36
6,2,8,4,36
6,2,8,5,36
6,2,8,6,36
6,2,8,7,38
6,2,8,8,36
6,2,8,9,40
6,2,8,10,40
6,2,8,11,32
6,2,8,12,36
6,2,8,13,40
6,2,8,14,38
6,2,8,15,38
6,2,8,16,38
6,2,8,17,36
6,2,8,18,38
6,2,8,19,34
6,2,8,20,32
6,2,8,21,38
6,2,8,22,34
6,2,8,23,38
6,2,8,24,40
6,2,8,25,38
6,2,8,26,36
6,2,8,27,38
6,2,8,28,38
6,2,8,29,36
6,2,8,30,36
6,2,8,31,34
6,2,8,32,40
6,2,8,33,40
6,2,8,34,34
6,2,8,35,38
6,2,8,36,34
6,2,8,37,36
6,2,8,38,38
6,2,8,39,34
6,2,8,40,36
6,2,8,41,38
6,2,8,42,34
6,2,8,43,38
6,2,8,44,36
6,2,8,45,36
6,2,8,46,36
6,2,8,47,34
6,2,8,48,36
6,2,8,49,38
6,2,8,50,38
6,2,8,51,34
6,2,8,52,36
6,2,8,53,40
6,2,8,54,42
6,2,8,55,36
6,2,8,56,36
6,2,8,57,36
6,2,8,58,36
6,2,8,59,38
6,2,8,60,36
6,2,8,61,38
6,2,8,62,36
6,2,8,63,32
6,2,9,0,36
6,2,9,1,38
6,2,9,2,36
6,2,9,3,36
6,2,9,4,40
6,2,9,5,38
6,2,9,6,32
6,2,9,7,40
6,2,9,8,36
6,2,9,9,38
6,2,9,10,34
6,2,9,11,36
6,2,9,12,38
6,2,9,13,42
6,2,9,14,34
6,2,9,15,38
6,2,9,16,36
6,2,9,17,36
6,2,9,18,38
6,2,9,19,38
6,2,9,20,38
6,2,9,21,36
6,2,9,22,36
6,2,9,23,32
6,2,9,24,32
6,2,9,25,36
6,2,9,26,40
6,2,9,27,38
6,2,9,28,36
6,2,9,29,38
6,2,9,30,38
6,2,9,31,38
6,2,9,32,36
6,2,9,33,38
6,2,9,34,38
6,2,9,35,34
6,2,9,36,38
6,2,9,37,38
6,2,9,38,36
6,2,9,39,34
6,2,9,40,40
6,2,9,41,36
6,2,9,42,44
6,2,9,43,38
6,2,9,44,36
6,2,9,45,36
6,2,9,46,34
6,2,9,47,40
6,2,9,48,36
6,2,9,49,38
6,2,9,50,40
6,2,9,51,36
6,2,9,52,38
6,2,9,53,38
6,2,9,54,38
6,2,9,55,36
6,2,9,56,36
6,2,9,57,36
6,2,9,58,36
6,2,9,59,36
6,2,9,60,34
6,2,9,61,38
6,2,9,62,36
6,2,9,63,38
6,2,10,0,36
6,2,10,1,36
6,2,10,2,40
6,2,10,3,38
6,2,10,4,36
6,2,10,5,40
6,2,10,6,38
6,2,10,7,38
6,2,10,8,40
6,2,10,9,34
6,2,10,10,38
6,2,10,11,38
6,2,10,12,36
6,2,10,13,42
6,2,10,14,40
6,2,10,15,38
6,2,10,16,38
6,2,10,17,40
6,2,10,18,40
6,2,10,19,36
6,2,10,20,40
6,2,10,21,40
6,2,10,22,40
6,2,10,23,32
6,2,10,24,36
6,2,10,25,42
6,2,10,26,38
6,2,10,27,36
6,2,10,28,36
6,2,10,29,36
6,2,10,30,34
6,2,10,31,38
6,2,10,32,38
6,2,10,33,40
6,2,10,34,38
6,2,10,35,38
6,2,10,36,34
6,2,10,37,38
6,2,10,38,38
6,2,10,39,34
6,2,10,40,36
6,2,10,41,36
6,2,10,42,34
6,2,10,43,38
6,2,10,44,36
6,2,10,45,34
6,2,10,46,36
6,2,10,47,38
6,2,10,48,38
6,2,10,49,36
6,2,10,50,40
6,2,10,51,34
6,2,10,52,34
6,2,10,53,34
6,2,10,54,38
6,2,10,55,36
6,2,10,56,36
6,2,10,57,36
6,2,10,58,34
6,2,10,59,34
6,2,10,60,38
6,2,10,61,36
6,2,10,62,38
6,2,10,63,34
6,2,11,0,36
6,2,11,1,42
6,2,11,2,38
6,2,11,3,38
6,2,11,4,38
6,2,11,5,38
6,2,11,6,38
6,2,11,7,36
6,2,11,8,36
6,2,11,9,36
6,2,11,10,38
6,2,11,11,40
6,2,11,12,36
6,2,11,13,34
6,2,11,14,36
6,2,11,15,34
6,2,11,16,34
6,2,11,17,38
6,2,11,18,36
6,2,11,19,40
6,2,11,20,36
6,2,11,21,40
6,2,11,22,38
6,2,11,23,40
6,2,11,24,36
6,2,11,25,36
6,2,11,26,34
6,2,11,27,36
6,2,11,28,36
6,2,11,29,36
6,2,11,30,38
6,2,11,31,36
6,2,11,32,38
6,2,11,33,40
6,2,11,34,34
6,2,11,35,38
6,2,11,36,34
6,2,11,37,36
6,2,11,38,34
6,2,11,39,36
6,2,11,40,46
6,2,11,41,40
6,2,11,42,40
6,2,11,43,36
6,2,11,44,36
6,2,11,45,38
6,2,11,46,34
6,2,11,47,38
6,2,11,48,38
6,2,11,49,36
6,2,11,50,38
6,2,11,51,38
6,2,11,52,36
6,2,11,53,40
6,2,11,54,36
6,2,11,55,68
6,2,11,56,38
6,2,11,57,38
6,2,11,58,38
6,2,11,59,40
6,2,11,60,38
6,2,11,61,34
6,2,11,62,36
6,2,11,63,34
6,2,12,0,36
6,2,12,1,38
6,2,12,2,42
6,2,12,3,36
6,2,12,4,34
6,2,12,5,36
6,2,12,6,40
6,2,12,7,40
6,2,12,8,36
6,2,12,9,36
6,2,12,10,36
6,2,12,11,38
6,2,12,12,36
6,2,12,13,36
6,2,12,14,34
6,2,12,15,36
6,2,12,16,36
6,2,12,17,40
6,2,12,18,36
6,2,12,19,34
6,2,12,20,38
6,2,12,21,36
6,2,12,22,40
6,2,12,23,36
6,2,12,24,38
6,2,12,25,32
6,2,12,26,40
6,2,12,27,38
6,2,12,28,32
6,2,12,29,40
6,2,12,30,36
6,2,12,31,38
6,2,12,32,36
6,2,12,33,34
6,2,12,34,40
6,2,12,35,32
6,2,12,36,36
6,2,12,37,36
6,2,12,38,38
6,2,12,39,40
6,2,12,40,32
6,2,12,41,38
6,2,12,42,38
6,2,12,43,36
6,2,12,44,36
6,2,12,45,40
6,2,12,46,36
6,2,12,47,38
6,2,12,48,40
6,2,12,49,34
6,2,12,50,34
6,2,12,51,36
6,2,12,52,40
6,2,12,53,38
6,2,12,54,40
6,2,12,55,36
6,2,12,56,36
6,2,12,57,38
6,2,12,58,38
6,2,12,59,38
6,2,12,60,36
6,2,12,61,34
6,2,12,62,34
6,2,12,63,36
6,2,13,0,36
6,2,13,1,38
6,2,13,2,36
6,2,13,3,40
6,2,13,4,34
6,2,13,5,36
6,2,13,6,38
6,2,13,7,34
6,2,13,8,38
6,2,13,9,36
6,2,13,10,34
6,2,13,11,36
6,2,13,12,42
6,2,13,13,36
6,2,13,14,40
6,2,13,15,36
6,2,13,16,36
6,2,13,17,38
6,2,13,18,36
6,2,13,19,36
6,2,13,20,38
6,2,13,21,40
6,2,13,22,32
6,2,13,23,38
6,2,13,24,38
6,2,13,25,38
6,2,13,26,40
6,2,13,27,36
6,2,13,28,38
6,2,13,29,38
6,2,13,30,38
6,2,13,31,38
6,2,13,32,36
6,2,13,33,36
6,2,13,34,38
6,2,13,35,42
6,2,13,36,36
6,2,13,37,34
6,2,13,38,38
6,2,13,39,36
6,2,13,40,38
6,2,13,41,36
6,2,13,42,36
6,2,13,43,40
6,2,13,44,36
6,2,13,45,34
6,2,13,46,36
6,2,13,47,38
6,2,13,48,36
6,2,13,49,36
6,2,13,50,38
6,2,13,51,34
6,2,13,52,36
6,2,13,53,32
6,2,13,54,34
6,2,13,55,38
6,2,13,56,34
6,2,13,57,36
6,2,13,58,38
6,2,13,59,38
6,2,13,60,38
6,2,13,61,36
6,2,13,62,40
6,2,13,63,36
6,2,14,0,36
6,2,14,1,40
6,2,14,2,36
6,2,14,3,36
6,2,14,4,36
6,2,14,5,36
6,2,14,6,36
6,2,14,7,32
6,2,14,8,36
6,2,14,9,40
6,2,14,10,38
6,2,14,11,38
6,2,14,12,40
6,2,14,13,36
6,2,14,14,38
6,2,14,15,34
6,2,14,16,40
6,2,14,17,38
6,2,14,18,38
6,2,14,19,36
6,2,14,20,40
6,2,14,21,36
6,2,14,22,34
6,2,14,23,40
6,2,14,24,40
6,2,14,25,38
6,2,14,26,32
6,2,14,27,38
6,2,14,28,36
6,2,14,29,40
6,2,14,30,36
6,2,14,31,46
6,2,14,32,38
6,2,14,33,42
6,2,14,34,38
6,2,14,35,36
6,2,14,36,34
6,2,14,37,38
6,2,14,38,36
6,2,14,39,36
6,2,14,40,36
6,2,14,41,36
6,2,14,42,36
6,2,14,43,36
6,2,14,44,38
6,2,14,45,40
6,2,14,46,36
6,2,14,47,40
6,2,14,48,36
6,2,14,49,38
6,2,14,50,36
6,2,14,51,36
6,2,14,52,36
6,2,14,53,38
6,2,14,54,34
6,2,14,55,40
6,2,14,56,36
6,2,14,57,38
6,2,14,58,36
6,2,14,59,36
6,2,14,60,38
6,2,14,61,36
6,2,14,62,36
6,2,14,63,36
6,3,0,0,34
6,3,0,1,36
6,3,0,2,36
6,3,0,3,36
6,3,0,4,38
6,3,0,5,36
6,3,0,6,38
6,3,0,7,38
6,3,0,8,40
6,3,0,9,40
6,3,0,10,40
6,3,0,11,40
6,3,0,12,38
6,3,0,13,36
6,3,0,14,34
6,3,0,15,40
6,3,0,16,38
6,3,0,17,38
6,3,0,18,36
6,3,0,19,34
6,3,0,20,32
6,3,0,21,36
6,3,0,22,36
6,3,0,23,36
6,3,0,24,38
6,3,0,25,38
6,3,0,26,32
6,3,0,27,38
6,3,0,28,36
6,3,0,29,42
6,3,0,30,36
6,3,0,31,36
6,3,0,32,36
6,3,0,33,36
6,3,0,34,34
6,3,0,35,34
6,3,0,36,32
6,3,0,37,36
6,3,0,38,36
6,3,0,39,38
6,3,0,40,36
6,3,0,41,34
6,3,0,42,36
6,3,0,43,38
6,3,0,44,40
6,3,0,45,36
6,3,0,46,40
6,3,0,47,38
6,3,0,48,40
6,3,0,49,32
6,3,0,50,32
6,3,0,51,36
6,3,0,52,40
6,3,0,53,34
6,3,0,54,38
6,3,0,55,38
6,3,0,56,36
6,3,0,57,36
6,3,0,58,38
6,3,0,59,38
6,3,0,60,38
6,3,0,61,40
6,3,0,62,34
6,3,0,63,38
6,3,1,0,36
6,3,1,1,38
6,3,1,2,38
6,3,1,3,40
6,3,1,4,36
6,3,1,5,38
6,3,1,6,40
6,3,1,7,36
6,3,1,8,36
6,3,1,9,38
6,3,1,10,40
6,3,1,11,38
6,3,1,12,40
6,3,1,13,38
6,3,1,14,34
6,3,1,15,40
6,3,1,16,40
6,3,1,17,42
6,3,1,18,34
6,3,1,19,36
6,3,1,20,36
6,3,1,21,36
6,3,1,22,40
6,3,1,23,40
6,3,1,24,36
6,3,1,25,40
6,3,1,26,36
6,3,1,27,38
6,3,1,28,36
6,3,1,29,32
6,3,1,30,42
6,3,1,31,40
6,3,1,32,38
6,3,1,33,34
6,3,1,34,36
6,3,1,35,36
6,3,1,36,36
6,3,1,37,38
6,3,1,38,38
6,3,1,39,34
6,3,1,40,40
6,3,1,41,32
6,3,1,42,38
6,3,1,43,36
6,3,1,44,38
6,3,1,45,34
6,3,1,46,40
6,3,1,47,38
6,3,1,48,38
6,3,1,49,40
6,3,1,50,40
6,3,1,51,36
6,3,1,52,38
6,3,1,53,34
6,3,1,54,34
6,3,1,55,36
6,3,1,56,36
6,3,1,57,38
6,3,1,58,40
6,3,1,59,36
6,3,1,60,34
6,3,1,61,36
6,3,1,62,38
6,3,1,63,36
6,3,2,0,38
6,3,2,1,36
6,3,2,2,34
6,3,2,3,40
6,3,2,4,38
6,3,2,5,36
6,3,2,6,40
6,3,2,7,38
6,3,2,8,38
6,3,2,9,36
6,3,2,10,38
6,3,2,11,36
6,3,2,12,38
6,3,2,13,34
6,3,2,14,36
6,3,2,15,34
6,3,2,16,40
6,3,2,17,34
6,3,2,18,36
6,3,2,19,38
6,3,2,20,38
6,3,2,21,36
6,3,2,22,38
6,3,2,23,36
6,3,2,24,38
6,3,2,25,36
6,3,2,26,34
6,3,2,27,38
6,3,2,28,36
6,3,2,29,42
6,3,2,30,38
6,3,2,31,34
6,3,2,32,40
6,3,2,33,38
6,3,2,34,38
6,3,2,35,34
6,3,2,36,36
6,3,2,37,38
6,3,2,38,42
6,3,2,39,38
6,3,2,40,36
6,3,2,41,36
6,3,2,42,42
6,3,2,43,38
6,3,2,44,38
6,3,2,45,46
6,3,2,46,38
6,3,2,47,36
6,3,2,48,40
6,3,2,49,36
6,3,2,50,36
6,3,2,51,36
6,3,2,52,32
6,3,2,53,40
6,3,2,54,36
6,3,2,55,36
6,3,2,56,38
6,3,2,57,40
6,3,2,58,38
6,3,2,59,34
6,3,2,60,36
6,3,2,61,34
6,3,2,62,38
6,3,2,63,38
6,3,3,0,40
6,3,3,1,38
6,3,3,2,36
6,3,3,3,34
6,3,3,4,34
6,3,3,5,40
6,3,3,6,36
6,3,3,7,36
6,3,3,8,38
6,3,3,9,36
6,3,3,10,32
6,3,3,11,38
6,3,3,12,34
6,3,3,13,34
6,3,3,14,38
6,3,3,15,36
6,3,3,16,36
6,3,3,17,34
6,3,3,18,34
6,3,3,19,38
6,3,3,20,36
6,3,3,21,40
6,3,3,22,36
6,3,3,23,34
6,3,3,24,38
6,3,3,25,36
6,3,3,26,42
6,3,3,27,38
6,3,3,28,36
6,3,3,29,42
6,3,3,30,38
6,3,3,31,34
6,3,3,32,36
6,3,3,33,38
6,3,3,34,36
6,3,3,35,38
6,3,3,36,36
6,3,3,37,36
6,3,3,38,38
6,3,3,39,38
6,3,3,40,36
6,3,3,41,36
6,3,3,42,38
6,3,3,43,38
6,3,3,44,38
6,3,3,45,36
6,3,3,46,40
6,3,3,47,36
6,3,3,48,38
6,3,3,49,40
6,3,3,50,40
6,3,3,51,40
6,3,3,52,36
6,3,3,53,38
6,3,3,54,36
6,3,3,55,34
6,3,3,56,36
6,3,3,57,34
6,3,3,58,34
6,3,3,59,34
6,3,3,60,38
6,3,3,61,34
6,3,3,62,34
6,3,3,63,38
6,3,4,0,36
6,3,4,1,40
6,3,4,2,46
6,3,4,3,38
6,3,4,4,40
6,3,4,5,36
6,3,4,6,40
6,3,4,7,38
6,3,4,8,36
6,3,4,9,36
6,3,4,10,36
6,3,4,11,38
6,3,4,12,38
6,3,4,13,36
6,3,4,14,38
6,3,4,15,38
6,3,4,16,32
6,3,4,17,34
6,3,4,18,34
6,3,4,19,34
6,3,4,20,36
6,3,4,21,36
6,3,4,22,36
6,3,4,23,34
6,3,4,24,40
6,3,4,25,34
6,3,4,26,36
6,3,4,27,36
6,3,4,28,36
6,3,4,29,40
6,3,4,30,36
6,3,4,31,36
6,3,4,32,38
6,3,4,33,38
6,3,4,34,38
6,3,4,35,36
6,3,4,36,36
6,3,4,37,36
6,3,4,38,38
6,3,4,39,36
6,3,4,40,36
6,3,4,41,32
6,3,4,42,40
6,3,4,43,38
6,3,4,44,40
6,3,4,45,38
6,3,4,46,36
6,3,4,47,40
6,3,4,48,36
6,3,4,49,40
6,3,4,50,38
6,3,4,51,38
6,3,4,52,42
6,3,4,53,40
6,3,4,54,36
6,3,4,55,68
6,3,4,56,34
6,3,4,57,38
6,3,4,58,36
6,3,4,59,42
6,3,4,60,36
6,3,4,61,36
6,3,4,62,38
6,3,4,63,40
6,3,5,0,40
6,3,5,1,36
6,3,5,2,34
6,3,5,3,36
6,3,5,4,38
6,3,5,5,38
6,3,5,6,38
6,3,5,7,36
6,3,5,8,36
6,3,5,9,36
6,3,5,10,40
6,3,5,11,38
6,3,5,12,36
6,3,5,13,36
6,3,5,14,36
6,3,5,15,36
6,3,5,16,38
6,3,5,17,38
6,3,5,18,34
6,3,5,19,40
6,3,5,20,36
6,3,5,21,36
6,3,5,22,38
6,3,5,23,34
6,3,5,24,34
6,3,5,25,32
6,3,5,26,34
6,3,5,27,36
6,3,5,28,36
6,3,5,29,34
6,3,5,30,36
6,3,5,31,38
6,3,5,32,36
6,3,5,33,36
6,3,5,34,38
6,3,5,35,38
6,3,5,36,40
6,3,5,37,36
6,3,5,38,34
6,3,5,39,36
6,3,5,40,36
6,3,5,41,34
6,3,5,42,40
6,3,5,43,36
6,3,5,44,36
6,3,5,45,34
6,3,5,46,38
6,3,5,47,44
6,3,5,48,36
6,3,5,49,40
6,3,5,50,34
6,3,5,51,36
6,3,5,52,34
6,3,5,53,36
6,3,5,54,34
6,3,5,55,36
6,3,5,56,38
6,3,5,57,40
6,3,5,58,40
6,3,5,59,36
6,3,5,60,38
6,3,5,61,38
6,3,5,62,36
6,3,5,63,36
6,3,6,0,38
6,3,6,1,36
6,3,6,2,32
6,3,6,3,36
6,3,6,4,36
6,3,6,5,38
6,3,6,6,38
6,3,6,7,40
6,3,6,8,38
6,3,6,9,38
6,3,6,10,38
6,3,6,11,36
6,3,6,12,34
6,3,6,13,36
6,3,6,14,36
6,3,6,15,36
6,3,6,16,38
6,3,6,17,38
6,3,6,18,40
6,3,6,19,38
6,3,6,20,38
6,3,6,21,34
6,3,6,22,38
6,3,6,23,36
6,3,6,24,36
6,3,6,25,36
6,3,6,26,40
6,3,6,27,38
6,3,6,28,38
6,3,6,29,38
6,3,6,30,34
6,3,6,31,36
6,3,6,32,36
6,3,6,33,34
6,3,6,34,36
6,3,6,35,38
6,3,6,36,36
6,3,6,37,32
6,3,6,38,34
6,3,6,39,38
6,3,6,40,34
6,3,6,41,40
6,3,6,42,38
6,3,6,43,34
6,3,6,44,36
6,3,6,45,40
6,3,6,46,36
6,3,6,47,38
6,3,6,48,38
6,3,6,49,36
6,3,6,50,34
6,3,6,51,40
6,3,6,52,38
6,3,6,53,38
6,3,6,54,36
6,3,6,55,42
6,3,6,56,34
6,3,6,57,36
6,3,6,58,38
6,3,6,59,34
6,3,6,60,40
6,3,6,61,40
6,3,6,62,36
6,3,6,63,34
6,3,7,0,40
6,3,7,1,36
6,3,7,2,32
6,3,7,3,36
6,3,7,4,32
6,3,7,5,38
6,3,7,6,36
6,3,7,7,50
6,3,7,8,38
6,3,7,9,38
6,3,7,10,36
6,3,7,11,34
6,3,7,12,38
6,3,7,13,38
6,3,7,14,40
6,3,7,15,36
6,3,7,16,32
6,3,7,17,36
6,3,7,18,34
6,3,7,19,38
6,3,7,20,36
6,3,7,21,36
6,3,7,22,36
6,3,7,23,34
6,3,7,24,38
6,3,7,25,36
6,3,7,26,40
6,3,7,27,38
6,3,7,28,38
6,3,7,29,34
6,3,7,30,38
6,3,7,31,34
6,3,7,32,36
6,3,7,33,36
6,3,7,34,38
6,3,7,35,32
6,3,7,36,40
6,3,7,37,40
6,3,7,38,36
6,3,7,39,32
6,3,7,40,36
6,3,7,41,38
6,3,7,42,36
6,3,7,43,40
6,3,7,44,32
6,3,7,45,34
6,3,7,46,38
6,3,7,47,36
6,3,7,48,36
6,3,7,49,38
6,3,7,50,38
6,3,7,51,34
6,3,7,52,38
6,3,7,53,40
6,3,7,54,36
6,3,7,55,40
6,3,7,56,36
6,3,7,57,36
6,3,7,58,36
6,3,7,59,38
6,3,7,60,38
6,3,7,61,40
6,3,7,62,34
6,3,7,63,40
6,3,8,0,34
6,3,8,1,38
6,3,8,2,34
6,3,8,3,36
6,3,8,4,34
6,3,8,5,38
6,3,8,6,34
6,3,8,7,36
6,3,8,8,40
6,3,8,9,38
6,3,8,10,34
6,3,8,11,36
6,3,8,12,36
6,3,8,13,34
6,3,8,14,34
6,3,8,15,36
6,3,8,16,36
6,3,8,17,34
6,3,8,18,36
6,3,8,19,36
6,3,8,20,36
6,3,8,21,38
6,3,8,22,36
6,3,8,23,38
6,3,8,24,36
6,3,8,25,38
6,3,8,26,36
6,3,8,27,36
6,3,8,28,40
6,3,8,29,36
6,3,8,30,38
6,3,8,31,34
6,3,8,32,36
6,3,8,33,36
6,3,8,34,38
6,3,8,35,40
6,3,8,36,38
6,3,8,37,36
6,3,8,38,36
6,3,8,39,36
6,3,8,40,34
6,3,8,41,38
6,3,8,42,40
6,3,8,43,40
6,3,8,44,38
6,3,8,45,40
6,3,8,46,38
6,3,8,47,36
6,3,8,48,38
6,3,8,49,36
6,3,8,50,38
6,3,8,51,40
6,3,8,52,36
6,3,8,53,38
6,3,8,54,34
6,3,8,55,36
6,3,8,56,36
6,3,8,57,36
6,3,8,58,36
6,3,8,59,34
6,3,8,60,36
6,3,8,61,40
6,3,8,62,34
6,3,8,63,40
6,3,9,0,36
6,3,9,1,38
6,3,9,2,36
6,3,9,3,36
6,3,9,4,34
6,3,9,5,34
6,3,9,6,44
6,3,9,7,38
6,3,9,8,38
6,3,9,9,42
6,3,9,10,36
6,3,9,11,36
6,3,9,12,40
6,3,9,13,38
6,3,9,14,36
6,3,9,15,36
6,3,9,16,40
6,3,9,17,34
6,3,9,18,36
6,3,9,19,38
6,3,9,20,36
6,3,9,21,36
6,3,9,22,36
6,3,9,23,36
6,3,9,24,34
6,3,9,25,36
6,3,9,26,40
6,3,9,27,36
6,3,9,28,36
6,3,9,29,38
6,3,9,30,38
6,3,9,31,36
6,3,9,32,36
6,3,9,33,32
6,3,9,34,36
6,3,9,35,38
6,3,9,36,38
6,3,9,37,38
6,3,9,38,40
6,3,9,39,34
6,3,9,40,36
6,3,9,41,34
6,3,9,42,34
6,3,9,43,36
6,3,9,44,34
6,3,9,45,36
6,3,9,46,36
6,3,9,47,36
6,3,9,48,40
6,3,9,49,40
6,3,9,50,40
6,3,9,51,36
6,3,9,52,36
6,3,9,53,34
6,3,9,54,36
6,3,9,55,76
6,3,9,56,34
6,3,9,57,32
6,3,9,58,36
6,3,9,59,36
6,3,9,60,36
6,3,9,61,36
6,3,9,62,36
6,3,9,63,36
6,3,10,0,34
6,3,10,1,38
6,3,10,2,38
6,3,10,3,40
6,3,10,4,34
6,3,10,5,34
6,3,10,6,40
6,3,10,7,40
6,3,10,8,38
6,3,10,9,38
6,3,10,10,40
6,3,10,11,40
6,3,10,12,38
6,3,10,13,36
6,3,10,14,38
6,3,10,15,38
6,3,10,16,38
6,3,10,17,40
6,3,10,18,36
6,3,10,19,38
6,3,10,20,40
6,3,10,21,34
6,3,10,22,40
6,3,10,23,40
6,3,10,24,50
6,3,10,25,38
6,3,10,26,34
6,3,10,27,38
6,3,10,28,38
6,3,10,29,40
6,3,10,30,40
6,3,10,31,36
6,3,10,32,38
6,3,10,33,38
6,3,10,34,36
6,3,10,35,38
6,3,10,36,38
6,3,10,37,36
6,3,10,38,36
6,3,10,39,38
6,3,10,40,40
6,3,10,41,36
6,3,10,42,40
6,3,10,43,36
6,3,10,44,34
6,3,10,45,40
6,3,10,46,38
6,3,10,47,36
6,3,10,48,40
6,3,10,49,38
6,3,10,50,36
6,3,10,51,34
6,3,10,52,34
6,3,10,53,36
6,3,10,54,38
6,3,10,55,42
6,3,10,56,38
6,3,10,57,38
6,3,10,58,40
6,3,10,59,32
6,3,10,60,40
6,3,10,61,38
6,3,10,62,38
6,3,10,63,36
6,3,11,0,40
6,3,11,1,38
6,3,11,2,38
6,3,11,3,36
6,3,11,4,42
6,3,11,5,34
6,3,11,6,38
6,3,11,7,40
6,3,11,8,36
6,3,11,9,36
6,3,11,10,36
6,3,11,11,36
6,3,11,12,36
6,3,11,13,36
6,3,11,14,36
6,3,11,15,36
6,3,11,16,34
6,3,11,17,40
6,3,11,18,36
6,3,11,19,36
6,3,11,20,38
6,3,11,21,34
6,3,11,22,38
6,3,11,23,40
6,3,11,24,32
6,3,11,25,34
6,3,11,26,36
6,3,11,27,38
6,3,11,28,38
6,3,11,29,34
6,3,11,30,40
6,3,11,31,40
6,3,11,32,34
6,3,11,33,38
6,3,11,34,36
6,3,11,35,40
6,3,11,36,34
6,3,11,37,40
6,3,11,38,36
6,3,11,39,36
6,3,11,40,38
6,3,11,41,36
6,3,11,42,36
6,3,11,43,36
6,3,11,44,36
6,3,11,45,38
6,3,11,46,36
6,3,11,47,36
6,3,11,48,36
6,3,11,49,36
6,3,11,50,34
6,3,11,51,36
6,3,11,52,36
6,3,11,53,38
6,3,11,54,40
6,3,11,55,36
6,3,11,56,36
6,3,11,57,40
6,3,11,58,38
6,3,11,59,36
6,3,11,60,36
6,3,11,61,40
6,3,11,62,34
6,3,11,63,32
6,3,12,0,40
6,3,12,1,36
6,3,12,2,36
6,3,12,3,32
6,3,12,4,38
6,3,12,5,36
6,3,12,6,34
6,3,12,7,36
6,3,12,8,36
6,3,12,9,32
6,3,12,10,38
6,3,12,11,40
6,3,12,12,36
6,3,12,13,38
6,3,12,14,40
6,3,12,15,38
6,3,12,16,36
6,3,12,17,38
6,3,12,18,36
6,3,12,19,36
6,3,12,20,40
6,3,12,21,38
6,3,12,22,40
6,3,12,23,36
6,3,12,24,40
6,3,12,25,38
6,3,12,26,38
6,3,12,27,36
6,3,12,28,34
6,3,12,29,38
6,3,12,30,34
6,3,12,31,36
6,3,12,32,50
6,3,12,33,40
6,3,12,34,38
6,3,12,35,40
6,3,12,36,38
6,3,12,37,40
6,3,12,38,36
6,3,12,39,36
6,3,12,40,38
6,3,12,41,40
6,3,12,42,40
6,3,12,43,36
6,3,12,44,36
6,3,12,45,34
6,3,12,46,36
6,3,12,47,38
6,3,12,48,36
6,3,12,49,36
6,3,12,50,36
6,3,12,51,36
6,3,12,52,38
6,3,12,53,40
6,3,12,54,38
6,3,12,55,38
6,3,12,56,38
6,3,12,57,36
6,3,12,58,36
6,3,12,59,40
6,3,12,60,38
6,3,12,61,36
6,3,12,62,36
6,3,12,63,40
6,3,13,0,40
6,3,13,1,40
6,3,13,2,34
6,3,13,3,38
6,3,13,4,36
6,3,13,5,38
6,3,13,6,36
6,3,13,7,36
6,3,13,8,40
6,3,13,9,36
6,3,13,10,34
6,3,13,11,40
6,3,13,12,36
6,3,13,13,36
6,3,13,14,38
6,3,13,15,32
6,3,13,16,36
6,3,13,17,38
6,3,13,18,34
6,3,13,19,36
6,3,13,20,36
6,3,13,21,36
6,3,13,22,34
6,3,13,23,38
6,3,13,24,36
6,3,13,25,36
6,3,13,26,34
6,3,13,27,36
6,3,13,28,36
6,3,13,29,36
6,3,13,30,34
6,3,13,31,36
6,3,13,32,34
6,3,13,33,36
6,3,13,34,36
6,3,13,35,36
6,3,13,36,34
6,3,13,37,36
6,3,13,38,36
6,3,13,39,36
6,3,13,40,36
6,3,13,41,38
6,3,13,42,38
6,3,13,43,34
6,3,13,44,34
6,3,13,45,36
6,3,13,46,38
6,3,13,47,38
6,3,13,48,36
6,3,13,49,36
6,3,13,50,36
6,3,13,51,36
6,3,13,52,36
6,3,13,53,36
6,3,13,54,36
6,3,13,55,36
6,3,13,56,40
6,3,13,57,38
6,3,13,58,38
6,3,13,59,36
6,3,13,60,38
6,3,13,61,36
6,3,13,62,36
6,3,13,63,36
6,3,14,0,36
6,3,14,1,38
6,3,14,2,40
6,3,14,3,36
6,3,14,4,38
6,3,14,5,34
6,3,14,6,38
6,3,14,7,36
6,3,14,8,36
6,3,14,9,36
6,3,14,10,36
6,3,14,11,38
6,3,14,12,40
6,3,14,13,38
6,3,14,14,34
6,3,14,15,38
6,3,14,16,36
6,3,14,17,36
6,3,14,18,38
6,3,14,19,36
6,3,14,20,36
6,3,14,21,38
6,3,14,22,36
6,3,14,23,36
6,3,14,24,36
6,3,14,25,38
6,3,14,26,36
6,3,14,27,36
6,3,14,28,40
6,3,14,29,40
6,3,14,30,38
6,3,14,31,34
6,3,14,32,40
6,3,14,33,38
6,3,14,34,32
6,3,14,35,36
6,3,14,36,40
6,3,14,37,38
6,3,14,38,36
6,3,14,39,34
6,3,14,40,34
6,3,14,41,38
6,3,14,42,36
6,3,14,43,40
6,3,14,44,36
6,3,14,45,38
6,3,14,46,36
6,3,14,47,34
6,3,14,48,38
6,3,14,49,40
6,3,14,50,36
6,3,14,51,36
6,3,14,52,46
6,3,14,53,38
6,3,14,54,34
6,3,14,55,36
6,3,14,56,42
6,3,14,57,34
6,3,14,58,34
6,3,14,59,34
6,3,14,60,40
6,3,14,61,34
6,3,14,62,40
6,3,14,63,36
6,4,0,0,68
6,4,0,1,74
6,4,0,2,64
6,4,0,3,66
6,4,0,4,72
6,4,0,5,38
6,4,0,6,62
6,4,0,7,64
6,4,0,8,38
6,4,0,9,42
6,4,0,10,68
6,4,0,11,36
6,4,0,12,70
6,4,0,13,40
6,4,0,14,36
6,4,0,15,66
6,4,0,16,54
6,4,0,17,36
6,4,0,18,38
6,4,0,19,34
6,4,0,20,40
6,4,0,21,36
6,4,0,22,34
6,4,0,23,68
6,4,0,24,76
6,4,0,25,34
6,4,0,26,32
6,4,0,27,70
6,4,0,28,38
6,4,0,29,68
6,4,0,30,40
6,4,0,31,64
6,4,0,32,32
6,4,0,33,68
6,4,0,34,76
6,4,0,35,40
6,4,0,36,40
6,4,0,37,36
6,4,0,38,38
6,4,0,39,34
6,4,0,40,36
6,4,0,41,38
6,4,0,42,34
6,4,0,43,36
6,4,0,44,36
6,4,0,45,38
6,4,0,46,34
6,4,0,47,40
6,4,0,48,70
6,4,0,49,62
6,4,0,50,68
6,4,0,51,72
6,4,0,52,64
6,4,0,53,62
6,4,0,54,72
6,4,0,55,76
6,4,0,56,66
6,4,0,57,64
6,4,0,58,74
6,4,0,59,74
6,4,0,60,70
6,4,0,61,64
6,4,0,62,76
6,4,0,63,36
6,4,1,0,34
6,4,1,1,36
6,4,1,2,40
6,4,1,3,36
6,4,1,4,40
6,4,1,5,42
6,4,1,6,34
6,4,1,7,38
6,4,1,8,34
6,4,1,9,38
6,4,1,10,40
6,4,1,11,36
6,4,1,12,34
6,4,1,13,38
6,4,1,14,38
6,4,1,15,36
6,4,1,16,40
6,4,1,17,38
6,4,1,18,42
6,4,1,19,36
6,4,1,20,34
6,4,1,21,36
6,4,1,22,38
6,4,1,23,36
6,4,1,24,36
6,4,1,25,36
6,4,1,26,36
6,4,1,27,40
6,4,1,28,38
6,4,1,29,36
6,4,1,30,34
6,4,1,31,40
6,4,1,32,40
6,4,1,33,34
6,4,1,34,34
6,4,1,35,42
6,4,1,36,40
6,4,1,37,40
6,4,1,38,34
6,4,1,39,36
6,4,1,40,36
6,4,1,41,36
6,4,1,42,36
6,4,1,43,38
6,4,1,44,36
6,4,1,45,40
6,4,1,46,38
6,4,1,47,38
6,4,1,48,38
6,4,1,49,34
6,4,1,50,36
6,4,1,51,36
6,4,1,52,36
6,4,1,53,38
6,4,1,54,38
6,4,1,55,36
6,4,1,56,40
6,4,1,57,36
6,4,1,58,36
6,4,1,59,34
6,4,1,60,34
6,4,1,61,38
6,4,1,62,36
6,4,1,63,36
6,4,2,0,34
6,4,2,1,40
6,4,2,2,40
6,4,2,3,36
6,4,2,4,38
6,4,2,5,38
6,4,2,6,38
6,4,2,7,34
6,4,2,8,38
6,4,2,9,36
6,4,2,10,38
6,4,2,11,40
6,4,2,12,38
6,4,2,13,36
6,4,2,14,38
6,4,2,15,36
6,4,2,16,34
6,4,2,17,40
6,4,2,18,36
6,4,2,19,40
6,4,2,20,38
6,4,2,21,36
6,4,2,22,48
6,4,2,23,34
6,4,2,24,34
6,4,2,25,38
6,4,2,26,40
6,4,2,27,40
6,4,2,28,36
6,4,2,29,42
6,4,2,30,40
6,4,2,31,36
6,4,2,32,40
6,4,2,33,32
6,4,2,34,40
6,4,2,35,36
6,4,2,36,32
6,4,2,37,36
6,4,2,38,36
6,4,2,39,36
6,4,2,40,36
6,4,2,41,40
6,4,2,42,34
6,4,2,43,38
6,4,2,44,38
6,4,2,45,36
6,4,2,46,38
6,4,2,47,38
6,4,2,48,36
6,4,2,49,32
6,4,2,50,36
6,4,2,51,38
6,4,2,52,38
6,4,2,53,36
6,4,2,54,38
6,4,2,55,38
6,4,2,56,38
6,4,2,57,38
6,4,2,58,40
6,4,2,59,36
6,4,2,60,36
6,4,2,61,34
6,4,2,62,36
6,4,2,63,40
6,4,3,0,38
6,4,3,1,40
6,4,3,2,42
6,4,3,3,36
6,4,3,4,36
6,4,3,5,40
6,4,3,6,36
6,4,3,7,38
6,4,3,8,40
6,4,3,9,38
6,4,3,10,36
6,4,3,11,34
6,4,3,12,36
6,4,3,13,36
6,4,3,14,38
6,4,3,15,36
6,4,3,16,38
6,4,3,17,36
6,4,3,18,34
6,4,3,19,36
6,4,3,20,34
6,4,3,21,38
6,4,3,22,34
6,4,3,23,34
6,4,3,24,40
6,4,3,25,40
6,4,3,26,36
6,4,3,27,34
6,4,3,28,36
6,4,3,29,36
6,4,3,30,34
6,4,3,31,40
6,4,3,32,36
6,4,3,33,42
6,4,3,34,38
6,4,3,35,40
6,4,3,36,38
6,4,3,37,36
6,4,3,38,40
6,4,3,39,34
6,4,3,40,36
6,4,3,41,36
6,4,3,42,38
6,4,3,43,38
6,4,3,44,36
6,4,3,45,40
6,4,3,46,36
6,4,3,47,36
6,4,3,48,36
6,4,3,49,38
6,4,3,50,40
6,4,3,51,40
6,4,3,52,32
6,4,3,53,36
6,4,3,54,40
6,4,3,55,36
6,4,3,56,42
6,4,3,57,40
6,4,3,58,42
6,4,3,59,38
6,4,3,60,36
6,4,3,61,36
6,4,3,62,42
6,4,3,63,38
6,4,4,0,38
6,4,4,1,36
6,4,4,2,36
6,4,4,3,36
6,4,4,4,34
6,4,4,5,42
6,4,4,6,38
6,4,4,7,38
6,4,4,8,38
6,4,4,9,34
6,4,4,10,46
6,4,4,11,36
6,4,4,12,36
6,4,4,13,36
6,4,4,14,40
6,4,4,15,36
6,4,4,16,40
6,4,4,17,36
6,4,4,18,38
6,4,4,19,38
6,4,4,20,36
6,4,4,21,34
6,4,4,22,36
6,4,4,23,38
6,4,4,24,40
6,4,4,25,38
6,4,4,26,38
6,4,4,27,36
6,4,4,28,40
6,4,4,29,36
6,4,4,30,38
6,4,4,31,36
6,4,4,32,36
6,4,4,33,36
6,4,4,34,32
6,4,4,35,36
6,4,4,36,36
6,4,4,37,36
6,4,4,38,40
6,4,4,39,38
6,4,4,40,36
6,4,4,41,40
6,4,4,42,38
6,4,4,43,36
6,4,4,44,40
6,4,4,45,36
6,4,4,46,42
6,4,4,47,36
6,4,4,48,34
6,4,4,49,36
6,4,4,50,38
6,4,4,51,40
6,4,4,52,36
6,4,4,53,36
6,4,4,54,34
6,4,4,55,32
6,4,4,56,40
6,4,4,57,34
6,4,4,58,38
6,4,4,59,36
6,4,4,60,70
6,4,4,61,36
6,4,4,62,40
6,4,4,63,32
6,4,5,0,36
6,4,5,1,36
6,4,5,2,38
6,4,5,3,38
6,4,5,4,36
6,4,5,5,32
6,4,5,6,38
6,4,5,7,36
6,4,5,8,38
6,4,5,9,32
6,4,5,10,38
6,4,5,11,38
6,4,5,12,36
6,4,5,13,36
6,4,5,14,34
6,4,5,15,34
6,4,5,16,38
6,4,5,17,40
6,4,5,18,36
6,4,5,19,38
6,4,5,20,36
6,4,5,21,38
6,4,5,22,38
6,4,5,23,40
6,4,5,24,38
6,4,5,25,32
6,4,5,26,36
6,4,5,27,34
6,4,5,28,40
6,4,5,29,40
6,4,5,30,38
6,4,5,31,36
6,4,5,32,38
6,4,5,33,36
6,4,5,34,38
6,4,5,35,36
6,4,5,36,40
6,4,5,37,34
6,4,5,38,36
6,4,5,39,40
6,4,5,40,38
6,4,5,41,34
6,4,5,42,38
6,4,5,43,36
6,4,5,44,36
6,4,5,45,38
6,4,5,46,36
6,4,5,47,36
6,4,5,48,36
6,4,5,49,36
6,4,5,50,36
6,4,5,51,38
6,4,5,52,38
6,4,5,53,36
6,4,5,54,34
6,4,5,55,36
6,4,5,56,36
6,4,5,57,38
6,4,5,58,36
6,4,5,59,36
6,4,5,60,38
6,4,5,61,38
6,4,5,62,36
6,4,5,63,42
6,4,6,0,40
6,4,6,1,36
6,4,6,2,38
6,4,6,3,36
6,4,6,4,40
6,4,6,5,36
6,4,6,6,40
6,4,6,7,40
6,4,6,8,36
6,4,6,9,36
6,4,6,10,40
6,4,6,11,46
6,4,6,12,38
6,4,6,13,36
6,4,6,14,36
6,4,6,15,40
6,4,6,16,38
6,4,6,17,38
6,4,6,18,38
6,4,6,19,36
6,4,6,20,40
6,4,6,21,36
6,4,6,22,38
6,4,6,23,40
6,4,6,24,38
6,4,6,25,40
6,4,6,26,38
6,4,6,27,36
6,4,6,28,34
6,4,6,29,40
6,4,6,30,36
6,4,6,31,36
6,4,6,32,34
6,4,6,33,34
6,4,6,34,36
6,4,6,35,36
6,4,6,36,36
6,4,6,37,38
6,4,6,38,36
6,4,6,39,36
6,4,6,40,36
6,4,6,41,40
6,4,6,42,40
6,4,6,43,36
6,4,6,44,36
6,4,6,45,38
6,4,6,46,36
6,4,6,47,36
6,4,6,48,36
6,4,6,49,36
6,4,6,50,38
6,4,6,51,40
6,4,6,52,36
6,4,6,53,40
6,4,6,54,36
6,4,6,55,36
6,4,6,56,40
6,4,6,57,42
6,4,6,58,36
6,4,6,59,34
6,4,6,60,38
6,4,6,61,34
6,4,6,62,40
6,4,6,63,36
6,4,7,0,36
6,4,7,1,36
6,4,7,2,36
6,4,7,3,36
6,4,7,4,40
6,4,7,5,40
6,4,7,6,32
6,4,7,7,38
6,4,7,8,36
6,4,7,9,36
6,4,7,10,36
6,4,7,11,36
6,4,7,12,32
6,4,7,13,34
6,4,7,14,38
6,4,7,15,36
6,4,7,16,36
6,4,7,17,34
6,4,7,18,34
6,4,7,19,32
6,4,7,20,36
6,4,7,21,38
6,4,7,22,38
6,4,7,23,34
6,4,7,24,36
6,4,7,25,38
6,4,7,26,34
6,4,7,27,38
6,4,7,28,36
6,4,7,29,36
6,4,7,30,36
6,4,7,31,36
6,4,7,32,36
6,4,7,33,36
6,4,7,34,32
6,4,7,35,38
6,4,7,36,34
6,4,7,37,36
6,4,7,38,36
6,4,7,39,36
6,4,7,40,36
6,4,7,41,36
6,4,7,42,38
6,4,7,43,32
6,4,7,44,38
6,4,7,45,40
6,4,7,46,34
6,4,7,47,36
6,4,7,48,34
6,4,7,49,38
6,4,7,50,36
6,4,7,51,40
6,4,7,52,36
6,4,7,53,36
6,4,7,54,36
6,4,7,55,36
6,4,7,56,40
6,4,7,57,40
6,4,7,58,36
6,4,7,59,38
6,4,7,60,46
6,4,7,61,36
6,4,7,62,40
6,4,7,63,36
6,4,8,0,36
6,4,8,1,40
6,4,8,2,34
6,4,8,3,40
6,4,8,4,36
6,4,8,5,36
6,4,8,6,36
6,4,8,7,36
6,4,8,8,36
6,4,8,9,38
6,4,8,10,38
6,4,8,11,40
6,4,8,12,38
6,4,8,13,38
6,4,8,14,38
6,4,8,15,40
6,4,8,16,38
6,4,8,17,40
6,4,8,18,40
6,4,8,19,38
6,4,8,20,40
6,4,8,21,38
6,4,8,22,36
6,4,8,23,38
6,4,8,24,38
6,4,8,25,40
6,4,8,26,40
6,4,8,27,36
6,4,8,28,38
6,4,8,29,38
6,4,8,30,38
6,4,8,31,42
6,4,8,32,38
6,4,8,33,36
6,4,8,34,36
6,4,8,35,36
6,4,8,36,38
6,4,8,37,38
6,4,8,38,36
6,4,8,39,34
6,4,8,40,38
6,4,8,41,38
6,4,8,42,38
6,4,8,43,36
6,4,8,44,38
6,4,8,45,38
6,4,8,46,34
6,4,8,47,32
6,4,8,48,38
6,4,8,49,38
6,4,8,50,36
6,4,8,51,42
6,4,8,52,34
6,4,8,53,38
6,4,8,54,38
6,4,8,55,34
6,4,8,56,40
6,4,8,57,38
6,4,8,58,38
6,4,8,59,38
6,4,8,60,36
6,4,8,61,40
6,4,8,62,40
6,4,8,63,38
6,4,9,0,36
6,4,9,1,38
6,4,9,2,32
6,4,9,3,36
6,4,9,4,34
6,4,9,5,36
6,4,9,6,36
6,4,9,7,38
6,4,9,8,38
6,4,9,9,34
6,4,9,10,32
6,4,9,11,38
6,4,9,12,34
6,4,9,13,40
6,4,9,14,38
6,4,9,15,38
6,4,9,16,38
6,4,9,17,36
6,4,9,18,34
6,4,9,19,34
6,4,9,20,36
6,4,9,21,36
6,4,9,22,36
6,4,9,23,34
6,4,9,24,38
6,4,9,25,34
6,4,9,26,36
6,4,9,27,40
6,4,9,28,40
6,4,9,29,36
6,4,9,30,38
6,4,9,31,38
6,4,9,32,36
6,4,9,33,36
6,4,9,34,34
6,4,9,35,38
6,4,9,36,34
6,4,9,37,40
6,4,9,38,38
6,4,9,39,36
6,4,9,40,34
6,4,9,41,36
6,4,9,42,38
6,4,9,43,40
6,4,9,44,38
6,4,9,45,38
6,4,9,46,40
6,4,9,47,36
6,4,9,48,38
6,4,9,49,38
6,4,9,50,38
6,4,9,51,36
6,4,9,52,34
6,4,9,53,34
6,4,9,54,38
6,4,9,55,32
6,4,9,56,38
6,4,9,57,36
6,4,9,58,36
6,4,9,59,32
6,4,9,60,34
6,4,9,61,40
6,4,9,62,36
6,4,9,63,36
6,4,10,0,38
6,4,10,1,40
6,4,10,2,36
6,4,10,3,34
6,4,10,4,40
6,4,10,5,34
6,4,10,6,38
6,4,10,7,36
6,4,10,8,40
6,4,10,9,40
6,4,10,10,34
6,4,10,11,36
6,4,10,12,38
6,4,10,13,36
6,4,10,14,38
6,4,10,15,38
6,4,10,16,38
6,4,10,17,38
6,4,10,18,36
6,4,10,19,42
6,4,10,20,40
6,4,10,21,36
6,4,10,22,34
6,4,10,23,38
6,4,10,24,38
6,4,10,25,38
6,4,10,26,40
6,4,10,27,36
6,4,10,28,40
6,4,10,29,34
6,4,10,30,40
6,4,10,31,36
6,4,10,32,38
6,4,10,33,40
6,4,10,34,38
6,4,10,35,40
6,4,10,36,40
6,4,10,37,40
6,4,10,38,38
6,4,10,39,40
6,4,10,40,38
6,4,10,41,34
6,4,10,42,36
6,4,10,43,36
6,4,10,44,38
6,4,10,45,36
6,4,10,46,38
6,4,10,47,38
6,4,10,48,36
6,4,10,49,36
6,4,10,50,40
6,4,10,51,36
6,4,10,52,38
6,4,10,53,38
6,4,10,54,36
6,4,10,55,36
6,4,10,56,40
6,4,10,57,38
6,4,10,58,36
6,4,10,59,38
6,4,10,60,36
6,4,10,61,38
6,4,10,62,36
6,4,10,63,38
6,4,11,0,36
6,4,11,1,34
6,4,11,2,34
6,4,11,3,40
6,4,11,4,34
6,4,11,5,38
6,4,11,6,38
6,4,11,7,32
6,4,11,8,40
6,4,11,9,38
6,4,11,10,36
6,4,11,11,36
6,4,11,12,40
6,4,11,13,38
6,4,11,14,38
6,4,11,15,36
6,4,11,16,34
6,4,11,17,36
6,4,11,18,38
6,4,11,19,36
6,4,11,20,38
6,4,11,21,36
6,4,11,22,40
6,4,11,23,34
6,4,11,24,34
6,4,11,25,36
6,4,11,26,36
6,4,11,27,38
6,4,11,28,36
6,4,11,29,36
6,4,11,30,36
6,4,11,31,32
6,4,11,32,38
6,4,11,33,40
6,4,11,34,36
6,4,11,35,36
6,4,11,36,36
6,4,11,37,38
6,4,11,38,36
6,4,11,39,36
6,4,11,40,38
6,4,11,41,34
6,4,11,42,36
6,4,11,43,38
6,4,11,44,46
6,4,11,45,32
6,4,11,46,38
6,4,11,47,36
6,4,11,48,38
6,4,11,49,36
6,4,11,50,36
6,4,11,51,32
6,4,11,52,34
6,4,11,53,34
6,4,11,54,38
6,4,11,55,34
6,4,11,56,40
6,4,11,57,34
6,4,11,58,74
6,4,11,59,36
6,4,11,60,38
6,4,11,61,40
6,4,11,62,40
6,4,11,63,38
6,4,12,0,42
6,4,12,1,36
6,4,12,2,36
6,4,12,3,38
6,4,12,4,38
6,4,12,5,38
6,4,12,6,34
6,4,12,7,36
6,4,12,8,40
6,4,12,9,36
6,4,12,10,40
6,4,12,11,36
6,4,12,12,36
6,4,12,13,34
6,4,12,14,40
6,4,12,15,36
6,4,12,16,36
6,4,12,17,36
6,4,12,18,38
6,4,12,19,36
6,4,12,20,36
6,4,12,21,36
6,4,12,22,36
6,4,12,23,36
6,4,12,24,34
6,4,12,25,38
6,4,12,26,36
6,4,12,27,38
6,4,12,28,38
6,4,12,29,36
6,4,12,30,40
6,4,12,31,36
6,4,12,32,36
6,4,12,33,36
6,4,12,34,40
6,4,12,35,36
6,4,12,36,34
6,4,12,37,36
6,4,12,38,38
6,4,12,39,40
6,4,12,40,36
6,4,12,41,34
6,4,12,42,34
6,4,12,43,42
6,4,12,44,36
6,4,12,45,38
6,4,12,46,38
6,4,12,47,36
6,4,12,48,40
6,4,12,49,40
6,4,12,50,40
6,4,12,51,38
6,4,12,52,38
6,4,12,53,38
6,4,12,54,36
6,4,12,55,36
6,4,12,56,36
6,4,12,57,36
6,4,12,58,36
6,4,12,59,38
6,4,12,60,66
6,4,12,61,36
6,4,12,62,34
6,4,12,63,48
6,4,13,0,40
6,4,13,1,38
6,4,13,2,34
6,4,13,3,36
6,4,13,4,38
6,4,13,5,32
6,4,13,6,36
6,4,13,7,36
6,4,13,8,36
6,4,13,9,34
6,4,13,10,34
6,4,13,11,38
6,4,13,12,34
6,4,13,13,40
6,4,13,14,38
6,4,13,15,36
6,4,13,16,38
6,4,13,17,36
6,4,13,18,40
6,4,13,19,40
6,4,13,20,34
6,4,13,21,38
6,4,13,22,36
6,4,13,23,36
6,4,13,24,34
6,4,13,25,34
6,4,13,26,36
6,4,13,27,34
6,4,13,28,38
6,4,13,29,38
6,4,13,30,36
6,4,13,31,36
6,4,13,32,36
6,4,13,33,40
6,4,13,34,36
6,4,13,35,36
6,4,13,36,34
6,4,13,37,38
6,4,13,38,38
6,4,13,39,36
6,4,13,40,40
6,4,13,41,36
6,4,13,42,38
6,4,13,43,36
6,4,13,44,38
6,4,13,45,38
6,4,13,46,34
6,4,13,47,36
6,4,13,48,36
6,4,13,49,36
6,4,13,50,36
6,4,13,51,40
6,4,13,52,38
6,4,13,53,38
6,4,13,54,36
6,4,13,55,36
6,4,13,56,38
6,4,13,57,38
6,4,13,58,36
6,4,13,59,40
6,4,13,60,34
6,4,13,61,36
6,4,13,62,40
6,4,13,63,34
6,4,14,0,46
6,4,14,1,36
6,4,14,2,40
6,4,14,3,36
6,4,14,4,38
6,4,14,5,38
6,4,14,6,38
6,4,14,7,38
6,4,14,8,34
6,4,14,9,36
6,4,14,10,40
6,4,14,11,36
6,4,14,12,38
6,4,14,13,38
6,4,14,14,36
6,4,14,15,34
6,4,14,16,36
6,4,14,17,40
6,4,14,18,36
6,4,14,19,34
6,4,14,20,36
6,4,14,21,34
6,4,14,22,38
6,4,14,23,36
6,4,14,24,36
6,4,14,25,36
6,4,14,26,42
6,4,14,27,38
6,4,14,28,38
6,4,14,29,40
6,4,14,30,36
6,4,14,31,36
6,4,14,32,38
6,4,14,33,32
6,4,14,34,38
6,4,14,35,36
6,4,14,36,42
6,4,14,37,34
6,4,14,38,38
6,4,14,39,40
6,4,14,40,38
6,4,14,41,34
6,4,14,42,40
6,4,14,43,36
6,4,14,44,32
6,4,14,45,38
6,4,14,46,34
6,4,14,47,38
6,4,14,48,36
6,4,14,49,38
6,4,14,50,38
6,4,14,51,42
6,4,14,52,36
6,4,14,53,38
6,4,14,54,38
6,4,14,55,34
6,4,14,56,40
6,4,14,57,40
6,4,14,58,40
6,4,14,59,40
6,4,14,60,64
6,4,14,61,36
6,4,14,62,40
6,4,14,63,40
7,0,0,0,68
7,0,0,1,70
7,0,0,2,74
7,0,0,3,66
7,0,0,4,68
7,0,0,5,62
7,0,0,6,74
7,0,0,7,70
7,0,0,8,36
7,0,0,9,40
7,0,0,10,32
7,0,0,11,84
7,0,0,12,66
7,0,0,13,36
7,0,0,14,38
7,0,0,15,70
7,0,0,16,62
7,0,0,17,70
7,0,0,18,74
7,0,0,19,72
7,0,0,20,62
7,0,0,21,46
7,0,0,22,70
7,0,0,23,72
7,0,0,24,60
7,0,0,25,38
7,0,0,26,34
7,0,0,27,36
7,0,0,28,38
7,0,0,29,66
7,0,0,30,36
7,0,0,31,38
7,0,0,32,36
7,0,0,33,38
7,0,0,34,32
7,0,0,35,34
7,0,0,36,40
7,0,0,37,36
7,0,0,38,40
7,0,0,39,54
7,0,0,40,78
7,0,0,41,36
7,0,0,42,68
7,0,0,43,40
7,0,0,44,70
7,0,0,45,74
7,0,0,46,48
7,0,0,47,66
7,0,0,48,36
7,0,0,49,76
7,0,0,50,36
7,0,0,51,68
7,0,0,52,36
7,0,0,53,36
7,0,0,54,34
7,0,0,55,36
7,0,0,56,40
7,0,0,57,38
7,0,0,58,36
7,0,0,59,34
7,0,0,60,34
7,0,0,61,34
7,0,0,62,36
7,0,0,63,34
7,0,1,0,40
7,0,1,1,38
7,0,1,2,38
7,0,1,3,38
7,0,1,4,38
7,0,1,5,38
7,0,1,6,36
7,0,1,7,42
7,0,1,8,38
7,0,1,9,34
7,0,1,10,38
7,0,1,11,38
7,0,1,12,38
7,0,1,13,36
7,0,1,14,42
7,0,1,15,40
7,0,1,16,36
7,0,1,17,36
7,0,1,18,38
7,0,1,19,38
7,0,1,20,36
7,0,1,21,38
7,0,1,22,36
7,0,1,23,40
7,0,1,24,36
7,0,1,25,38
7,0,1,26,40
7,0,1,27,40
7,0,1,28,34
7,0,1,29,38
7,0,1,30,38
7,0,1,31,34
7,0,1,32,34
7,0,1,33,38
7,0,1,34,38
7,0,1,35,38
7,0,1,36,40
7,0,1,37,40
7,0,1,38,36
7,0,1,39,38
7,0,1,40,34
7,0,1,41,40
7,0,1,42,36
7,0,1,43,38
7,0,1,44,42
7,0,1,45,34
7,0,1,46,38
7,0,1,47,38
7,0,1,48,40
7,0,1,49,38
7,0,1,50,36
7,0,1,51,36
7,0,1,52,36
7,0,1,53,32
7,0,1,54,40
7,0,1,55,36
7,0,1,56,36
7,0,1,57,36
7,0,1,58,34
7,0,1,59,36
7,0,1,60,38
7,0,1,61,36
7,0,1,62,36
7,0,1,63,34
7,0,2,0,36
7,0,2,1,34
7,0,2,2,36
7,0,2,3,38
7,0,2,4,38
7,0,2,5,36
7,0,2,6,34
7,0,2,7,40
7,0,2,8,38
7,0,2,9,32
7,0,2,10,40
7,0,2,11,36
7,0,2,12,36
7,0,2,13,40
7,0,2,14,40
7,0,2,15,38
7,0,2,16,34
7,0,2,17,36
7,0,2,18,32
7,0,2,19,32
7,0,2,20,34
7,0,2,21,36
7,0,2,22,36
7,0,2,23,36
7,0,2,24,36
7,0,2,25,36
7,0,2,26,34
7,0,2,27,36
7,0,2,28,36
7,0,2,29,34
7,0,2,30,34
7,0,2,31,34
7,0,2,32,36
7,0,2,33,32
7,0,2,34,40
7,0,2,35,38
7,0,2,36,36
7,0,2,37,46
7,0,2,38,34
7,0,2,39,36
7,0,2,40,36
7,0,2,41,38
7,0,2,42,36
7,0,2,43,36
7,0,2,44,34
7,0,2,45,34
7,0,2,46,36
7,0,2,47,36
7,0,2,48,36
7,0,2,49,38
7,0,2,50,36
7,0,2,51,36
7,0,2,52,40
7,0,2,53,36
7,0,2,54,32
7,0,2,55,34
7,0,2,56,34
7,0,2,57,40
7,0,2,58,38
7,0,2,59,34
7,0,2,60,40
7,0,2,61,40
7,0,2,62,36
7,0,2,63,38
7,0,3,0,38
7,0,3,1,36
7,0,3,2,34
7,0,3,3,38
7,0,3,4,36
7,0,3,5,38
7,0,3,6,38
7,0,3,7,36
7,0,3,8,40
7,0,3,9,36
7,0,3,10,38
7,0,3,11,36
7,0,3,12,36
7,0,3,13,38
7,0,3,14,34
7,0,3,15,38
7,0,3,16,40
7,0,3,17,40
7,0,3,18,38
7,0,3,19,36
7,0,3,20,36
7,0,3,21,36
7,0,3,22,36
7,0,3,23,34
7,0,3,24,36
7,0,3,25,38
7,0,3,26,36
7,0,3,27,38
7,0,3,28,40
7,0,3,29,40
7,0,3,30,36
7,0,3,31,36
7,0,3,32,40
7,0,3,33,38
7,0,3,34,38
7,0,3,35,36
7,0,3,36,40
7,0,3,37,38
7,0,3,38,40
7,0,3,39,38
7,0,3,40,36
7,0,3,41,38
7,0,3,42,36
7,0,3,43,36
7,0,3,44,36
7,0,3,45,38
7,0,3,46,34
7,0,3,47,36
7,0,3,48,36
7,0,3,49,36
7,0,3,50,38
7,0,3,51,40
7,0,3,52,42
7,0,3,53,40
7,0,3,54,36
7,0,3,55,40
7,0,3,56,38
7,0,3,57,34
7,0,3,58,36
7,0,3,59,36
7,0,3,60,36
7,0,3,61,38
7,0,3,62,38
7,0,3,63,42
7,0,4,0,36
7,0,4,1,40
7,0,4,2,36
7,0,4,3,38
7,0,4,4,38
7,0,4,5,36
7,0,4,6,34
7,0,4,7,42
7,0,4,8,36
7,0,4,9,38
7,0,4,10,38
7,0,4,11,36
7,0,4,12,34
7,0,4,13,36
7,0,4,14,38
7,0,4,15,36
7,0,4,16,38
7,0,4,17,32
7,0,4,18,38
7,0,4,19,36
7,0,4,20,34
7,0,4,21,38
7,0,4,22,36
7,0,4,23,36
7,0,4,24,32
7,0,4,25,38
7,0,4,26,34
7,0,4,27,38
7,0,4,28,40
7,0,4,29,34
7,0,4,30,36
7,0,4,31,38
7,0,4,32,36
7,0,4,33,34
7,0,4,34,36
7,0,4,35,36
7,0,4,36,36
7,0,4,37,40
7,0,4,38,36
7,0,4,39,36
7,0,4,40,38
7,0,4,41,36
7,0,4,42,36
7,0,4,43,38
7,0,4,44,34
7,0,4,45,38
7,0,4,46,48
7,0,4,47,36
7,0,4,48,36
7,0,4,49,36
7,0,4,50,36
7,0,4,51,38
7,0,4,52,34
7,0,4,53,36
7,0,4,54,38
7,0,4,55,38
7,0,4,56,40
7,0,4,57,36
7,0,4,58,36
7,0,4,59,40
7,0,4,60,34
7,0,4,61,40
7,0,4,62,36
7,0,4,63,40
7,0,5,0,36
7,0,5,1,36
7,0,5,2,38
7,0,5,3,38
7,0,5,4,36
7,0,5,5,40
7,0,5,6,34
7,0,5,7,38
7,0,5,8,34
7,0,5,9,34
7,0,5,10,34
7,0,5,11,38
7,0,5,12,40
7,0,5,13,38
7,0,5,14,40
7,0,5,15,36
7,0,5,16,38
7,0,5,17,38
7,0,5,18,36
7,0,5,19,36
7,0,5,20,36
7,0,5,21,34
7,0,5,22,38
7,0,5,23,34
7,0,5,24,38
7,0,5,25,38
7,0,5,26,36
7,0,5,27,34
7,0,5,28,32
7,0,5,29,36
7,0,5,30,42
7,0,5,31,34
7,0,5,32,40
7,0,5,33,38
7,0,5,34,36
7,0,5,35,32
7,0,5,36,38
7,0,5,37,34
7,0,5,38,38
7,0,5,39,42
7,0,5,40,36
7,0,5,41,40
7,0,5,42,36
7,0,5,43,38
7,0,5,44,46
7,0,5,45,34
7,0,5,46,34
7,0,5,47,40
7,0,5,48,36
7,0,5,49,36
7,0,5,50,36
7,0,5,51,34
7,0,5,52,40
7,0,5,53,40
7,0,5,54,34
7,0,5,55,32
7,0,5,56,36
7,0,5,57,36
7,0,5,58,36
7,0,5,59,36
7,0,5,60,32
7,0,5,61,36
7,0,5,62,32
7,0,5,63,38
7,0,6,0,34
7,0,6,1,42
7,0,6,2,36
7,0,6,3,34
7,0,6,4,36
7,0,6,5,34
7,0,6,6,36
7,0,6,7,36
7,0,6,8,38
7,0,6,9,38
7,0,6,10,34
7,0,6,11,36
7,0,6,12,38
7,0,6,13,38
7,0,6,14,36
7,0,6,15,38
7,0,6,16,34
7,0,6,17,34
7,0,6,18,34
7,0,6,19,36
7,0,6,20,34
7,0,6,21,36
7,0,6,22,36
7,0,6,23,40
7,0,6,24,38
7,0,6,25,36
7,0,6,26,38
7,0,6,27,34
7,0,6,28,38
7,0,6,29,36
7,0,6,30,38
7,0,6,31,36
7,0,6,32,32
7,0,6,33,36
7,0,6,34,34
7,0,6,35,34
7,0,6,36,36
7,0,6,37,34
7,0,6,38,36
7,0,6,39,38
7,0,6,40,32
7,0,6,41,38
7,0,6,42,38
7,0,6,43,34
7,0,6,44,32
7,0,6,45,38
7,0,6,46,34
7,0,6,47,36
7,0,6,48,36
7,0,6,49,36
7,0,6,50,38
7,0,6,51,36
7,0,6,52,34
7,0,6,53,36
7,0,6,54,36
7,0,6,55,40
7,0,6,56,40
7,0,6,57,36
7,0,6,58,36
7,0,6,59,40
7,0,6,60,36
7,0,6,61,36
7,0,6,62,34
7,0,6,63,36
7,0,7,0,40
7,0,7,1,38
7,0,7,2,38
7,0,7,3,40
7,0,7,4,38
7,0,7,5,40
7,0,7,6,38
7,0,7,7,38
7,0,7,8,44
7,0,7,9,36
7,0,7,10,36
7,0,7,11,36
7,0,7,12,40
7,0,7,13,34
7,0,7,14,42
7,0,7,15,34
7,0,7,16,38
7,0,7,17,36
7,0,7,18,38
7,0,7,19,34
7,0,7,20,38
7,0,7,21,34
7,0,7,22,36
7,0,7,23,38
7,0,7,24,36
7,0,7,25,38
7,0,7,26,36
7,0,7,27,36
7,0,7,28,36
7,0,7,29,40
7,0,7,30,36
7,0,7,31,38
7,0,7,32,36
7,0,7,33,38
7,0,7,34,40
7,0,7,35,40
7,0,7,36,40
7,0,7,37,34
7,0,7,38,32
7,0,7,39,34
7,0,7,40,36
7,0,7,41,42
7,0,7,42,40
7,0,7,43,34
7,0,7,44,40
7,0,7,45,36
7,0,7,46,32
7,0,7,47,42
7,0,7,48,36
7,0,7,49,36
7,0,7,50,38
7,0,7,51,36
7,0,7,52,34
7,0,7,53,36
7,0,7,54,40
7,0,7,55,42
7,0,7,56,36
7,0,7,57,36
7,0,7,58,38
7,0,7,59,38
7,0,7,60,40
7,0,7,61,38
7,0,7,62,36
7,0,7,63,38
7,0,8,0,44
7,0,8,1,36
7,0,8,2,38
7,0,8,3,40
7,0,8,4,36
7,0,8,5,38
7,0,8,6,34
7,0,8,7,36
7,0,8,8,38
7,0,8,9,38
7,0,8,10,36
7,0,8,11,38
7,0,8,12,32
7,0,8,13,36
7,0,8,14,36
7,0,8,15,40
7,0,8,16,36
7,0,8,17,38
7,0,8,18,38
7,0,8,19,36
7,0,8,20,36
7,0,8,21,38
7,0,8,22,34
7,0,8,23,38
7,0,8,24,38
7,0,8,25,34
7,0,8,26,40
7,0,8,27,36
7,0,8,28,34
7,0,8,29,38
7,0,8,30,38
7,0,8,31,36
7,0,8,32,32
7,0,8,33,38
7,0,8,34,32
7,0,8,35,36
7,0,8,36,34
7,0,8,37,36
7,0,8,38,34
7,0,8,39,40
7,0,8,40,34
7,0,8,41,38
7,0,8,42,40
7,0,8,43,36
7,0,8,44,40
7,0,8,45,38
7,0,8,46,34
7,0,8,47,36
7,0,8,48,36
7,0,8,49,36
7,0,8,50,38
7,0,8,51,36
7,0,8,52,40
7,0,8,53,36
7,0,8,54,36
7,0,8,55,36
7,0,8,56,34
7,0,8,57,36
7,0,8,58,36
7,0,8,59,40
7,0,8,60,36
7,0,8,61,38
7,0,8,62,38
7,0,8,63,38
7,0,9,0,36
7,0,9,1,38
7,0,9,2,38
7,0,9,3,38
7,0,9,4,36
7,0,9,5,36
7,0,9,6,38
7,0,9,7,34
7,0,9,8,36
7,0,9,9,38
7,0,9,10,34
7,0,9,11,36
7,0,9,12,34
7,0,9,13,38
7,0,9,14,38
7,0,9,15,36
7,0,9,16,36
7,0,9,17,36
7,0,9,18,40
7,0,9,19,34
7,0,9,20,40
7,0,9,21,36
7,0,9,22,36
7,0,9,23,36
7,0,9,24,32
7,0,9,25,36
7,0,9,26,34
7,0,9,27,36
7,0,9,28,32
7,0,9,29,38
7,0,9,30,34
7,0,9,31,36
7,0,9,32,38
7,0,9,33,40
7,0,9,34,38
7,0,9,35,36
7,0,9,36,32
7,0,9,37,34
7,0,9,38,36
7,0,9,39,38
7,0,9,40,32
7,0,9,41,36
7,0,9,42,36
7,0,9,43,36
7,0,9,44,32
7,0,9,45,38
7,0,9,46,40
7,0,9,47,36
7,0,9,48,36
7,0,9,49,36
7,0,9,50,36
7,0,9,51,38
7,0,9,52,38
7,0,9,53,36
7,0,9,54,36
7,0,9,55,36
7,0,9,56,36
7,0,9,57,36
7,0,9,58,36
7,0,9,59,40
7,0,9,60,36
7,0,9,61,34
7,0,9,62,34
7,0,9,63,36
7,0,10,0,38
7,0,10,1,40
7,0,10,2,36
7,0,10,3,40
7,0,10,4,34
7,0,10,5,38
7,0,10,6,38
7,0,10,7,36
7,0,10,8,36
7,0,10,9,40
7,0,10,10,36
7,0,10,11,38
7,0,10,12,36
7,0,10,13,36
7,0,10,14,32
7,0,10,15,36
7,0,10,16,38
7,0,10,17,42
7,0,10,18,38
7,0,10,19,38
7,0,10,20,42
7,0,10,21,36
7,0,10,22,34
7,0,10,23,36
7,0,10,24,38
7,0,10,25,38
7,0,10,26,38
7,0,10,27,34
7,0,10,28,40
7,0,10,29,36
7,0,10,30,32
7,0,10,31,40
7,0,10,32,34
7,0,10,33,36
7,0,10,34,36
7,0,10,35,34
7,0,10,36,40
7,0,10,37,38
7,0,10,38,34
7,0,10,39,40
7,0,10,40,38
7,0,10,41,36
7,0,10,42,36
7,0,10,43,38
7,0,10,44,32
7,0,10,45,38
7,0,10,46,36
7,0,10,47,38
7,0,10,48,34
7,0,10,49,34
7,0,10,50,36
7,0,10,51,36
7,0,10,52,36
7,0,10,53,38
7,0,10,54,38
7,0,10,55,44
7,0,10,56,40
7,0,10,57,38
7,0,10,58,38
7,0,10,59,36
7,0,10,60,36
7,0,10,61,36
7,0,10,62,36
7,0,10,63,38
7,0,11,0,36
7,0,11,1,36
7,0,11,2,34
7,0,11,3,34
7,0,11,4,36
7,0,11,5,36
7,0,11,6,38
7,0,11,7,42
7,0,11,8,40
7,0,11,9,34
7,0,11,10,38
7,0,11,11,38
7,0,11,12,38
7,0,11,13,38
7,0,11,14,34
7,0,11,15,36
7,0,11,16,34
7,0,11,17,38
7,0,11,18,40
7,0,11,19,36
7,0,11,20,36
7,0,11,21,38
7,0,11,22,34
7,0,11,23,38
7,0,11,24,36
7,0,11,25,34
7,0,11,26,36
7,0,11,27,34
7,0,11,28,36
7,0,11,29,34
7,0,11,30,34
7,0,11,31,40
7,0,11,32,36
7,0,11,33,36
7,0,11,34,36
7,0,11,35,36
7,0,11,36,38
7,0,11,37,36
7,0,11,38,36
7,0,11,39,34
7,0,11,40,36
7,0,11,41,40
7,0,11,42,36
7,0,11,43,36
7,0,11,44,40
7,0,11,45,36
7,0,11,46,38
7,0,11,47,38
7,0,11,48,36
7,0,11,49,40
7,0,11,50,36
7,0,11,51,38
7,0,11,52,34
7,0,11,53,38
7,0,11,54,32
7,0,11,55,36
7,0,11,56,34
7,0,11,57,34
7,0,11,58,34
7,0,11,59,36
7,0,11,60,38
7,0,11,61,34
7,0,11,62,42
7,0,11,63,36
7,0,12,0,38
7,0,12,1,38
7,0,12,2,36
7,0,12,3,38
7,0,12,4,36
7,0,12,5,38
7,0,12,6,34
7,0,12,7,38
7,0,12,8,34
7,0,12,9,34
7,0,12,10,34
7,0,12,11,36
7,0,12,12,42
7,0,12,13,38
7,0,12,14,40
7,0,12,15,36
7,0,12,16,36
7,0,12,17,40
7,0,12,18,40
7,0,12,19,42
7,0,12,20,36
7,0,12,21,32
7,0,12,22,38
7,0,12,23,36
7,0,12,24,40
7,0,12,25,38
7,0,12,26,40
7,0,12,27,36
7,0,12,28,36
7,0,12,29,38
7,0,12,30,34
7,0,12,31,36
7,0,12,32,42
7,0,12,33,34
7,0,12,34,36
7,0,12,35,38
7,0,12,36,38
7,0,12,37,42
7,0,12,38,38
7,0,12,39,40
7,0,12,40,36
7,0,12,41,36
7,0,12,42,40
7,0,12,43,38
7,0,12,44,36
7,0,12,45,40
7,0,12,46,40
7,0,12,47,40
7,0,12,48,38
7,0,12,49,40
7,0,12,50,36
7,0,12,51,38
7,0,12,52,36
7,0,12,53,46
7,0,12,54,34
7,0,12,55,36
7,0,12,56,38
7,0,12,57,38
7,0,12,58,40
7,0,12,59,38
7,0,12,60,42
7,0,12,61,36
7,0,12,62,34
7,0,12,63,40
7,0,13,0,36
7,0,13,1,36
7,0,13,2,38
7,0,13,3,34
7,0,13,4,34
7,0,13,5,38
7,0,13,6,36
7,0,13,7,36
7,0,13,8,42
7,0,13,9,38
7,0,13,10,40
7,0,13,11,40
7,0,13,12,38
7,0,13,13,40
7,0,13,14,36
7,0,13,15,36
7,0,13,16,34
7,0,13,17,36
7,0,13,18,34
7,0,13,19,36
7,0,13,20,40
7,0,13,21,40
7,0,13,22,38
7,0,13,23,34
7,0,13,24,36
7,0,13,25,42
7,0,13,26,36
7,0,13,27,40
7,0,13,28,38
7,0,13,29,38
7,0,13,30,38
7,0,13,31,38
7,0,13,32,38
7,0,13,33,34
7,0,13,34,36
7,0,13,35,38
7,0,13,36,34
7,0,13,37,34
7,0,13,38,36
7,0,13,39,36
7,0,13,40,34
7,0,13,41,38
7,0,13,42,38
7,0,13,43,48
7,0,13,44,40
7,0,13,45,36
7,0,13,46,40
7,0,13,47,38
7,0,13,48,42
7,0,13,49,38
7,0,13,50,40
7,0,13,51,36
7,0,13,52,36
7,0,13,53,40
7,0,13,54,36
7,0,13,55,36
7,0,13,56,36
7,0,13,57,32
7,0,13,58,34
7,0,13,59,34
7,0,13,60,38
7,0,13,61,40
7,0,13,62,38
7,0,13,63,38
7,0,14,0,38
7,0,14,1,36
7,0,14,2,36
7,0,14,3,38
7,0,14,4,34
7,0,14,5,40
7,0,14,6,38
7,0,14,7,36
7,0,14,8,32
7,0,14,9,36
7,0,14,10,38
7,0,14,11,40
7,0,14,12,36
7,0,14,13,36
7,0,14,14,40
7,0,14,15,36
7,0,14,16,36
7,0,14,17,38
7,0,14,18,40
7,0,14,19,38
7,0,14,20,36
7,0,14,21,36
7,0,14,22,36
7,0,14,23,32
7,0,14,24,34
7,0,14,25,36
7,0,14,26,34
7,0,14,27,38
7,0,14,28,38
7,0,14,29,36
7,0,14,30,40
7,0,14,31,38
7,0,14,32,36
7,0,14,33,38
7,0,14,34,40
7,0,14,35,36
7,0,14,36,36
7,0,14,37,36
7,0,14,38,38
7,0,14,39,38
7,0,14,40,36
7,0,14,41,40
7,0,14,42,34
7,0,14,43,38
7,0,14,44,36
7,0,14,45,34
7,0,14,46,36
7,0,14,47,34
7,0,14,48,38
7,0,14,49,38
7,0,14,50,36
7,0,14,51,40
7,0,14,52,40
7,0,14,53,38
7,0,14,54,38
7,0,14,55,40
7,0,14,56,40
7,0,14,57,36
7,0,14,58,38
7,0,14,59,38
7,0,14,60,38
7,0,14,61,40
7,0,14,62,36
7,0,14,63,36
7,1,0,0,36
7,1,0,1,40
7,1,0,2,38
7,1,0,3,40
7,1,0,4,38
7,1,0,5,32
7,1,0,6,36
7,1,0,7,38
7,1,0,8,32
7,1,0,9,36
7,1,0,10,40
7,1,0,11,40
7,1,0,12,36
7,1,0,13,34
7,1,0,14,32
7,1,0,15,36
7,1,0,16,34
7,1,0,17,36
7,1,0,18,38
7,1,0,19,40
7,1,0,20,38
7,1,0,21,36
7,1,0,22,36
7,1,0,23,34
7,1,0,24,34
7,1,0,25,34
7,1,0,26,40
7,1,0,27,38
7,1,0,28,38
7,1,0,29,38
7,1,0,30,34
7,1,0,31,40
7,1,0,32,38
7,1,0,33,34
7,1,0,34,36
7,1,0,35,38
7,1,0,36,38
7,1,0,37,36
7,1,0,38,34
7,1,0,39,38
7,1,0,40,44
7,1,0,41,36
7,1,0,42,40
7,1,0,43,40
7,1,0,44,34
7,1,0,45,34
7,1,0,46,34
7,1,0,47,36
7,1,0,48,40
7,1,0,49,36
7,1,0,50,38
7,1,0,51,38
7,1,0,52,38
7,1,0,53,38
7,1,0,54,34
7,1,0,55,36
7,1,0,56,34
7,1,0,57,38
7,1,0,58,36
7,1,0,59,38
7,1,0,60,40
7,1,0,61,34
7,1,0,62,36
7,1,0,63,38
7,1,1,0,36
7,1,1,1,38
7,1,1,2,32
7,1,1,3,34
7,1,1,4,36
7,1,1,5,36
7,1,1,6,38
7,1,1,7,36
7,1,1,8,36
7,1,1,9,34
7,1,1,10,36
7,1,1,11,34
7,1,1,12,42
7,1,1,13,36
7,1,1,14,38
7,1,1,15,36
7,1,1,16,38
7,1,1,17,38
7,1,1,18,38
7,1,1,19,36
7,1,1,20,38
7,1,1,21,34
7,1,1,22,36
7,1,1,23,36
7,1,1,24,34
7,1,1,25,40
7,1,1,26,36
7,1,1,27,40
7,1,1,28,36
7,1,1,29,38
7,1,1,30,36
7,1,1,31,38
7,1,1,32,40
7,1,1,33,36
7,1,1,34,36
7,1,1,35,38
7,1,1,36,38
7,1,1,37,38
7,1,1,38,40
7,1,1,39,36
7,1,1,40,36
7,1,1,41,40
7,1,1,42,36
7,1,1,43,38
7,1,1,44,38
7,1,1,45,34
7,1,1,46,36
7,1,1,47,36
7,1,1,48,34
7,1,1,49,40
7,1,1,50,38
7,1,1,51,36
7,1,1,52,36
7,1,1,53,34
7,1,1,54,38
7,1,1,55,40
7,1,1,56,42
7,1,1,57,36
7,1,1,58,42
7,1,1,59,38
7,1,1,60,36
7,1,1,61,34
7,1,1,62,40
7,1,1,63,36
7,1,2,0,38
7,1,2,1,38
7,1,2,2,38
7,1,2,3,38
7,1,2,4,38
7,1,2,5,36
7,1,2,6,34
7,1,2,7,38
7,1,2,8,36
7,1,2,9,36
7,1,2,10,34
7,1,2,11,42
7,1,2,12,40
7,1,2,13,36
7,1,2,14,36
7,1,2,15,36
7,1,2,16,36
7,1,2,17,38
7,1,2,18,38
7,1,2,19,38
7,1,2,20,34
7,1,2,21,34
7,1,2,22,36
7,1,2,23,42
7,1,2,24,40
7,1,2,25,36
7,1,2,26,38
7,1,2,27,38
7,1,2,28,36
7,1,2,29,48
7,1,2,30,34
7,1,2,31,36
7,1,2,32,36
7,1,2,33,36
7,1,2,34,36
7,1,2,35,40
7,1,2,36,36
7,1,2,37,40
7,1,2,38,36
7,1,2,39,36
7,1,2,40,42
7,1,2,41,38
7,1,2,42,40
7,1,2,43,36
7,1,2,44,38
7,1,2,45,32
7,1,2,46,38
7,1,2,47,42
7,1,2,48,38
7,1,2,49,38
7,1,2,50,36
7,1,2,51,38
7,1,2,52,42
7,1,2,53,40
7,1,2,54,38
7,1,2,55,38
7,1,2,56,38
7,1,2,57,34
7,1,2,58,32
7,1,2,59,36
7,1,2,60,40
7,1,2,61,36
7,1,2,62,38
7,1,2,63,38
7,1,3,0,38
7,1,3,1,34
7,1,3,2,38
7,1,3,3,38
7,1,3,4,38
7,1,3,5,36
7,1,3,6,34
7,1,3,7,40
7,1,3,8,38
7,1,3,9,38
7,1,3,10,34
7,1,3,11,36
7,1,3,12,36
7,1,3,13,36
7,1,3,14,38
7,1,3,15,34
7,1,3,16,40
7,1,3,17,36
7,1,3,18,38
7,1,3,19,36
7,1,3,20,40
7,1,3,21,40
7,1,3,22,34
7,1,3,23,40
7,1,3,24,36
7,1,3,25,34
7,1,3,26,36
7,1,3,27,40
7,1,3,28,40
7,1,3,29,36
7,1,3,30,40
7,1,3,31,42
7,1,3,32,36
7,1,3,33,36
7,1,3,34,40
7,1,3,35,34
7,1,3,36,36
7,1,3,37,36
7,1,3,38,40
7,1,3,39,34
7,1,3,40,36
7,1,3,41,36
7,1,3,42,36
7,1,3,43,36
7,1,3,44,40
7,1,3,45,36
7,1,3,46,36
7,1,3,47,38
7,1,3,48,38
7,1,3,49,38
7,1,3,50,40
7,1,3,51,38
7,1,3,52,32
7,1,3,53,34
7,1,3,54,42
7,1,3,55,38
7,1,3,56,40
7,1,3,57,38
7,1,3,58,38
7,1,3,59,36
7,1,3,60,40
7,1,3,61,36
7,1,3,62,42
7,1,3,63,34
7,1,4,0,36
7,1,4,1,38
7,1,4,2,36
7,1,4,3,38
7,1,4,4,36
7,1,4,5,36
7,1,4,6,40
7,1,4,7,36
7,1,4,8,40
7,1,4,9,36
7,1,4,10,40
7,1,4,11,36
7,1,4,12,36
7,1,4,13,36
7,1,4,14,36
7,1,4,15,36
7,1,4,16,36
7,1,4,17,38
7,1,4,18,36
7,1,4,19,38
7,1,4,20,38
7,1,4,21,36
7,1,4,22,36
7,1,4,23,38
7,1,4,24,38
7,1,4,25,36
7,1,4,26,34
7,1,4,27,34
7,1,4,28,36
7,1,4,29,34
7,1,4,30,38
7,1,4,31,36
7,1,4,32,38
7,1,4,33,38
7,1,4,34,36
7,1,4,35,34
7,1,4,36,36
7,1,4,37,36
7,1,4,38,32
7,1,4,39,34
7,1,4,40,36
7,1,4,41,36
7,1,4,42,36
7,1,4,43,36
7,1,4,44,36
7,1,4,45,40
7,1,4,46,36
7,1,4,47,36
7,1,4,48,38
7,1,4,49,32
7,1,4,50,38
7,1,4,51,38
7,1,4,52,36
7,1,4,53,36
7,1,4,54,36
7,1,4,55,38
7,1,4,56,34
7,1,4,57,38
7,1,4,58,36
7,1,4,59,34
7,1,4,60,40
7,1,4,61,36
7,1,4,62,40
7,1,4,63,36
7,1,5,0,40
7,1,5,1,36
7,1,5,2,38
7,1,5,3,34
7,1,5,4,38
7,1,5,5,40
7,1,5,6,36
7,1,5,7,38
7,1,5,8,38
7,1,5,9,40
7,1,5,10,36
7,1,5,11,36
7,1,5,12,38
7,1,5,13,40
7,1,5,14,36
7,1,5,15,34
7,1,5,16,36
7,1,5,17,36
7,1,5,18,38
7,1,5,19,34
7,1,5,20,36
7,1,5,21,38
7,1,5,22,40
7,1,5,23,36
7,1,5,24,40
7,1,5,25,38
7,1,5,26,38
7,1,5,27,40
7,1,5,28,34
7,1,5,29,36
7,1,5,30,38
7,1,5,31,36
7,1,5,32,40
7,1,5,33,40
7,1,5,34,38
7,1,5,35,34
7,1,5,36,40
7,1,5,37,40
7,1,5,38,36
7,1,5,39,36
7,1,5,40,36
7,1,5,41,36
7,1,5,42,32
7,1,5,43,40
7,1,5,44,38
7,1,5,45,34
7,1,5,46,38
7,1,5,47,34
7,1,5,48,36
7,1,5,49,34
7,1,5,50,38
7,1,5,51,34
7,1,5,52,36
7,1,5,53,38
7,1,5,54,40
7,1,5,55,38
7,1,5,56,38
7,1,5,57,36
7,1,5,58,36
7,1,5,59,36
7,1,5,60,38
7,1,5,61,36
7,1,5,62,36
7,1,5,63,34
7,1,6,0,36
7,1,6,1,36
7,1,6,2,34
7,1,6,3,40
7,1,6,4,36
7,1,6,5,36
7,1,6,6,42
7,1,6,7,38
7,1,6,8,34
7,1,6,9,34
7,1,6,10,38
7,1,6,11,38
7,1,6,12,40
7,1,6,13,40
7,1,6,14,36
7,1,6,15,36
7,1,6,16,36
7,1,6,17,42
7,1,6,18,40
7,1,6,19,36
7,1,6,20,38
7,1,6,21,36
7,1,6,22,38
7,1,6,23,38
7,1,6,24,40
7,1,6,25,34
7,1,6,26,38
7,1,6,27,38
7,1,6,28,34
7,1,6,29,36
7,1,6,30,38
7,1,6,31,38
7,1,6,32,40
7,1,6,33,42
7,1,6,34,34
7,1,6,35,36
7,1,6,36,34
7,1,6,37,40
7,1,6,38,42
7,1,6,39,36
7,1,6,40,36
7,1,6,41,36
7,1,6,42,36
7,1,6,43,36
7,1,6,44,34
7,1,6,45,38
7,1,6,46,32
7,1,6,47,40
7,1,6,48,38
7,1,6,49,36
7,1,6,50,38
7,1,6,51,38
7,1,6,52,38
7,1,6,53,38
7,1,6,54,36
7,1,6,55,38
7,1,6,56,40
7,1,6,57,40
7,1,6,58,40
7,1,6,59,34
7,1,6,60,40
7,1,6,61,36
7,1,6,62,40
7,1,6,63,40
7,1,7,0,36
7,1,7,1,34
7,1,7,2,36
7,1,7,3,36
7,1,7,4,36
7,1,7,5,36
7,1,7,6,38
7,1,7,7,36
7,1,7,8,38
7,1,7,9,40
7,1,7,10,44
7,1,7,11,40
7,1,7,12,36
7,1,7,13,38
7,1,7,14,36
7,1,7,15,38
7,1,7,16,38
7,1,7,17,36
7,1,7,18,40
7,1,7,19,32
7,1,7,20,36
7,1,7,21,32
7,1,7,22,36
7,1,7,23,34
7,1,7,24,36
7,1,7,25,42
7,1,7,26,36
7,1,7,27,36
7,1,7,28,34
7,1,7,29,38
7,1,7,30,34
7,1,7,31,36
7,1,7,32,38
7,1,7,33,36
7,1,7,34,40
7,1,7,35,38
7,1,7,36,36
7,1,7,37,36
7,1,7,38,40
7,1,7,39,38
7,1,7,40,38
7,1,7,41,36
7,1,7,42,36
7,1,7,43,38
7,1,7,44,36
7,1,7,45,34
7,1,7,46,38
7,1,7,47,40
7,1,7,48,34
7,1,7,49,36
7,1,7,50,36
7,1,7,51,36
7,1,7,52,40
7,1,7,53,36
7,1,7,54,34
7,1,7,55,38
7,1,7,56,38
7,1,7,57,40
7,1,7,58,38
7,1,7,59,36
7,1,7,60,38
7,1,7,61,38
7,1,7,62,38
7,1,7,63,38
7,1,8,0,40
7,1,8,1,36
7,1,8,2,36
7,1,8,3,38
7,1,8,4,36
7,1,8,5,38
7,1,8,6,38
7,1,8,7,38
7,1,8,8,32
7,1,8,9,34
7,1,8,10,38
7,1,8,11,46
7,1,8,12,36
7,1,8,13,38
7,1,8,14,38
7,1,8,15,36
7,1,8,16,36
7,1,8,17,34
7,1,8,18,40
7,1,8,19,38
7,1,8,20,36
7,1,8,21,36
7,1,8,22,34
7,1,8,23,36
7,1,8,24,40
7,1,8,25,40
7,1,8,26,40
7,1,8,27,38
7,1,8,28,36
7,1,8,29,38
7,1,8,30,40
7,1,8,31,34
7,1,8,32,36
7,1,8,33,38
7,1,8,34,36
7,1,8,35,36
7,1,8,36,38
7,1,8,37,38
7,1,8,38,38
7,1,8,39,38
7,1,8,40,34
7,1,8,41,36
7,1,8,42,36
7,1,8,43,40
7,1,8,44,36
7,1,8,45,36
7,1,8,46,34
7,1,8,47,36
7,1,8,48,38
7,1,8,49,40
7,1,8,50,38
7,1,8,51,36
7,1,8,52,36
7,1,8,53,34
7,1,8,54,40
7,1,8,55,38
7,1,8,56,40
7,1,8,57,34
7,1,8,58,36
7,1,8,59,38
7,1,8,60,34
7,1,8,61,36
7,1,8,62,36
7,1,8,63,38
7,1,9,0,34
7,1,9,1,36
7,1,9,2,36
7,1,9,3,36
7,1,9,4,40
7,1,9,5,38
7,1,9,6,38
7,1,9,7,36
7,1,9,8,36
7,1,9,9,38
7,1,9,10,38
7,1,9,11,36
7,1,9,12,38
7,1,9,13,34
7,1,9,14,34
7,1,9,15,36
7,1,9,16,36
7,1,9,17,38
7,1,9,18,34
7,1,9,19,38
7,1,9,20,36
7,1,9,21,36
7,1,9,22,36
7,1,9,23,40
7,1,9,24,38
7,1,9,25,38
7,1,9,26,42
7,1,9,27,38
7,1,9,28,34
7,1,9,29,40
7,1,9,30,32
7,1,9,31,40
7,1,9,32,36
7,1,9,33,36
7,1,9,34,36
7,1,9,35,34
7,1,9,36,36
7,1,9,37,36
7,1,9,38,38
7,1,9,39,36
7,1,9,40,36
7,1,9,41,36
7,1,9,42,36
7,1,9,43,34
7,1,9,44,36
7,1,9,45,36
7,1,9,46,36
7,1,9,47,36
7,1,9,48,38
7,1,9,49,38
7,1,9,50,36
7,1,9,51,36
7,1,9,52,38
7,1,9,53,36
7,1,9,54,38
7,1,9,55,38
7,1,9,56,38
7,1,9,57,36
7,1,9,58,42
7,1,9,59,38
7,1,9,60,36
7,1,9,61,34
7,1,9,62,34
7,1,9,63,42
7,1,10,0,34
7,1,10,1,34
7,1,10,2,38
7,1,10,3,40
7,1,10,4,36
7,1,10,5,34
7,1,10,6,34
7,1,10,7,38
7,1,10,8,38
7,1,10,9,38
7,1,10,10,36
7,1,10,11,34
7,1,10,12,36
7,1,10,13,38
7,1,10,14,36
7,1,10,15,40
7,1,10,16,34
7,1,10,17,36
7,1,10,18,38
7,1,10,19,38
7,1,10,20,40
7,1,10,21,36
7,1,10,22,38
7,1,10,23,36
7,1,10,24,36
7,1,10,25,36
7,1,10,26,38
7,1,10,27,36
7,1,10,28,36
7,1,10,29,34
7,1,10,30,38
7,1,10,31,38
7,1,10,32,38
7,1,10,33,42
7,1,10,34,36
7,1,10,35,32
7,1,10,36,34
7,1,10,37,36
7,1,10,38,34
7,1,10,39,40
7,1,10,40,38
7,1,10,41,34
7,1,10,42,36
7,1,10,43,34
7,1,10,44,36
7,1,10,45,36
7,1,10,46,34
7,1,10,47,38
7,1,10,48,34
7,1,10,49,34
7,1,10,50,34
7,1,10,51,36
7,1,10,52,34
7,1,10,53,40
7,1,10,54,36
7,1,10,55,36
7,1,10,56,36
7,1,10,57,38
7,1,10,58,42
7,1,10,59,36
7,1,10,60,50
7,1,10,61,32
7,1,10,62,38
7,1,10,63,36
7,1,11,0,38
7,1,11,1,40
7,1,11,2,38
7,1,11,3,38
7,1,11,4,36
7,1,11,5,38
7,1,11,6,40
7,1,11,7,38
7,1,11,8,38
7,1,11,9,36
7,1,11,10,36
7,1,11,11,36
7,1,11,12,34
7,1,11,13,38
7,1,11,14,38
7,1,11,15,40
7,1,11,16,36
7,1,11,17,38
7,1,11,18,36
7,1,11,19,36
7,1,11,20,34
7,1,11,21,40
7,1,11,22,38
7,1,11,23,38
7,1,11,24,36
7,1,11,25,38
7,1,11,26,38
7,1,11,27,38
7,1,11,28,40
7,1,11,29,36
7,1,11,30,34
7,1,11,31,36
7,1,11,32,36
7,1,11,33,34
7,1,11,34,36
7,1,11,35,38
7,1,11,36,38
7,1,11,37,38
7,1,11,38,36
7,1,11,39,36
7,1,11,40,38
7,1,11,41,36
7,1,11,42,36
7,1,11,43,36
7,1,11,44,40
7,1,11,45,34
7,1,11,46,36
7,1,11,47,36
7,1,11,48,38
7,1,11,49,38
7,1,11,50,34
7,1,11,51,38
7,1,11,52,40
7,1,11,53,36
7,1,11,54,36
7,1,11,55,42
7,1,11,56,38
7,1,11,57,38
7,1,11,58,36
7,1,11,59,36
7,1,11,60,36
7,1,11,61,38
7,1,11,62,40
7,1,11,63,34
7,1,12,0,40
7,1,12,1,36
7,1,12,2,34
7,1,12,3,40
7,1,12,4,36
7,1,12,5,36
7,1,12,6,42
7,1,12,7,36
7,1,12,8,34
7,1,12,9,38
7,1,12,10,36
7,1,12,11,42
7,1,12,12,32
7,1,12,13,38
7,1,12,14,40
7,1,12,15,38
7,1,12,16,34
7,1,12,17,36
7,1,12,18,40
7,1,12,19,36
7,1,12,20,36
7,1,12,21,40
7,1,12,22,38
7,1,12,23,42
7,1,12,24,36
7,1,12,25,38
7,1,12,26,40
7,1,12,27,36
7,1,12,28,40
7,1,12,29,36
7,1,12,30,40
7,1,12,31,40
7,1,12,32,36
7,1,12,33,38
7,1,12,34,38
7,1,12,35,36
7,1,12,36,34
7,1,12,37,38
7,1,12,38,32
7,1,12,39,50
7,1,12,40,36
7,1,12,41,36
7,1,12,42,38
7,1,12,43,40
7,1,12,44,36
7,1,12,45,40
7,1,12,46,40
7,1,12,47,36
7,1,12,48,36
7,1,12,49,32
7,1,12,50,38
7,1,12,51,36
7,1,12,52,36
7,1,12,53,34
7,1,12,54,36
7,1,12,55,38
7,1,12,56,40
7,1,12,57,40
7,1,12,58,40
7,1,12,59,32
7,1,12,60,42
7,1,12,61,38
7,1,12,62,34
7,1,12,63,42
7,1,13,0,36
7,1,13,1,38
7,1,13,2,36
7,1,13,3,36
7,1,13,4,40
7,1,13,5,36
7,1,13,6,36
7,1,13,7,40
7,1,13,8,34
7,1,13,9,38
7,1,13,10,42
7,1,13,11,40
7,1,13,12,40
7,1,13,13,38
7,1,13,14,36
7,1,13,15,36
7,1,13,16,36
7,1,13,17,36
7,1,13,18,36
7,1,13,19,38
7,1,13,20,36
7,1,13,21,38
7,1,13,22,38
7,1,13,23,36
7,1,13,24,36
7,1,13,25,34
7,1,13,26,38
7,1,13,27,36
7,1,13,28,36
7,1,13,29,42
7,1,13,30,38
7,1,13,31,36
7,1,13,32,36
7,1,13,33,34
7,1,13,34,36
7,1,13,35,40
7,1,13,36,36
7,1,13,37,38
7,1,13,38,36
7,1,13,39,38
7,1,13,40,38
7,1,13,41,40
7,1,13,42,38
7,1,13,43,40
7,1,13,44,38
7,1,13,45,38
7,1,13,46,36
7,1,13,47,38
7,1,13,48,40
7,1,13,49,38
7,1,13,50,40
7,1,13,51,34
7,1,13,52,36
7,1,13,53,36
7,1,13,54,34
7,1,13,55,38
7,1,13,56,40
7,1,13,57,50
7,1,13,58,36
7,1,13,59,36
7,1,13,60,40
7,1,13,61,38
7,1,13,62,40
7,1,13,63,38
7,1,14,0,34
7,1,14,1,38
7,1,14,2,40
7,1,14,3,40
7,1,14,4,38
7,1,14,5,38
7,1,14,6,38
7,1,14,7,40
7,1,14,8,40
7,1,14,9,36
7,1,14,10,36
7,1,14,11,38
7,1,14,12,36
7,1,14,13,40
7,1,14,14,38
7,1,14,15,38
7,1,14,16,36
7,1,14,17,40
7,1,14,18,36
7,1,14,19,40
7,1,14,20,38
7,1,14,21,40
7,1,14,22,40
7,1,14,23,38
7,1,14,24,38
7,1,14,25,36
7,1,14,26,38
7,1,14,27,38
7,1,14,28,36
7,1,14,29,36
7,1,14,30,38
7,1,14,31,38
7,1,14,32,40
7,1,14,33,36
7,1,14,34,38
7,1,14,35,36
7,1,14,36,36
7,1,14,37,34
7,1,14,38,40
7,1,14,39,38
7,1,14,40,38
7,1,14,41,32
7,1,14,42,40
7,1,14,43,34
7,1,14,44,36
7,1,14,45,34
7,1,14,46,34
7,1,14,47,38
7,1,14,48,38
7,1,14,49,36
7,1,14,50,34
7,1,14,51,34
7,1,14,52,38
7,1,14,53,36
7,1,14,54,36
7,1,14,55,40
7,1,14,56,36
7,1,14,57,36
7,1,14,58,36
7,1,14,59,38
7,1,14,60,36
7,1,14,61,34
7,1,14,62,38
7,1,14,63,36
7,2,0,0,70
7,2,0,1,76
7,2,0,2,80
7,2,0,3,70
7,2,0,4,66
7,2,0,5,38
7,2,0,6,42
7,2,0,7,38
7,2,0,8,70
7,2,0,9,66
7,2,0,10,74
7,2,0,11,70
7,2,0,12,66
7,2,0,13,66
7,2,0,14,72
7,2,0,15,70
7,2,0,16,66
7,2,0,17,74
7,2,0,18,70
7,2,0,19,74
7,2,0,20,66
7,2,0,21,68
7,2,0,22,74
7,2,0,23,34
7,2,0,24,62
7,2,0,25,40
7,2,0,26,40
7,2,0,27,34
7,2,0,28,38
7,2,0,29,34
7,2,0,30,72
7,2,0,31,76
7,2,0,32,38
7,2,0,33,34
7,2,0,34,36
7,2,0,35,32
7,2,0,36,34
7,2,0,37,86
7,2,0,38,38
7,2,0,39,36
7,2,0,40,72
7,2,0,41,34
7,2,0,42,68
7,2,0,43,64
7,2,0,44,34
7,2,0,45,38
7,2,0,46,40
7,2,0,47,64
7,2,0,48,72
7,2,0,49,78
7,2,0,50,66
7,2,0,51,68
7,2,0,52,72
7,2,0,53,72
7,2,0,54,36
7,2,0,55,36
7,2,0,56,40
7,2,0,57,38
7,2,0,58,36
7,2,0,59,34
7,2,0,60,52
7,2,0,61,38
7,2,0,62,34
7,2,0,63,36
7,2,1,0,36
7,2,1,1,36
7,2,1,2,36
7,2,1,3,40
7,2,1,4,36
7,2,1,5,36
7,2,1,6,38
7,2,1,7,36
7,2,1,8,36
7,2,1,9,36
7,2,1,10,36
7,2,1,11,38
7,2,1,12,36
7,2,1,13,36
7,2,1,14,38
7,2,1,15,36
7,2,1,16,38
7,2,1,17,38
7,2,1,18,32
7,2,1,19,36
7,2,1,20,38
7,2,1,21,34
7,2,1,22,36
7,2,1,23,40
7,2,1,24,40
7,2,1,25,40
7,2,1,26,40
7,2,1,27,34
7,2,1,28,38
7,2,1,29,38
7,2,1,30,38
7,2,1,31,36
7,2,1,32,38
7,2,1,33,34
7,2,1,34,36
7,2,1,35,38
7,2,1,36,36
7,2,1,37,36
7,2,1,38,32
7,2,1,39,38
7,2,1,40,34
7,2,1,41,38
7,2,1,42,38
7,2,1,43,38
7,2,1,44,36
7,2,1,45,40
7,2,1,46,36
7,2,1,47,40
7,2,1,48,38
7,2,1,49,38
7,2,1,50,38
7,2,1,51,36
7,2,1,52,36
7,2,1,53,38
7,2,1,54,36
7,2,1,55,36
7,2,1,56,38
7,2,1,57,38
7,2,1,58,36
7,2,1,59,38
7,2,1,60,38
7,2,1,61,36
7,2,1,62,36
7,2,1,63,40
7,2,2,0,40
7,2,2,1,42
7,2,2,2,38
7,2,2,3,36
7,2,2,4,38
7,2,2,5,40
7,2,2,6,38
7,2,2,7,38
7,2,2,8,32
7,2,2,9,36
7,2,2,10,40
7,2,2,11,36
7,2,2,12,36
7,2,2,13,40
7,2,2,14,34
7,2,2,15,36
7,2,2,16,38
7,2,2,17,40
7,2,2,18,34
7,2,2,19,36
7,2,2,20,36
7,2,2,21,40
7,2,2,22,38
7,2,2,23,36
7,2,2,24,40
7,2,2,25,36
7,2,2,26,38
7,2,2,27,38
7,2,2,28,40
7,2,2,29,36
7,2,2,30,38
7,2,2,31,36
7,2,2,32,38
7,2,2,33,36
7,2,2,34,36
7,2,2,35,34
7,2,2,36,34
7,2,2,37,38
7,2,2,38,36
7,2,2,39,36
7,2,2,40,40
7,2,2,41,36
7,2,2,42,38
7,2,2,43,38
7,2,2,44,40
7,2,2,45,36
7,2,2,46,36
7,2,2,47,40
7,2,2,48,36
7,2,2,49,34
7,2,2,50,40
7,2,2,51,38
7,2,2,52,38
7,2,2,53,34
7,2,2,54,40
7,2,2,55,48
7,2,2,56,40
7,2,2,57,40
7,2,2,58,40
7,2,2,59,36
7,2,2,60,36
7,2,2,61,32
7,2,2,62,36
7,2,2,63,38
7,2,3,0,38
7,2,3,1,36
7,2,3,2,38
7,2,3,3,50
7,2,3,4,36
7,2,3,5,38
7,2,3,6,36
7,2,3,7,36
7,2,3,8,38
7,2,3,9,40
7,2,3,10,38
7,2,3,11,40
7,2,3,12,36
7,2,3,13,36
7,2,3,14,36
7,2,3,15,38
7,2,3,16,38
7,2,3,17,34
7,2,3,18,40
7,2,3,19,32
7,2,3,20,36
7,2,3,21,36
7,2,3,22,38
7,2,3,23,36
7,2,3,24,38
7,2,3,25,40
7,2,3,26,36
7,2,3,27,36
7,2,3,28,38
7,2,3,29,36
7,2,3,30,40
7,2,3,31,38
7,2,3,32,38
7,2,3,33,36
7,2,3,34,36
7,2,3,35,38
7,2,3,36,32
7,2,3,37,36
7,2,3,38,38
7,2,3,39,38
7,2,3,40,36
7,2,3,41,38
7,2,3,42,38
7,2,3,43,38
7,2,3,44,36
7,2,3,45,36
7,2,3,46,34
7,2,3,47,40
7,2,3,48,40
7,2,3,49,36
7,2,3,50,34
7,2,3,51,38
7,2,3,52,38
7,2,3,53,34
7,2,3,54,32
7,2,3,55,36
7,2,3,56,36
7,2,3,57,34
7,2,3,58,36
7,2,3,59,38
7,2,3,60,34
7,2,3,61,34
7,2,3,62,34
7,2,3,63,36
7,2,4,0,32
7,2,4,1,38
7,2,4,2,38
7,2,4,3,38
7,2,4,4,36
7,2,4,5,36
7,2,4,6,38
7,2,4,7,40
7,2,4,8,38
7,2,4,9,36
7,2,4,10,36
7,2,4,11,36
7,2,4,12,32
7,2,4,13,36
7,2,4,14,32
7,2,4,15,36
7,2,4,16,36
7,2,4,17,42
7,2,4,18,40
7,2,4,19,38
7,2,4,20,40
7,2,4,21,38
7,2,4,22,40
7,2,4,23,36
7,2,4,24,34
7,2,4,25,34
7,2,4,26,38
7,2,4,27,34
7,2,4,28,34
7,2,4,29,36
7,2,4,30,34
7,2,4,31,38
7,2,4,32,36
7,2,4,33,36
7,2,4,34,36
7,2,4,35,32
7,2,4,36,32
7,2,4,37,34
7,2,4,38,34
7,2,4,39,38
7,2,4,40,38
7,2,4,41,34
7,2,4,42,32
7,2,4,43,34
7,2,4,44,32
7,2,4,45,36
7,2,4,46,36
7,2,4,47,38
7,2,4,48,40
7,2,4,49,36
7,2,4,50,34
7,2,4,51,36
7,2,4,52,36
7,2,4,53,36
7,2,4,54,38
7,2,4,55,34
7,2,4,56,32
7,2,4,57,36
7,2,4,58,38
7,2,4,59,40
7,2,4,60,36
7,2,4,61,38
7,2,4,62,36
7,2,4,63,32
7,2,5,0,34
7,2,5,1,40
7,2,5,2,36
7,2,5,3,40
7,2,5,4,36
7,2,5,5,38
7,2,5,6,36
7,2,5,7,36
7,2,5,8,36
7,2,5,9,38
7,2,5,10,40
7,2,5,11,40
7,2,5,12,38
7,2,5,13,34
7,2,5,14,38
7,2,5,15,38
7,2,5,16,36
7,2,5,17,34
7,2,5,18,34
7,2,5,19,32
7,2,5,20,36
7,2,5,21,34
7,2,5,22,38
7,2,5,23,36
7,2,5,24,38
7,2,5,25,38
7,2,5,26,34
7,2,5,27,38
7,2,5,28,36
7,2,5,29,36
7,2,5,30,40
7,2,5,31,38
7,2,5,32,36
7,2,5,33,36
7,2,5,34,40
7,2,5,35,36
7,2,5,36,42
7,2,5,37,38
7,2,5,38,34
7,2,5,39,38
7,2,5,40,36
7,2,5,41,38
7,2,5,42,34
7,2,5,43,44
7,2,5,44,38
7,2,5,45,36
7,2,5,46,36
7,2,5,47,38
7,2,5,48,34
7,2,5,49,36
7,2,5,50,36
7,2,5,51,36
7,2,5,52,40
7,2,5,53,40
7,2,5,54,38
7,2,5,55,40
7,2,5,56,34
7,2,5,57,38
7,2,5,58,38
7,2,5,59,34
7,2,5,60,38
7,2,5,61,38
7,2,5,62,36
7,2,5,63,40
7,2,6,0,40
7,2,6,1,36
7,2,6,2,38
7,2,6,3,36
7,2,6,4,36
7,2,6,5,34
7,2,6,6,40
7,2,6,7,36
7,2,6,8,36
7,2,6,9,38
7,2,6,10,36
7,2,6,11,36
7,2,6,12,34
7,2,6,13,36
7,2,6,14,36
7,2,6,15,38
7,2,6,16,36
7,2,6,17,36
7,2,6,18,40
7,2,6,19,34
7,2,6,20,36
7,2,6,21,38
7,2,6,22,32
7,2,6,23,40
7,2,6,24,36
7,2,6,25,36
7,2,6,26,38
7,2,6,27,40
7,2,6,28,36
7,2,6,29,40
7,2,6,30,36
7,2,6,31,38
7,2,6,32,36
7,2,6,33,38
7,2,6,34,34
7,2,6,35,38
7,2,6,36,34
7,2,6,37,38
7,2,6,38,36
7,2,6,39,40
7,2,6,40,38
7,2,6,41,38
7,2,6,42,38
7,2,6,43,34
7,2,6,44,34
7,2,6,45,38
7,2,6,46,34
7,2,6,47,40
7,2,6,48,36
7,2,6,49,38
7,2,6,50,34
7,2,6,51,36
7,2,6,52,32
7,2,6,53,34
7,2,6,54,34
7,2,6,55,36
7,2,6,56,36
7,2,6,57,38
7,2,6,58,34
7,2,6,59,36
7,2,6,60,38
7,2,6,61,38
7,2,6,62,38
7,2,6,63,36
7,2,7,0,38
7,2,7,1,40
7,2,7,2,40
7,2,7,3,34
7,2,7,4,36
7,2,7,5,38
7,2,7,6,34
7,2,7,7,38
7,2,7,8,38
7,2,7,9,36
7,2,7,10,38
7,2,7,11,36
7,2,7,12,36
7,2,7,13,36
7,2,7,14,38
7,2,7,15,34
7,2,7,16,34
7,2,7,17,36
7,2,7,18,44
7,2,7,19,36
7,2,7,20,36
7,2,7,21,36
7,2,7,22,40
7,2,7,23,38
7,2,7,24,36
7,2,7,25,36
7,2,7,26,36
7,2,7,27,36
7,2,7,28,36
7,2,7,29,38
7,2,7,30,36
7,2,7,31,34
7,2,7,32,34
7,2,7,33,36
7,2,7,34,34
7,2,7,35,42
7,2,7,36,38
7,2,7,37,36
7,2,7,38,36
7,2,7,39,40
7,2,7,40,40
7,2,7,41,36
7,2,7,42,36
7,2,7,43,34
7,2,7,44,38
7,2,7,45,36
7,2,7,46,38
7,2,7,47,34
7,2,7,48,36
7,2,7,49,40
7,2,7,50,36
7,2,7,51,34
7,2,7,52,34
7,2,7,53,38
7,2,7,54,36
7,2,7,55,36
7,2,7,56,40
7,2,7,57,36
7,2,7,58,38
7,2,7,59,34
7,2,7,60,38
7,2,7,61,38
7,2,7,62,38
7,2,7,63,40
7,2,8,0,40
7,2,8,1,34
7,2,8,2,38
7,2,8,3,38
7,2,8,4,34
7,2,8,5,36
7,2,8,6,36
7,2,8,7,40
7,2,8,8,40
7,2,8,9,38
7,2,8,10,36
7,2,8,11,38
7,2,8,12,38
7,2,8,13,36
7,2,8,14,34
7,2,8,15,36
7,2,8,16,36
7,2,8,17,36
7,2,8,18,38
7,2,8,19,38
7,2,8,20,38
7,2,8,21,36
7,2,8,22,38
7,2,8,23,38
7,2,8,24,38
7,2,8,25,34
7,2,8,26,40
7,2,8,27,40
7,2,8,28,46
7,2,8,29,38
7,2,8,30,38
7,2,8,31,36
7,2,8,32,34
7,2,8,33,40
7,2,8,34,36
7,2,8,35,36
7,2,8,36,40
7,2,8,37,40
7,2,8,38,32
7,2,8,39,36
7,2,8,40,38
7,2,8,41,36
7,2,8,42,40
7,2,8,43,36
7,2,8,44,34
7,2,8,45,38
7,2,8,46,36
7,2,8,47,40
7,2,8,48,38
7,2,8,49,34
7,2,8,50,36
7,2,8,51,40
7,2,8,52,40
7,2,8,53,36
7,2,8,54,40
7,2,8,55,34
7,2,8,56,34
7,2,8,57,36
7,2,8,58,42
7,2,8,59,38
7,2,8,60,38
7,2,8,61,34
7,2,8,62,38
7,2,8,63,38
7,2,9,0,36
7,2,9,1,36
7,2,9,2,40
7,2,9,3,36
7,2,9,4,36
7,2,9,5,36
7,2,9,6,32
7,2,9,7,36
7,2,9,8,34
7,2,9,9,38
7,2,9,10,40
7,2,9,11,40
7,2,9,12,38
7,2,9,13,36
7,2,9,14,38
7,2,9,15,38
7,2,9,16,34
7,2,9,17,34
7,2,9,18,38
7,2,9,19,38
7,2,9,20,34
7,2,9,21,36
7,2,9,22,34
7,2,9,23,34
7,2,9,24,36
7,2,9,25,34
7,2,9,26,40
7,2,9,27,36
7,2,9,28,38
7,2,9,29,38
7,2,9,30,38
7,2,9,31,36
7,2,9,32,38
7,2,9,33,40
7,2,9,34,40
7,2,9,35,40
7,2,9,36,42
7,2,9,37,36
7,2,9,38,38
7,2,9,39,36
7,2,9,40,38
7,2,9,41,40
7,2,9,42,34
7,2,9,43,38
7,2,9,44,34
7,2,9,45,36
7,2,9,46,40
7,2,9,47,36
7,2,9,48,36
7,2,9,49,36
7,2,9,50,38
7,2,9,51,36
7,2,9,52,38
7,2,9,53,34
7,2,9,54,36
7,2,9,55,38
7,2,9,56,40
7,2,9,57,34
7,2,9,58,40
7,2,9,59,40
7,2,9,60,36
7,2,9,61,34
7,2,9,62,38
7,2,9,63,32
7,2,10,0,36
7,2,10,1,38
7,2,10,2,40
7,2,10,3,40
7,2,10,4,38
7,2,10,5,36
7,2,10,6,38
7,2,10,7,34
7,2,10,8,40
7,2,10,9,38
7,2,10,10,34
7,2,10,11,36
7,2,10,12,36
7,2,10,13,36
7,2,10,14,40
7,2,10,15,46
7,2,10,16,38
7,2,10,17,36
7,2,10,18,34
7,2,10,19,36
7,2,10,20,38
7,2,10,21,38
7,2,10,22,40
7,2,10,23,40
7,2,10,24,34
7,2,10,25,38
7,2,10,26,38
7,2,10,27,38
7,2,10,28,40
7,2,10,29,34
7,2,10,30,34
7,2,10,31,36
7,2,10,32,34
7,2,10,33,34
7,2,10,34,36
7,2,10,35,40
7,2,10,36,40
7,2,10,37,34
7,2,10,38,34
7,2,10,39,34
7,2,10,40,36
7,2,10,41,38
7,2,10,42,36
7,2,10,43,36
7,2,10,44,40
7,2,10,45,36
7,2,10,46,38
7,2,10,47,36
7,2,10,48,38
7,2,10,49,38
7,2,10,50,42
7,2,10,51,34
7,2,10,52,40
7,2,10,53,34
7,2,10,54,32
7,2,10,55,40
7,2,10,56,32
7,2,10,57,38
7,2,10,58,36
7,2,10,59,42
7,2,10,60,36
7,2,10,61,32
7,2,10,62,36
7,2,10,63,36
7,2,11,0,38
7,2,11,1,38
7,2,11,2,36
7,2,11,3,38
7,2,11,4,40
7,2,11,5,38
7,2,11,6,36
7,2,11,7,38
7,2,11,8,40
7,2,11,9,38
7,2,11,10,42
7,2,11,11,40
7,2,11,12,40
7,2,11,13,36
7,2,11,14,36
7,2,11,15,36
7,2,11,16,38
7,2,11,17,36
7,2,11,18,42
7,2,11,19,36
7,2,11,20,38
7,2,11,21,38
7,2,11,22,34
7,2,11,23,40
7,2,11,24,40
7,2,11,25,36
7,2,11,26,36
7,2,11,27,40
7,2,11,28,38
7,2,11,29,36
7,2,11,30,36
7,2,11,31,38
7,2,11,32,36
7,2,11,33,38
7,2,11,34,40
7,2,11,35,38
7,2,11,36,36
7,2,11,37,36
7,2,11,38,36
7,2,11,39,40
7,2,11,40,36
7,2,11,41,38
7,2,11,42,38
7,2,11,43,34
7,2,11,44,32
7,2,11,45,38
7,2,11,46,38
7,2,11,47,36
7,2,11,48,36
7,2,11,49,34
7,2,11,50,40
7,2,11,51,40
7,2,11,52,40
7,2,11,53,38
7,2,11,54,38
7,2,11,55,40
7,2,11,56,38
7,2,11,57,40
7,2,11,58,36
7,2,11,59,36
7,2,11,60,36
7,2,11,61,38
7,2,11,62,40
7,2,11,63,38
7,2,12,0,34
7,2,12,1,38
7,2,12,2,40
7,2,12,3,38
7,2,12,4,36
7,2,12,5,38
7,2,12,6,32
7,2,12,7,36
7,2,12,8,36
7,2,12,9,38
7,2,12,10,36
7,2,12,11,36
7,2,12,12,40
7,2,12,13,40
7,2,12,14,40
7,2,12,15,38
7,2,12,16,38
7,2,12,17,34
7,2,12,18,38
7,2,12,19,34
7,2,12,20,40
7,2,12,21,40
7,2,12,22,40
7,2,12,23,36
7,2,12,24,38
7,2,12,25,36
7,2,12,26,36
7,2,12,27,38
7,2,12,28,36
7,2,12,29,40
7,2,12,30,40
7,2,12,31,36
7,2,12,32,34
7,2,12,33,38
7,2,12,34,38
7,2,12,35,40
7,2,12,36,38
7,2,12,37,42
7,2,12,38,36
7,2,12,39,36
7,2,12,40,36
7,2,12,41,36
7,2,12,42,36
7,2,12,43,36
7,2,12,44,32
7,2,12,45,34
7,2,12,46,36
7,2,12,47,36
7,2,12,48,34
7,2,12,49,34
7,2,12,50,36
7,2,12,51,40
7,2,12,52,40
7,2,12,53,38
7,2,12,54,50
7,2,12,55,40
7,2,12,56,38
7,2,12,57,34
7,2,12,58,36
7,2,12,59,42
7,2,12,60,38
7,2,12,61,34
7,2,12,62,38
7,2,12,63,36
7,2,13,0,36
7,2,13,1,36
7,2,13,2,38
7,2,13,3,34
7,2,13,4,38
7,2,13,5,38
7,2,13,6,38
7,2,13,7,38
7,2,13,8,36
7,2,13,9,36
7,2,13,10,36
7,2,13,11,36
7,2,13,12,38
7,2,13,13,48
7,2,13,14,34
7,2,13,15,32
7,2,13,16,38
7,2,13,17,38
7,2,13,18,36
7,2,13,19,36
7,2,13,20,36
7,2,13,21,34
7,2,13,22,36
7,2,13,23,36
7,2,13,24,36
7,2,13,25,34
7,2,13,26,36
7,2,13,27,40
7,2,13,28,38
7,2,13,29,38
7,2,13,30,34
7,2,13,31,34
7,2,13,32,36
7,2,13,33,34
7,2,13,34,36
7,2,13,35,36
7,2,13,36,34
7,2,13,37,36
7,2,13,38,36
7,2,13,39,38
7,2,13,40,38
7,2,13,41,40
7,2,13,42,36
7,2,13,43,38
7,2,13,44,38
7,2,13,45,36
7,2,13,46,32
7,2,13,47,42
7,2,13,48,38
7,2,13,49,38
7,2,13,50,36
7,2,13,51,34
7,2,13,52,40
7,2,13,53,38
7,2,13,54,36
7,2,13,55,34
7,2,13,56,34
7,2,13,57,34
7,2,13,58,36
7,2,13,59,36
7,2,13,60,36
7,2,13,61,34
7,2,13,62,36
7,2,13,63,38
7,2,14,0,36
7,2,14,1,36
7,2,14,2,36
7,2,14,3,34
7,2,14,4,36
7,2,14,5,38
7,2,14,6,40
7,2,14,7,36
7,2,14,8,38
7,2,14,9,38
7,2,14,10,36
7,2,14,11,40
7,2,14,12,38
7,2,14,13,42
7,2,14,14,36
7,2,14,15,40
7,2,14,16,38
7,2,14,17,36
7,2,14,18,38
7,2,14,19,36
7,2,14,20,36
7,2,14,21,38
7,2,14,22,38
7,2,14,23,34
7,2,14,24,36
7,2,14,25,38
7,2,14,26,36
7,2,14,27,36
7,2,14,28,38
7,2,14,29,38
7,2,14,30,36
7,2,14,31,38
7,2,14,32,40
7,2,14,33,36
7,2,14,34,38
7,2,14,35,36
7,2,14,36,36
7,2,14,37,36
7,2,14,38,40
7,2,14,39,32
7,2,14,40,36
7,2,14,41,40
7,2,14,42,40
7,2,14,43,38
7,2,14,44,38
7,2,14,45,40
7,2,14,46,38
7,2,14,47,36
7,2,14,48,34
7,2,14,49,38
7,2,14,50,38
7,2,14,51,38
7,2,14,52,34
7,2,14,53,36
7,2,14,54,36
7,2,14,55,38
7,2,14,56,40
7,2,14,57,38
7,2,14,58,32
7,2,14,59,36
7,2,14,60,38
7,2,14,61,38
7,2,14,62,36
7,2,14,63,38
7,3,0,0,36
7,3,0,1,40
7,3,0,2,36
7,3,0,3,38
7,3,0,4,40
7,3,0,5,36
7,3,0,6,38
7,3,0,7,36
7,3,0,8,36
7,3,0,9,36
7,3,0,10,38
7,3,0,11,36
7,3,0,12,38
7,3,0,13,38
7,3,0,14,36
7,3,0,15,36
7,3,0,16,38
7,3,0,17,36
7,3,0,18,38
7,3,0,19,36
7,3,0,20,38
7,3,0,21,38
7,3,0,22,40
7,3,0,23,38
7,3,0,24,38
7,3,0,25,34
7,3,0,26,38
7,3,0,27,36
7,3,0,28,36
7,3,0,29,36
7,3,0,30,48
7,3,0,31,36
7,3,0,32,36
7,3,0,33,38
7,3,0,34,36
7,3,0,35,38
7,3,0,36,36
7,3,0,37,40
7,3,0,38,36
7,3,0,39,36
7,3,0,40,36
7,3,0,41,38
7,3,0,42,34
7,3,0,43,36
7,3,0,44,38
7,3,0,45,36
7,3,0,46,36
7,3,0,47,36
7,3,0,48,38
7,3,0,49,38
7,3,0,50,36
7,3,0,51,38
7,3,0,52,36
7,3,0,53,32
7,3,0,54,36
7,3,0,55,34
7,3,0,56,34
7,3,0,57,38
7,3,0,58,38
7,3,0,59,36
7,3,0,60,36
7,3,0,61,38
7,3,0,62,36
7,3,0,63,36
7,3,1,0,38
7,3,1,1,34
7,3,1,2,38
7,3,1,3,36
7,3,1,4,38
7,3,1,5,38
7,3,1,6,38
7,3,1,7,38
7,3,1,8,38
7,3,1,9,36
7,3,1,10,40
7,3,1,11,36
7,3,1,12,38
7,3,1,13,40
7,3,1,14,38
7,3,1,15,40
7,3,1,16,38
7,3,1,17,36
7,3,1,18,36
7,3,1,19,34
7,3,1,20,38
7,3,1,21,40
7,3,1,22,40
7,3,1,23,36
7,3,1,24,36
7,3,1,25,36
7,3,1,26,38
7,3,1,27,40
7,3,1,28,38
7,3,1,29,40
7,3,1,30,36
7,3,1,31,38
7,3,1,32,40
7,3,1,33,38
7,3,1,34,36
7,3,1,35,38
7,3,1,36,38
7,3,1,37,38
7,3,1,38,38
7,3,1,39,36
7,3,1,40,38
7,3,1,41,38
7,3,1,42,36
7,3,1,43,40
7,3,1,44,38
7,3,1,45,38
7,3,1,46,40
7,3,1,47,40
7,3,1,48,38
7,3,1,49,38
7,3,1,50,36
7,3,1,51,34
7,3,1,52,36
7,3,1,53,36
7,3,1,54,36
7,3,1,55,36
7,3,1,56,38
7,3,1,57,36
7,3,1,58,36
7,3,1,59,40
7,3,1,60,36
7,3,1,61,38
7,3,1,62,36
7,3,1,63,34
7,3,2,0,38
7,3,2,1,36
7,3,2,2,38
7,3,2,3,36
7,3,2,4,34
7,3,2,5,40
7,3,2,6,36
7,3,2,7,36
7,3,2,8,36
7,3,2,9,36
7,3,2,10,36
7,3,2,11,34
7,3,2,12,36
7,3,2,13,38
7,3,2,14,42
7,3,2,15,38
7,3,2,16,44
7,3,2,17,38
7,3,2,18,42
7,3,2,19,36
7,3,2,20,34
7,3,2,21,36
7,3,2,22,38
7,3,2,23,36
7,3,2,24,36
7,3,2,25,36
7,3,2,26,38
7,3,2,27,40
7,3,2,28,38
7,3,2,29,34
7,3,2,30,38
7,3,2,31,36
7,3,2,32,34
7,3,2,33,40
7,3,2,34,36
7,3,2,35,40
7,3,2,36,38
7,3,2,37,34
7,3,2,38,36
7,3,2,39,38
7,3,2,40,40
7,3,2,41,40
7,3,2,42,36
7,3,2,43,40
7,3,2,44,40
7,3,2,45,36
7,3,2,46,38
7,3,2,47,40
7,3,2,48,36
7,3,2,49,38
7,3,2,50,36
7,3,2,51,38
7,3,2,52,36
7,3,2,53,34
7,3,2,54,40
7,3,2,55,38
7,3,2,56,40
7,3,2,57,38
7,3,2,58,40
7,3,2,59,38
7,3,2,60,36
7,3,2,61,40
7,3,2,62,38
7,3,2,63,34
7,3,3,0,36
7,3,3,1,42
7,3,3,2,34
7,3,3,3,36
7,3,3,4,38
7,3,3,5,38
7,3,3,6,40
7,3,3,7,36
7,3,3,8,34
7,3,3,9,36
7,3,3,10,40
7,3,3,11,34
7,3,3,12,36
7,3,3,13,38
7,3,3,14,34
7,3,3,15,36
7,3,3,16,34
7,3,3,17,34
7,3,3,18,34
7,3,3,19,36
7,3,3,20,38
7,3,3,21,38
7,3,3,22,38
7,3,3,23,34
7,3,3,24,36
7,3,3,25,36
7,3,3,26,38
7,3,3,27,38
7,3,3,28,40
7,3,3,29,38
7,3,3,30,34
7,3,3,31,34
7,3,3,32,36
7,3,3,33,36
7,3,3,34,36
7,3,3,35,38
7,3,3,36,34
7,3,3,37,36
7,3,3,38,38
7,3,3,39,40
7,3,3,40,36
7,3,3,41,34
7,3,3,42,36
7,3,3,43,36
7,3,3,44,36
7,3,3,45,38
7,3,3,46,36
7,3,3,47,36
7,3,3,48,36
7,3,3,49,38
7,3,3,50,34
7,3,3,51,38
7,3,3,52,36
7,3,3,53,38
7,3,3,54,38
7,3,3,55,38
7,3,3,56,48
7,3,3,57,36
7,3,3,58,38
7,3,3,59,36
7,3,3,60,36
7,3,3,61,36
7,3,3,62,36
7,3,3,63,34
7,3,4,0,40
7,3,4,1,38
7,3,4,2,36
7,3,4,3,36
7,3,4,4,36
7,3,4,5,34
7,3,4,6,40
7,3,4,7,40
7,3,4,8,40
7,3,4,9,36
7,3,4,10,32
7,3,4,11,38
7,3,4,12,34
7,3,4,13,36
7,3,4,14,40
7,3,4,15,34
7,3,4,16,38
7,3,4,17,36
7,3,4,18,34
7,3,4,19,36
7,3,4,20,36
7,3,4,21,42
7,3,4,22,38
7,3,4,23,38
7,3,4,24,40
7,3,4,25,42
7,3,4,26,34
7,3,4,27,36
7,3,4,28,36
7,3,4,29,40
7,3,4,30,38
7,3,4,31,34
7,3,4,32,38
7,3,4,33,36
7,3,4,34,40
7,3,4,35,40
7,3,4,36,34
7,3,4,37,38
7,3,4,38,38
7,3,4,39,36
7,3,4,40,36
7,3,4,41,40
7,3,4,42,40
7,3,4,43,36
7,3,4,44,36
7,3,4,45,32
7,3,4,46,38
7,3,4,47,36
7,3,4,48,34
7,3,4,49,38
7,3,4,50,34
7,3,4,51,36
7,3,4,52,38
7,3,4,53,34
7,3,4,54,34
7,3,4,55,34
7,3,4,56,36
7,3,4,57,38
7,3,4,58,36
7,3,4,59,34
7,3,4,60,36
7,3,4,61,36
7,3,4,62,34
7,3,4,63,38
7,3,5,0,36
7,3,5,1,34
7,3,5,2,36
7,3,5,3,42
7,3,5,4,36
7,3,5,5,36
7,3,5,6,38
7,3,5,7,40
7,3,5,8,38
7,3,5,9,40
7,3,5,10,34
7,3,5,11,36
7,3,5,12,36
7,3,5,13,40
7,3,5,14,46
7,3,5,15,34
7,3,5,16,36
7,3,5,17,36
7,3,5,18,36
7,3,5,19,40
7,3,5,20,40
7,3,5,21,40
7,3,5,22,38
7,3,5,23,36
7,3,5,24,34
7,3,5,25,34
7,3,5,26,36
7,3,5,27,36
7,3,5,28,38
7,3,5,29,36
7,3,5,30,38
7,3,5,31,36
7,3,5,32,38
7,3,5,33,40
7,3,5,34,38
7,3,5,35,34
7,3,5,36,40
7,3,5,37,40
7,3,5,38,36
7,3,5,39,36
7,3,5,40,40
7,3,5,41,34
7,3,5,42,36
7,3,5,43,34
7,3,5,44,34
7,3,5,45,38
7,3,5,46,34
7,3,5,47,38
7,3,5,48,36
7,3,5,49,38
7,3,5,50,40
7,3,5,51,32
7,3,5,52,38
7,3,5,53,36
7,3,5,54,36
7,3,5,55,34
7,3,5,56,36
7,3,5,57,38
7,3,5,58,38
7,3,5,59,38
7,3,5,60,38
7,3,5,61,34
7,3,5,62,40
7,3,5,63,42
7,3,6,0,38
7,3,6,1,38
7,3,6,2,38
7,3,6,3,36
7,3,6,4,40
7,3,6,5,36
7,3,6,6,36
7,3,6,7,36
7,3,6,8,36
7,3,6,9,38
7,3,6,10,38
7,3,6,11,36
7,3,6,12,38
7,3,6,13,38
7,3,6,14,34
7,3,6,15,32
7,3,6,16,34
7,3,6,17,36
7,3,6,18,36
7,3,6,19,36
7,3,6,20,36
7,3,6,21,40
7,3,6,22,38
7,3,6,23,40
7,3,6,24,36
7,3,6,25,34
7,3,6,26,34
7,3,6,27,42
7,3,6,28,38
7,3,6,29,36
7,3,6,30,38
7,3,6,31,38
7,3,6,32,36
7,3,6,33,40
7,3,6,34,34
7,3,6,35,36
7,3,6,36,34
7,3,6,37,36
7,3,6,38,38
7,3,6,39,36
7,3,6,40,36
7,3,6,41,36
7,3,6,42,32
7,3,6,43,36
7,3,6,44,36
7,3,6,45,40
7,3,6,46,36
7,3,6,47,40
7,3,6,48,38
7,3,6,49,38
7,3,6,50,36
7,3,6,51,38
7,3,6,52,38
7,3,6,53,36
7,3,6,54,36
7,3,6,55,34
7,3,6,56,34
7,3,6,57,38
7,3,6,58,40
7,3,6,59,36
7,3,6,60,40
7,3,6,61,36
7,3,6,62,36
7,3,6,63,38
7,3,7,0,40
7,3,7,1,32
7,3,7,2,36
7,3,7,3,38
7,3,7,4,34
7,3,7,5,38
7,3,7,6,38
7,3,7,7,40
7,3,7,8,36
7,3,7,9,38
7,3,7,10,36
7,3,7,11,34
7,3,7,12,38
7,3,7,13,36
7,3,7,14,36
7,3,7,15,42
7,3,7,16,40
7,3,7,17,32
7,3,7,18,38
7,3,7,19,34
7,3,7,20,34
7,3,7,21,36
7,3,7,22,36
7,3,7,23,36
7,3,7,24,38
7,3,7,25,42
7,3,7,26,36
7,3,7,27,40
7,3,7,28,36
7,3,7,29,34
7,3,7,30,36
7,3,7,31,36
7,3,7,32,40
7,3,7,33,40
7,3,7,34,38
7,3,7,35,32
7,3,7,36,38
7,3,7,37,34
7,3,7,38,34
7,3,7,39,32
7,3,7,40,36
7,3,7,41,38
7,3,7,42,36
7,3,7,43,38
7,3,7,44,36
7,3,7,45,36
7,3,7,46,38
7,3,7,47,36
7,3,7,48,38
7,3,7,49,40
7,3,7,50,48
7,3,7,51,36
7,3,7,52,38
7,3,7,53,36
7,3,7,54,40
7,3,7,55,40
7,3,7,56,42
7,3,7,57,36
7,3,7,58,36
7,3,7,59,40
7,3,7,60,36
7,3,7,61,40
7,3,7,62,40
7,3,7,63,36
7,3,8,0,36
7,3,8,1,36
7,3,8,2,40
7,3,8,3,36
7,3,8,4,34
7,3,8,5,36
7,3,8,6,34
7,3,8,7,40
7,3,8,8,36
7,3,8,9,38
7,3,8,10,36
7,3,8,11,36
7,3,8,12,40
7,3,8,13,34
7,3,8,14,38
7,3,8,15,36
7,3,8,16,40
7,3,8,17,36
7,3,8,18,38
7,3,8,19,38
7,3,8,20,36
7,3,8,21,50
7,3,8,22,40
7,3,8,23,36
7,3,8,24,36
7,3,8,25,38
7,3,8,26,36
7,3,8,27,36
7,3,8,28,34
7,3,8,29,38
7,3,8,30,34
7,3,8,31,32
7,3,8,32,40
7,3,8,33,40
7,3,8,34,34
7,3,8,35,38
7,3,8,36,36
7,3,8,37,36
7,3,8,38,38
7,3,8,39,36
7,3,8,40,38
7,3,8,41,36
7,3,8,42,40
7,3,8,43,36
7,3,8,44,40
7,3,8,45,36
7,3,8,46,36
7,3,8,47,40
7,3,8,48,40
7,3,8,49,38
7,3,8,50,40
7,3,8,51,38
7,3,8,52,38
7,3,8,53,34
7,3,8,54,38
7,3,8,55,38
7,3,8,56,36
7,3,8,57,34
7,3,8,58,38
7,3,8,59,40
7,3,8,60,38
7,3,8,61,38
7,3,8,62,40
7,3,8,63,38
7,3,9,0,38
7,3,9,1,38
7,3,9,2,42
7,3,9,3,36
7,3,9,4,38
7,3,9,5,38
7,3,9,6,40
7,3,9,7,36
7,3,9,8,36
7,3,9,9,38
7,3,9,10,36
7,3,9,11,38
7,3,9,12,38
7,3,9,13,36
7,3,9,14,36
7,3,9,15,36
7,3,9,16,34
7,3,9,17,38
7,3,9,18,40
7,3,9,19,40
7,3,9,20,38
7,3,9,21,38
7,3,9,22,38
7,3,9,23,38
7,3,9,24,36
7,3,9,25,36
7,3,9,26,38
7,3,9,27,38
7,3,9,28,36
7,3,9,29,40
7,3,9,30,38
7,3,9,31,36
7,3,9,32,38
7,3,9,33,36
7,3,9,34,38
7,3,9,35,38
7,3,9,36,38
7,3,9,37,34
7,3,9,38,36
7,3,9,39,38
7,3,9,40,36
7,3,9,41,40
7,3,9,42,40
7,3,9,43,34
7,3,9,44,38
7,3,9,45,36
7,3,9,46,34
7,3,9,47,40
7,3,9,48,36
7,3,9,49,36
7,3,9,50,40
7,3,9,51,36
7,3,9,52,38
7,3,9,53,38
7,3,9,54,36
7,3,9,55,36
7,3,9,56,36
7,3,9,57,36
7,3,9,58,36
7,3,9,59,38
7,3,9,60,32
7,3,9,61,38
7,3,9,62,38
7,3,9,63,36
7,3,10,0,36
7,3,10,1,36
7,3,10,2,36
7,3,10,3,34
7,3,10,4,34
7,3,10,5,38
7,3,10,6,38
7,3,10,7,38
7,3,10,8,40
7,3,10,9,38
7,3,10,10,36
7,3,10,11,36
7,3,10,12,36
7,3,10,13,38
7,3,10,14,32
7,3,10,15,34
7,3,10,16,32
7,3,10,17,36
7,3,10,18,38
7,3,10,19,34
7,3,10,20,40
7,3,10,21,36
7,3,10,22,34
7,3,10,23,40
7,3,10,24,40
7,3,10,25,36
7,3,10,26,36
7,3,10,27,34
7,3,10,28,36
7,3,10,29,36
7,3,10,30,36
7,3,10,31,42
7,3,10,32,36
7,3,10,33,38
7,3,10,34,36
7,3,10,35,42
7,3,10,36,46
7,3,10,37,42
7,3,10,38,36
7,3,10,39,40
7,3,10,40,34
7,3,10,41,36
7,3,10,42,34
7,3,10,43,36
7,3,10,44,40
7,3,10,45,36
7,3,10,46,36
7,3,10,47,38
7,3,10,48,38
7,3,10,49,36
7,3,10,50,40
7,3,10,51,34
7,3,10,52,38
7,3,10,53,36
7,3,10,54,34
7,3,10,55,40
7,3,10,56,38
7,3,10,57,36
7,3,10,58,36
7,3,10,59,36
7,3,10,60,38
7,3,10,61,34
7,3,10,62,36
7,3,10,63,34
7,3,11,0,36
7,3,11,1,36
7,3,11,2,36
7,3,11,3,40
7,3,11,4,40
7,3,11,5,36
7,3,11,6,36
7,3,11,7,36
7,3,11,8,34
7,3,11,9,36
7,3,11,10,36
7,3,11,11,36
7,3,11,12,40
7,3,11,13,36
7,3,11,14,38
7,3,11,15,36
7,3,11,16,36
7,3,11,17,36
7,3,11,18,36
7,3,11,19,40
7,3,11,20,38
7,3,11,21,40
7,3,11,22,42
7,3,11,23,38
7,3,11,24,38
7,3,11,25,32
7,3,11,26,36
7,3,11,27,40
7,3,11,28,36
7,3,11,29,36
7,3,11,30,36
7,3,11,31,40
7,3,11,32,38
7,3,11,33,36
7,3,11,34,38
7,3,11,35,38
7,3,11,36,36
7,3,11,37,36
7,3,11,38,38
7,3,11,39,38
7,3,11,40,40
7,3,11,41,32
7,3,11,42,38
7,3,11,43,40
7,3,11,44,36
7,3,11,45,38
7,3,11,46,36
7,3,11,47,36
7,3,11,48,36
7,3,11,49,36
7,3,11,50,36
7,3,11,51,38
7,3,11,52,38
7,3,11,53,36
7,3,11,54,36
7,3,11,55,36
7,3,11,56,34
7,3,11,57,36
7,3,11,58,38
7,3,11,59,36
7,3,11,60,38
7,3,11,61,38
7,3,11,62,38
7,3,11,63,40
7,3,12,0,34
7,3,12,1,36
7,3,12,2,38
7,3,12,3,36
7,3,12,4,38
7,3,12,5,34
7,3,12,6,38
7,3,12,7,40
7,3,12,8,36
7,3,12,9,34
7,3,12,10,36
7,3,12,11,36
7,3,12,12,36
7,3,12,13,38
7,3,12,14,36
7,3,12,15,36
7,3,12,16,38
7,3,12,17,38
7,3,12,18,36
7,3,12,19,34
7,3,12,20,38
7,3,12,21,38
7,3,12,22,36
7,3,12,23,34
7,3,12,24,36
7,3,12,25,34
7,3,12,26,36
7,3,12,27,36
7,3,12,28,36
7,3,12,29,38
7,3,12,30,32
7,3,12,31,34
7,3,12,32,40
7,3,12,33,34
7,3,12,34,36
7,3,12,35,38
7,3,12,36,38
7,3,12,37,46
7,3,12,38,34
7,3,12,39,38
7,3,12,40,36
7,3,12,41,36
7,3,12,42,36
7,3,12,43,36
7,3,12,44,36
7,3,12,45,32
7,3,12,46,36
7,3,12,47,36
7,3,12,48,42
7,3,12,49,40
7,3,12,50,38
7,3,12,51,38
7,3,12,52,36
7,3,12,53,38
7,3,12,54,36
7,3,12,55,38
7,3,12,56,40
7,3,12,57,38
7,3,12,58,38
7,3,12,59,40
7,3,12,60,38
7,3,12,61,36
7,3,12,62,38
7,3,12,63,36
7,3,13,0,36
7,3,13,1,36
7,3,13,2,36
7,3,13,3,36
7,3,13,4,34
7,3,13,5,40
7,3,13,6,36
7,3,13,7,36
7,3,13,8,36
7,3,13,9,38
7,3,13,10,32
7,3,13,11,36
7,3,13,12,40
7,3,13,13,36
7,3,13,14,36
7,3,13,15,38
7,3,13,16,38
7,3,13,17,40
7,3,13,18,36
7,3,13,19,36
7,3,13,20,40
7,3,13,21,42
7,3,13,22,38
7,3,13,23,34
7,3,13,24,34
7,3,13,25,38
7,3,13,26,40
7,3,13,27,36
7,3,13,28,32
7,3,13,29,40
7,3,13,30,38
7,3,13,31,38
7,3,13,32,42
7,3,13,33,40
7,3,13,34,34
7,3,13,35,38
7,3,13,36,38
7,3,13,37,34
7,3,13,38,38
7,3,13,39,36
7,3,13,40,40
7,3,13,41,34
7,3,13,42,38
7,3,13,43,38
7,3,13,44,32
7,3,13,45,42
7,3,13,46,46
7,3,13,47,36
7,3,13,48,36
7,3,13,49,34
7,3,13,50,38
7,3,13,51,40
7,3,13,52,38
7,3,13,53,36
7,3,13,54,34
7,3,13,55,38
7,3,13,56,36
7,3,13,57,34
7,3,13,58,36
7,3,13,59,38
7,3,13,60,36
7,3,13,61,38
7,3,13,62,34
7,3,13,63,40
7,3,14,0,40
7,3,14,1,38
7,3,14,2,36
7,3,14,3,36
7,3,14,4,34
7,3,14,5,36
7,3,14,6,34
7,3,14,7,36
7,3,14,8,36
7,3,14,9,36
7,3,14,10,38
7,3,14,11,36
7,3,14,12,36
7,3,14,13,38
7,3,14,14,34
7,3,14,15,36
7,3,14,16,40
7,3,14,17,38
7,3,14,18,38
7,3,14,19,34
7,3,14,20,34
7,3,14,21,36
7,3,14,22,36
7,3,14,23,36
7,3,14,24,38
7,3,14,25,36
7,3,14,26,42
7,3,14,27,34
7,3,14,28,42
7,3,14,29,36
7,3,14,30,42
7,3,14,31,36
7,3,14,32,34
7,3,14,33,40
7,3,14,34,36
7,3,14,35,40
7,3,14,36,38
7,3,14,37,38
7,3,14,38,40
7,3,14,39,36
7,3,14,40,38
7,3,14,41,38
7,3,14,42,34
7,3,14,43,34
7,3,14,44,34
7,3,14,45,36
7,3,14,46,32
7,3,14,47,36
7,3,14,48,38
7,3,14,49,36
7,3,14,50,38
7,3,14,51,32
7,3,14,52,34
7,3,14,53,32
7,3,14,54,38
7,3,14,55,34
7,3,14,56,34
7,3,14,57,36
7,3,14,58,34
7,3,14,59,36
7,3,14,60,36
7,3,14,61,34
7,3,14,62,36
7,3,14,63,32
7,4,0,0,64
7,4,0,1,38
7,4,0,2,74
7,4,0,3,70
7,4,0,4,66
7,4,0,5,38
7,4,0,6,38
7,4,0,7,36
7,4,0,8,38
7,4,0,9,36
7,4,0,10,36
7,4,0,11,34
7,4,0,12,66
7,4,0,13,64
7,4,0,14,70
7,4,0,15,74
7,4,0,16,64
7,4,0,17,36
7,4,0,18,74
7,4,0,19,38
7,4,0,20,64
7,4,0,21,34
7,4,0,22,38
7,4,0,23,38
7,4,0,24,60
7,4,0,25,72
7,4,0,26,36
7,4,0,27,38
7,4,0,28,34
7,4,0,29,36
7,4,0,30,72
7,4,0,31,38
7,4,0,32,40
7,4,0,33,40
7,4,0,34,40
7,4,0,35,38
7,4,0,36,58
7,4,0,37,34
7,4,0,38,38
7,4,0,39,40
7,4,0,40,74
7,4,0,41,38
7,4,0,42,64
7,4,0,43,66
7,4,0,44,72
7,4,0,45,38
7,4,0,46,36
7,4,0,47,64
7,4,0,48,34
7,4,0,49,36
7,4,0,50,38
7,4,0,51,68
7,4,0,52,38
7,4,0,53,36
7,4,0,54,40
7,4,0,55,38
7,4,0,56,38
7,4,0,57,48
7,4,0,58,38
7,4,0,59,36
7,4,0,60,36
7,4,0,61,36
7,4,0,62,34
7,4,0,63,36
7,4,1,0,40
7,4,1,1,40
7,4,1,2,36
7,4,1,3,32
7,4,1,4,36
7,4,1,5,36
7,4,1,6,38
7,4,1,7,38
7,4,1,8,40
7,4,1,9,38
7,4,1,10,34
7,4,1,11,42
7,4,1,12,36
7,4,1,13,38
7,4,1,14,40
7,4,1,15,38
7,4,1,16,36
7,4,1,17,42
7,4,1,18,36
7,4,1,19,38
7,4,1,20,40
7,4,1,21,40
7,4,1,22,36
7,4,1,23,36
7,4,1,24,40
7,4,1,25,36
7,4,1,26,36
7,4,1,27,42
7,4,1,28,34
7,4,1,29,38
7,4,1,30,40
7,4,1,31,38
7,4,1,32,38
7,4,1,33,36
7,4,1,34,36
7,4,1,35,36
7,4,1,36,38
7,4,1,37,34
7,4,1,38,40
7,4,1,39,38
7,4,1,40,36
7,4,1,41,38
7,4,1,42,34
7,4,1,43,36
7,4,1,44,36
7,4,1,45,38
7,4,1,46,38
7,4,1,47,46
7,4,1,48,36
7,4,1,49,36
7,4,1,50,42
7,4,1,51,36
7,4,1,52,36
7,4,1,53,38
7,4,1,54,40
7,4,1,55,36
7,4,1,56,40
7,4,1,57,40
7,4,1,58,34
7,4,1,59,38
7,4,1,60,42
7,4,1,61,36
7,4,1,62,40
7,4,1,63,36
7,4,2,0,34
7,4,2,1,34
7,4,2,2,34
7,4,2,3,36
7,4,2,4,34
7,4,2,5,34
7,4,2,6,40
7,4,2,7,36
7,4,2,8,36
7,4,2,9,38
7,4,2,10,36
7,4,2,11,36
7,4,2,12,32
7,4,2,13,38
7,4,2,14,34
7,4,2,15,32
7,4,2,16,38
7,4,2,17,36
7,4,2,18,40
7,4,2,19,40
7,4,2,20,40
7,4,2,21,40
7,4,2,22,38
7,4,2,23,34
7,4,2,24,36
7,4,2,25,36
7,4,2,26,36
7,4,2,27,38
7,4,2,28,36
7,4,2,29,36
7,4,2,30,36
7,4,2,31,36
7,4,2,32,36
7,4,2,33,36
7,4,2,34,36
7,4,2,35,36
7,4,2,36,36
7,4,2,37,36
7,4,2,38,40
7,4,2,39,42
7,4,2,40,34
7,4,2,41,34
7,4,2,42,36
7,4,2,43,40
7,4,2,44,36
7,4,2,45,40
7,4,2,46,36
7,4,2,47,38
7,4,2,48,36
7,4,2,49,34
7,4,2,50,40
7,4,2,51,36
7,4,2,52,40
7,4,2,53,34
7,4,2,54,34
7,4,2,55,32
7,4,2,56,38
7,4,2,57,38
7,4,2,58,40
7,4,2,59,40
7,4,2,60,34
7,4,2,61,34
7,4,2,62,38
7,4,2,63,36
7,4,3,0,34
7,4,3,1,36
7,4,3,2,36
7,4,3,3,38
7,4,3,4,36
7,4,3,5,36
7,4,3,6,38
7,4,3,7,38
7,4,3,8,40
7,4,3,9,36
7,4,3,10,34
7,4,3,11,36
7,4,3,12,36
7,4,3,13,40
7,4,3,14,36
7,4,3,15,38
7,4,3,16,36
7,4,3,17,34
7,4,3,18,38
7,4,3,19,40
7,4,3,20,36
7,4,3,21,38
7,4,3,22,34
7,4,3,23,38
7,4,3,24,38
7,4,3,25,50
7,4,3,26,40
7,4,3,27,38
7,4,3,28,36
7,4,3,29,38
7,4,3,30,36
7,4,3,31,38
7,4,3,32,36
7,4,3,33,36
7,4,3,34,36
7,4,3,35,38
7,4,3,36,40
7,4,3,37,36
7,4,3,38,40
7,4,3,39,36
7,4,3,40,40
7,4,3,41,42
7,4,3,42,36
7,4,3,43,36
7,4,3,44,38
7,4,3,45,40
7,4,3,46,36
7,4,3,47,38
7,4,3,48,38
7,4,3,49,36
7,4,3,50,40
7,4,3,51,36
7,4,3,52,40
7,4,3,53,40
7,4,3,54,38
7,4,3,55,38
7,4,3,56,36
7,4,3,57,38
7,4,3,58,36
7,4,3,59,38
7,4,3,60,36
7,4,3,61,36
7,4,3,62,36
7,4,3,63,38
7,4,4,0,36
7,4,4,1,34
7,4,4,2,36
7,4,4,3,34
7,4,4,4,36
7,4,4,5,38
7,4,4,6,48
7,4,4,7,40
7,4,4,8,34
7,4,4,9,36
7,4,4,10,32
7,4,4,11,38
7,4,4,12,36
7,4,4,13,34
7,4,4,14,38
7,4,4,15,36
7,4,4,16,38
7,4,4,17,36
7,4,4,18,36
7,4,4,19,36
7,4,4,20,38
7,4,4,21,38
7,4,4,22,38
7,4,4,23,36
7,4,4,24,38
7,4,4,25,36
7,4,4,26,34
7,4,4,27,36
7,4,4,28,38
7,4,4,29,34
7,4,4,30,36
7,4,4,31,36
7,4,4,32,36
7,4,4,33,38
7,4,4,34,36
7,4,4,35,38
7,4,4,36,36
7,4,4,37,38
7,4,4,38,42
7,4,4,39,36
7,4,4,40,34
7,4,4,41,36
7,4,4,42,36
7,4,4,43,36
7,4,4,44,38
7,4,4,45,38
7,4,4,46,36
7,4,4,47,38
7,4,4,48,38
7,4,4,49,36
7,4,4,50,36
7,4,4,51,42
7,4,4,52,40
7,4,4,53,42
7,4,4,54,36
7,4,4,55,36
7,4,4,56,36
7,4,4,57,40
7,4,4,58,38
7,4,4,59,34
7,4,4,60,34
7,4,4,61,36
7,4,4,62,34
7,4,4,63,34
7,4,5,0,34
7,4,5,1,40
7,4,5,2,36
7,4,5,3,40
7,4,5,4,34
7,4,5,5,36
7,4,5,6,40
7,4,5,7,38
7,4,5,8,36
7,4,5,9,36
7,4,5,10,42
7,4,5,11,40
7,4,5,12,40
7,4,5,13,34
7,4,5,14,34
7,4,5,15,32
7,4,5,16,36
7,4,5,17,38
7,4,5,18,36
7,4,5,19,38
7,4,5,20,38
7,4,5,21,36
7,4,5,22,36
7,4,5,23,38
7,4,5,24,36
7,4,5,25,40
7,4,5,26,38
7,4,5,27,34
7,4,5,28,38
7,4,5,29,36
7,4,5,30,34
7,4,5,31,42
7,4,5,32,38
7,4,5,33,38
7,4,5,34,36
7,4,5,35,34
7,4,5,36,36
7,4,5,37,32
7,4,5,38,38
7,4,5,39,40
7,4,5,40,36
7,4,5,41,40
7,4,5,42,40
7,4,5,43,36
7,4,5,44,38
7,4,5,45,36
7,4,5,46,32
7,4,5,47,38
7,4,5,48,38
7,4,5,49,32
7,4,5,50,36
7,4,5,51,38
7,4,5,52,38
7,4,5,53,38
7,4,5,54,36
7,4,5,55,38
7,4,5,56,36
7,4,5,57,38
7,4,5,58,36
7,4,5,59,34
7,4,5,60,36
7,4,5,61,38
7,4,5,62,36
7,4,5,63,42
7,4,6,0,36
7,4,6,1,34
7,4,6,2,34
7,4,6,3,36
7,4,6,4,38
7,4,6,5,36
7,4,6,6,38
7,4,6,7,34
7,4,6,8,36
7,4,6,9,36
7,4,6,10,36
7,4,6,11,36
7,4,6,12,36
7,4,6,13,38
7,4,6,14,34
7,4,6,15,34
7,4,6,16,38
7,4,6,17,36
7,4,6,18,36
7,4,6,19,40
7,4,6,20,36
7,4,6,21,36
7,4,6,22,36
7,4,6,23,38
7,4,6,24,38
7,4,6,25,38
7,4,6,26,36
7,4,6,27,36
7,4,6,28,38
7,4,6,29,40
7,4,6,30,36
7,4,6,31,36
7,4,6,32,40
7,4,6,33,36
7,4,6,34,36
7,4,6,35,36
7,4,6,36,36
7,4,6,37,38
7,4,6,38,36
7,4,6,39,36
7,4,6,40,42
7,4,6,41,34
7,4,6,42,34
7,4,6,43,36
7,4,6,44,34
7,4,6,45,36
7,4,6,46,38
7,4,6,47,40
7,4,6,48,38
7,4,6,49,38
7,4,6,50,36
7,4,6,51,38
7,4,6,52,36
7,4,6,53,36
7,4,6,54,34
7,4,6,55,38
7,4,6,56,34
7,4,6,57,36
7,4,6,58,38
7,4,6,59,36
7,4,6,60,38
7,4,6,61,50
7,4,6,62,34
7,4,6,63,36
7,4,7,0,36
7,4,7,1,36
7,4,7,2,38
7,4,7,3,38
7,4,7,4,36
7,4,7,5,34
7,4,7,6,34
7,4,7,7,32
7,4,7,8,38
7,4,7,9,38
7,4,7,10,40
7,4,7,11,36
7,4,7,12,34
7,4,7,13,36
7,4,7,14,36
7,4,7,15,34
7,4,7,16,36
7,4,7,17,38
7,4,7,18,36
7,4,7,19,34
7,4,7,20,38
7,4,7,21,36
7,4,7,22,40
7,4,7,23,36
7,4,7,24,36
7,4,7,25,36
7,4,7,26,36
7,4,7,27,36
7,4,7,28,38
7,4,7,29,34
7,4,7,30,40
7,4,7,31,36
7,4,7,32,38
7,4,7,33,38
7,4,7,34,36
7,4,7,35,38
7,4,7,36,38
7,4,7,37,38
7,4,7,38,34
7,4,7,39,40
7,4,7,40,38
7,4,7,41,38
7,4,7,42,38
7,4,7,43,36
7,4,7,44,40
7,4,7,45,36
7,4,7,46,36
7,4,7,47,38
7,4,7,48,36
7,4,7,49,34
7,4,7,50,38
7,4,7,51,38
7,4,7,52,34
7,4,7,53,36
7,4,7,54,38
7,4,7,55,36
7,4,7,56,38
7,4,7,57,36
7,4,7,58,36
7,4,7,59,36
7,4,7,60,36
7,4,7,61,34
7,4,7,62,36
7,4,7,63,38
7,4,8,0,38
7,4,8,1,38
7,4,8,2,36
7,4,8,3,42
7,4,8,4,38
7,4,8,5,36
7,4,8,6,42
7,4,8,7,40
7,4,8,8,36
7,4,8,9,38
7,4,8,10,36
7,4,8,11,38
7,4,8,12,40
7,4,8,13,38
7,4,8,14,40
7,4,8,15,38
7,4,8,16,38
7,4,8,17,40
7,4,8,18,34
7,4,8,19,36
7,4,8,20,38
7,4,8,21,36
7,4,8,22,36
7,4,8,23,38
7,4,8,24,36
7,4,8,25,36
7,4,8,26,38
7,4,8,27,38
7,4,8,28,36
7,4,8,29,36
7,4,8,30,36
7,4,8,31,40
7,4,8,32,40
7,4,8,33,40
7,4,8,34,38
7,4,8,35,38
7,4,8,36,34
7,4,8,37,36
7,4,8,38,36
7,4,8,39,40
7,4,8,40,38
7,4,8,41,36
7,4,8,42,32
7,4,8,43,32
7,4,8,44,36
7,4,8,45,36
7,4,8,46,34
7,4,8,47,36
7,4,8,48,38
7,4,8,49,40
7,4,8,50,36
7,4,8,51,32
7,4,8,52,36
7,4,8,53,38
7,4,8,54,40
7,4,8,55,32
7,4,8,56,40
7,4,8,57,34
7,4,8,58,36
7,4,8,59,50
7,4,8,60,40
7,4,8,61,34
7,4,8,62,38
7,4,8,63,36
7,4,9,0,40
7,4,9,1,34
7,4,9,2,40
7,4,9,3,36
7,4,9,4,40
7,4,9,5,36
7,4,9,6,42
7,4,9,7,40
7,4,9,8,36
7,4,9,9,36
7,4,9,10,36
7,4,9,11,34
7,4,9,12,36
7,4,9,13,40
7,4,9,14,38
7,4,9,15,36
7,4,9,16,36
7,4,9,17,34
7,4,9,18,40
7,4,9,19,38
7,4,9,20,36
7,4,9,21,36
7,4,9,22,36
7,4,9,23,36
7,4,9,24,34
7,4,9,25,38
7,4,9,26,36
7,4,9,27,38
7,4,9,28,34
7,4,9,29,34
7,4,9,30,36
7,4,9,31,36
7,4,9,32,36
7,4,9,33,34
7,4,9,34,36
7,4,9,35,36
7,4,9,36,40
7,4,9,37,38
7,4,9,38,38
7,4,9,39,34
7,4,9,40,38
7,4,9,41,36
7,4,9,42,40
7,4,9,43,36
7,4,9,44,40
7,4,9,45,36
7,4,9,46,40
7,4,9,47,38
7,4,9,48,38
7,4,9,49,38
7,4,9,50,38
7,4,9,51,36
7,4,9,52,36
7,4,9,53,38
7,4,9,54,38
7,4,9,55,40
7,4,9,56,36
7,4,9,57,38
7,4,9,58,36
7,4,9,59,38
7,4,9,60,40
7,4,9,61,36
7,4,9,62,36
7,4,9,63,34
7,4,10,0,34
7,4,10,1,36
7,4,10,2,40
7,4,10,3,38
7,4,10,4,34
7,4,10,5,36
7,4,10,6,38
7,4,10,7,38
7,4,10,8,34
7,4,10,9,40
7,4,10,10,38
7,4,10,11,38
7,4,10,12,38
7,4,10,13,36
7,4,10,14,36
7,4,10,15,38
7,4,10,16,42
7,4,10,17,36
7,4,10,18,36
7,4,10,19,40
7,4,10,20,40
7,4,10,21,38
7,4,10,22,36
7,4,10,23,40
7,4,10,24,36
7,4,10,25,40
7,4,10,26,38
7,4,10,27,38
7,4,10,28,38
7,4,10,29,38
7,4,10,30,38
7,4,10,31,38
7,4,10,32,40
7,4,10,33,36
7,4,10,34,40
7,4,10,35,40
7,4,10,36,36
7,4,10,37,36
7,4,10,38,40
7,4,10,39,38
7,4,10,40,38
7,4,10,41,32
7,4,10,42,40
7,4,10,43,36
7,4,10,44,36
7,4,10,45,36
7,4,10,46,36
7,4,10,47,40
7,4,10,48,40
7,4,10,49,38
7,4,10,50,34
7,4,10,51,36
7,4,10,52,38
7,4,10,53,36
7,4,10,54,40
7,4,10,55,36
7,4,10,56,42
7,4,10,57,36
7,4,10,58,36
7,4,10,59,40
7,4,10,60,38
7,4,10,61,40
7,4,10,62,38
7,4,10,63,38
7,4,11,0,34
7,4,11,1,34
7,4,11,2,34
7,4,11,3,40
7,4,11,4,38
7,4,11,5,38
7,4,11,6,40
7,4,11,7,34
7,4,11,8,36
7,4,11,9,38
7,4,11,10,40
7,4,11,11,34
7,4,11,12,36
7,4,11,13,36
7,4,11,14,34
7,4,11,15,38
7,4,11,16,42
7,4,11,17,36
7,4,11,18,40
7,4,11,19,36
7,4,11,20,34
7,4,11,21,38
7,4,11,22,36
7,4,11,23,36
7,4,11,24,34
7,4,11,25,36
7,4,11,26,38
7,4,11,27,40
7,4,11,28,36
7,4,11,29,36
7,4,11,30,38
7,4,11,31,38
7,4,11,32,36
7,4,11,33,36
7,4,11,34,36
7,4,11,35,36
7,4,11,36,36
7,4,11,37,36
7,4,11,38,50
7,4,11,39,36
7,4,11,40,34
7,4,11,41,36
7,4,11,42,36
7,4,11,43,38
7,4,11,44,36
7,4,11,45,40
7,4,11,46,36
7,4,11,47,34
7,4,11,48,34
7,4,11,49,34
7,4,11,50,42
7,4,11,51,36
7,4,11,52,36
7,4,11,53,36
7,4,11,54,38
7,4,11,55,38
7,4,11,56,36
7,4,11,57,36
7,4,11,58,36
7,4,11,59,34
7,4,11,60,32
7,4,11,61,40
7,4,11,62,38
7,4,11,63,38
7,4,12,0,40
7,4,12,1,38
7,4,12,2,34
7,4,12,3,38
7,4,12,4,40
7,4,12,5,36
7,4,12,6,42
7,4,12,7,38
7,4,12,8,38
7,4,12,9,38
7,4,12,10,40
7,4,12,11,36
7,4,12,12,38
7,4,12,13,38
7,4,12,14,36
7,4,12,15,36
7,4,12,16,36
7,4,12,17,38
7,4,12,18,38
7,4,12,19,38
7,4,12,20,40
7,4,12,21,34
7,4,12,22,38
7,4,12,23,36
7,4,12,24,36
7,4,12,25,38
7,4,12,26,38
7,4,12,27,34
7,4,12,28,38
7,4,12,29,42
7,4,12,30,36
7,4,12,31,40
7,4,12,32,40
7,4,12,33,38
7,4,12,34,36
7,4,12,35,42
7,4,12,36,36
7,4,12,37,36
7,4,12,38,36
7,4,12,39,38
7,4,12,40,42
7,4,12,41,40
7,4,12,42,38
7,4,12,43,38
7,4,12,44,38
7,4,12,45,40
7,4,12,46,36
7,4,12,47,38
7,4,12,48,40
7,4,12,49,40
7,4,12,50,38
7,4,12,51,40
7,4,12,52,40
7,4,12,53,36
7,4,12,54,34
7,4,12,55,32
7,4,12,56,36
7,4,12,57,38
7,4,12,58,38
7,4,12,59,38
7,4,12,60,38
7,4,12,61,36
7,4,12,62,36
7,4,12,63,40
7,4,13,0,40
7,4,13,1,36
7,4,13,2,36
7,4,13,3,40
7,4,13,4,38
7,4,13,5,46
7,4,13,6,36
7,4,13,7,36
7,4,13,8,38
7,4,13,9,36
7,4,13,10,32
7,4,13,11,38
7,4,13,12,36
7,4,13,13,38
7,4,13,14,38
7,4,13,15,36
7,4,13,16,36
7,4,13,17,36
7,4,13,18,36
7,4,13,19,38
7,4,13,20,38
7,4,13,21,34
7,4,13,22,34
7,4,13,23,32
7,4,13,24,36
7,4,13,25,34
7,4,13,26,38
7,4,13,27,38
7,4,13,28,36
7,4,13,29,36
7,4,13,30,38
7,4,13,31,36
7,4,13,32,38
7,4,13,33,40
7,4,13,34,36
7,4,13,35,38
7,4,13,36,36
7,4,13,37,36
7,4,13,38,38
7,4,13,39,36
7,4,13,40,32
7,4,13,41,38
7,4,13,42,36
7,4,13,43,40
7,4,13,44,36
7,4,13,45,34
7,4,13,46,36
7,4,13,47,34
7,4,13,48,38
7,4,13,49,36
7,4,13,50,36
7,4,13,51,40
7,4,13,52,40
7,4,13,53,34
7,4,13,54,32
7,4,13,55,36
7,4,13,56,36
7,4,13,57,34
7,4,13,58,38
7,4,13,59,34
7,4,13,60,36
7,4,13,61,42
7,4,13,62,38
7,4,13,63,34
7,4,14,0,42
7,4,14,1,38
7,4,14,2,38
7,4,14,3,38
7,4,14,4,40
7,4,14,5,40
7,4,14,6,38
7,4,14,7,34
7,4,14,8,38
7,4,14,9,36
7,4,14,10,36
7,4,14,11,34
7,4,14,12,36
7,4,14,13,36
7,4,14,14,36
7,4,14,15,36
7,4,14,16,38
7,4,14,17,36
7,4,14,18,40
7,4,14,19,36
7,4,14,20,34
7,4,14,21,40
7,4,14,22,36
7,4,14,23,36
7,4,14,24,40
7,4,14,25,36
7,4,14,26,38
7,4,14,27,36
7,4,14,28,40
7,4,14,29,38
7,4,14,30,40
7,4,14,31,36
7,4,14,32,36
7,4,14,33,40
7,4,14,34,38
7,4,14,35,48
7,4,14,36,36
7,4,14,37,38
7,4,14,38,36
7,4,14,39,36
7,4,14,40,36
7,4,14,41,40
7,4,14,42,40
7,4,14,43,34
7,4,14,44,40
7,4,14,45,38
7,4,14,46,36
7,4,14,47,36
7,4,14,48,36
7,4,14,49,34
7,4,14,50,36
7,4,14,51,34
7,4,14,52,36
7,4,14,53,36
7,4,14,54,36
7,4,14,55,38
7,4,14,56,36
7,4,14,57,40
7,4,14,58,36
7,4,14,59,40
7,4,14,60,36
7,4,14,61,34
7,4,14,62,40
7,4,14,63,32
8,0,0,0,70
8,0,0,1,78
8,0,0,2,64
8,0,0,3,68
8,0,0,4,76
8,0,0,5,74
8,0,0,6,60
8,0,0,7,82
8,0,0,8,78
8,0,0,9,70
8,0,0,10,64
8,0,0,11,62
8,0,0,12,70
8,0,0,13,74
8,0,0,14,62
8,0,0,15,68
8,0,0,16,70
8,0,0,17,70
8,0,0,18,70
8,0,0,19,36
8,0,0,20,70
8,0,0,21,72
8,0,0,22,64
8,0,0,23,62
8,0,0,24,48
8,0,0,25,52
8,0,0,26,42
8,0,0,27,36
8,0,0,28,38
8,0,0,29,38
8,0,0,30,36
8,0,0,31,36
8,0,0,32,50
8,0,0,33,40
8,0,0,34,36
8,0,0,35,36
8,0,0,36,66
8,0,0,37,68
8,0,0,38,70
8,0,0,39,40
8,0,0,40,64
8,0,0,41,68
8,0,0,42,72
8,0,0,43,76
8,0,0,44,62
8,0,0,45,74
8,0,0,46,70
8,0,0,47,72
8,0,0,48,70
8,0,0,49,38
8,0,0,50,36
8,0,0,51,72
8,0,0,52,68
8,0,0,53,66
8,0,0,54,68
8,0,0,55,70
8,0,0,56,74
8,0,0,57,66
8,0,0,58,70
8,0,0,59,38
8,0,0,60,68
8,0,0,61,60
8,0,0,62,72
8,0,0,63,68
8,0,1,0,38
8,0,1,1,36
8,0,1,2,34
8,0,1,3,34
8,0,1,4,38
8,0,1,5,36
8,0,1,6,34
8,0,1,7,38
8,0,1,8,36
8,0,1,9,38
8,0,1,10,36
8,0,1,11,36
8,0,1,12,38
8,0,1,13,38
8,0,1,14,40
8,0,1,15,36
8,0,1,16,40
8,0,1,17,38
8,0,1,18,36
8,0,1,19,34
8,0,1,20,36
8,0,1,21,36
8,0,1,22,34
8,0,1,23,36
8,0,1,24,38
8,0,1,25,34
8,0,1,26,36
8,0,1,27,38
8,0,1,28,36
8,0,1,29,36
8,0,1,30,34
8,0,1,31,38
8,0,1,32,40
8,0,1,33,36
8,0,1,34,36
8,0,1,35,38
8,0,1,36,38
8,0,1,37,38
8,0,1,38,36
8,0,1,39,32
8,0,1,40,36
8,0,1,41,38
8,0,1,42,32
8,0,1,43,40
8,0,1,44,36
8,0,1,45,40
8,0,1,46,34
8,0,1,47,34
8,0,1,48,34
8,0,1,49,36
8,0,1,50,34
8,0,1,51,36
8,0,1,52,34
8,0,1,53,36
8,0,1,54,32
8,0,1,55,38
8,0,1,56,36
8,0,1,57,38
8,0,1,58,34
8,0,1,59,36
8,0,1,60,34
8,0,1,61,40
8,0,1,62,40
8,0,1,63,38
8,0,2,0,38
8,0,2,1,38
8,0,2,2,38
8,0,2,3,36
8,0,2,4,38
8,0,2,5,32
8,0,2,6,38
8,0,2,7,36
8,0,2,8,36
8,0,2,9,40
8,0,2,10,38
8,0,2,11,38
8,0,2,12,38
8,0,2,13,38
8,0,2,14,34
8,0,2,15,34
8,0,2,16,40
8,0,2,17,38
8,0,2,18,36
8,0,2,19,38
8,0,2,20,42
8,0,2,21,36
8,0,2,22,34
8,0,2,23,36
8,0,2,24,38
8,0,2,25,32
8,0,2,26,38
8,0,2,27,38
8,0,2,28,40
8,0,2,29,40
8,0,2,30,36
8,0,2,31,38
8,0,2,32,46
8,0,2,33,38
8,0,2,34,38
8,0,2,35,38
8,0,2,36,34
8,0,2,37,38
8,0,2,38,34
8,0,2,39,36
8,0,2,40,38
8,0,2,41,36
8,0,2,42,36
8,0,2,43,38
8,0,2,44,34
8,0,2,45,36
8,0,2,46,36
8,0,2,47,36
8,0,2,48,36
8,0,2,49,36
8,0,2,50,34
8,0,2,51,42
8,0,2,52,36
8,0,2,53,38
8,0,2,54,36
8,0,2,55,36
8,0,2,56,38
8,0,2,57,36
8,0,2,58,40
8,0,2,59,36
8,0,2,60,38
8,0,2,61,36
8,0,2,62,36
8,0,2,63,40
8,0,3,0,38
8,0,3,1,42
8,0,3,2,38
8,0,3,3,38
8,0,3,4,38
8,0,3,5,36
8,0,3,6,36
8,0,3,7,40
8,0,3,8,38
8,0,3,9,36
8,0,3,10,40
8,0,3,11,34
8,0,3,12,34
8,0,3,13,36
8,0,3,14,38
8,0,3,15,38
8,0,3,16,38
8,0,3,17,38
8,0,3,18,34
8,0,3,19,36
8,0,3,20,36
8,0,3,21,34
8,0,3,22,34
8,0,3,23,42
8,0,3,24,38
8,0,3,25,34
8,0,3,26,36
8,0,3,27,38
8,0,3,28,38
8,0,3,29,34
8,0,3,30,36
8,0,3,31,36
8,0,3,32,36
8,0,3,33,34
8,0,3,34,36
8,0,3,35,36
8,0,3,36,36
8,0,3,37,38
8,0,3,38,36
8,0,3,39,34
8,0,3,40,38
8,0,3,41,36
8,0,3,42,34
8,0,3,43,38
8,0,3,44,38
8,0,3,45,38
8,0,3,46,38
8,0,3,47,36
8,0,3,48,36
8,0,3,49,40
8,0,3,50,36
8,0,3,51,38
8,0,3,52,50
8,0,3,53,36
8,0,3,54,38
8,0,3,55,38
8,0,3,56,40
8,0,3,57,38
8,0,3,58,38
8,0,3,59,36
8,0,3,60,36
8,0,3,61,42
8,0,3,62,36
8,0,3,63,38
8,0,4,0,38
8,0,4,1,38
8,0,4,2,36
8,0,4,3,38
8,0,4,4,34
8,0,4,5,36
8,0,4,6,40
8,0,4,7,34
8,0,4,8,38
8,0,4,9,40
8,0,4,10,36
8,0,4,11,38
8,0,4,12,34
8,0,4,13,34
8,0,4,14,32
8,0,4,15,36
8,0,4,16,34
8,0,4,17,38
8,0,4,18,32
8,0,4,19,36
8,0,4,20,34
8,0,4,21,34
8,0,4,22,34
8,0,4,23,36
8,0,4,24,40
8,0,4,25,36
8,0,4,26,38
8,0,4,27,38
8,0,4,28,40
8,0,4,29,34
8,0,4,30,36
8,0,4,31,38
8,0,4,32,42
8,0,4,33,38
8,0,4,34,38
8,0,4,35,34
8,0,4,36,36
8,0,4,37,40
8,0,4,38,40
8,0,4,39,34
8,0,4,40,38
8,0,4,41,32
8,0,4,42,38
8,0,4,43,34
8,0,4,44,42
8,0,4,45,42
8,0,4,46,38
8,0,4,47,38
8,0,4,48,34
8,0,4,49,36
8,0,4,50,36
8,0,4,51,34
8,0,4,52,36
8,0,4,53,38
8,0,4,54,36
8,0,4,55,38
8,0,4,56,36
8,0,4,57,36
8,0,4,58,34
8,0,4,59,36
8,0,4,60,36
8,0,4,61,40
8,0,4,62,36
8,0,4,63,36
8,0,5,0,40
8,0,5,1,38
8,0,5,2,40
8,0,5,3,36
8,0,5,4,38
8,0,5,5,38
8,0,5,6,40
8,0,5,7,40
8,0,5,8,32
8,0,5,9,34
8,0,5,10,40
8,0,5,11,36
8,0,5,12,36
8,0,5,13,38
8,0,5,14,36
8,0,5,15,34
8,0,5,16,36
8,0,5,17,42
8,0,5,18,40
8,0,5,19,36
8,0,5,20,42
8,0,5,21,34
8,0,5,22,38
8,0,5,23,46
8,0,5,24,40
8,0,5,25,34
8,0,5,26,38
8,0,5,27,36
8,0,5,28,38
8,0,5,29,38
8,0,5,30,38
8,0,5,31,36
8,0,5,32,38
8,0,5,33,38
8,0,5,34,38
8,0,5,35,34
8,0,5,36,40
8,0,5,37,36
8,0,5,38,36
8,0,5,39,36
8,0,5,40,36
8,0,5,41,36
8,0,5,42,40
8,0,5,43,36
8,0,5,44,36
8,0,5,45,40
8,0,5,46,38
8,0,5,47,40
8,0,5,48,40
8,0,5,49,38
8,0,5,50,38
8,0,5,51,38
8,0,5,52,36
8,0,5,53,38
8,0,5,54,36
8,0,5,55,36
8,0,5,56,40
8,0,5,57,36
8,0,5,58,38
8,0,5,59,36
8,0,5,60,40
8,0,5,61,38
8,0,5,62,34
8,0,5,63,38
8,0,6,0,36
8,0,6,1,38
8,0,6,2,34
8,0,6,3,36
8,0,6,4,34
8,0,6,5,36
8,0,6,6,36
8,0,6,7,38
8,0,6,8,36
8,0,6,9,40
8,0,6,10,36
8,0,6,11,40
8,0,6,12,40
8,0,6,13,38
8,0,6,14,38
8,0,6,15,38
8,0,6,16,36
8,0,6,17,38
8,0,6,18,40
8,0,6,19,34
8,0,6,20,40
8,0,6,21,38
8,0,6,22,36
8,0,6,23,40
8,0,6,24,36
8,0,6,25,34
8,0,6,26,36
8,0,6,27,36
8,0,6,28,38
8,0,6,29,36
8,0,6,30,38
8,0,6,31,36
8,0,6,32,36
8,0,6,33,38
8,0,6,34,36
8,0,6,35,40
8,0,6,36,40
8,0,6,37,36
8,0,6,38,36
8,0,6,39,36
8,0,6,40,36
8,0,6,41,36
8,0,6,42,38
8,0,6,43,38
8,0,6,44,34
8,0,6,45,38
8,0,6,46,36
8,0,6,47,40
8,0,6,48,38
8,0,6,49,34
8,0,6,50,36
8,0,6,51,48
8,0,6,52,34
8,0,6,53,40
8,0,6,54,42
8,0,6,55,40
8,0,6,56,38
8,0,6,57,36
8,0,6,58,38
8,0,6,59,36
8,0,6,60,38
8,0,6,61,40
8,0,6,62,38
8,0,6,63,36
8,0,7,0,36
8,0,7,1,34
8,0,7,2,36
8,0,7,3,36
8,0,7,4,36
8,0,7,5,34
8,0,7,6,34
8,0,7,7,36
8,0,7,8,40
8,0,7,9,42
8,0,7,10,36
8,0,7,11,36
8,0,7,12,36
8,0,7,13,34
8,0,7,14,34
8,0,7,15,34
8,0,7,16,36
8,0,7,17,40
8,0,7,18,34
8,0,7,19,36
8,0,7,20,36
8,0,7,21,36
8,0,7,22,36
8,0,7,23,38
8,0,7,24,34
8,0,7,25,38
8,0,7,26,36
8,0,7,27,36
8,0,7,28,34
8,0,7,29,36
8,0,7,30,38
8,0,7,31,40
8,0,7,32,34
8,0,7,33,34
8,0,7,34,36
8,0,7,35,36
8,0,7,36,42
8,0,7,37,36
8,0,7,38,36
8,0,7,39,40
8,0,7,40,38
8,0,7,41,36
8,0,7,42,40
8,0,7,43,38
8,0,7,44,40
8,0,7,45,42
8,0,7,46,36
8,0,7,47,38
8,0,7,48,36
8,0,7,49,32
8,0,7,50,42
8,0,7,51,38
8,0,7,52,36
8,0,7,53,42
8,0,7,54,40
8,0,7,55,38
8,0,7,56,36
8,0,7,57,34
8,0,7,58,34
8,0,7,59,40
8,0,7,60,34
8,0,7,61,38
8,0,7,62,32
8,0,7,63,36
8,0,8,0,36
8,0,8,1,38
8,0,8,2,38
8,0,8,3,38
8,0,8,4,40
8,0,8,5,36
8,0,8,6,38
8,0,8,7,40
8,0,8,8,38
8,0,8,9,40
8,0,8,10,38
8,0,8,11,38
8,0,8,12,42
8,0,8,13,36
8,0,8,14,36
8,0,8,15,38
8,0,8,16,36
8,0,8,17,32
8,0,8,18,36
8,0,8,19,34
8,0,8,20,44
8,0,8,21,38
8,0,8,22,42
8,0,8,23,40
8,0,8,24,38
8,0,8,25,36
8,0,8,26,38
8,0,8,27,36
8,0,8,28,38
8,0,8,29,40
8,0,8,30,36
8,0,8,31,36
8,0,8,32,36
8,0,8,33,36
8,0,8,34,40
8,0,8,35,38
8,0,8,36,32
8,0,8,37,36
8,0,8,38,36
8,0,8,39,34
8,0,8,40,36
8,0,8,41,34
8,0,8,42,36
8,0,8,43,38
8,0,8,44,36
8,0,8,45,38
8,0,8,46,36
8,0,8,47,34
8,0,8,48,36
8,0,8,49,36
8,0,8,50,32
8,0,8,51,40
8,0,8,52,36
8,0,8,53,40
8,0,8,54,38
8,0,8,55,38
8,0,8,56,38
8,0,8,57,36
8,0,8,58,40
8,0,8,59,36
8,0,8,60,40
8,0,8,61,38
8,0,8,62,36
8,0,8,63,38
8,0,9,0,40
8,0,9,1,34
8,0,9,2,36
8,0,9,3,38
8,0,9,4,38
8,0,9,5,38
8,0,9,6,38
8,0,9,7,34
8,0,9,8,36
8,0,9,9,36
8,0,9,10,36
8,0,9,11,34
8,0,9,12,36
8,0,9,13,40
8,0,9,14,36
8,0,9,15,36
8,0,9,16,38
8,0,9,17,36
8,0,9,18,38
8,0,9,19,34
8,0,9,20,36
8,0,9,21,40
8,0,9,22,36
8,0,9,23,34
8,0,9,24,34
8,0,9,25,38
8,0,9,26,38
8,0,9,27,36
8,0,9,28,36
8,0,9,29,42
8,0,9,30,36
8,0,9,31,34
8,0,9,32,34
8,0,9,33,38
8,0,9,34,40
8,0,9,35,38
8,0,9,36,36
8,0,9,37,38
8,0,9,38,40
8,0,9,39,34
8,0,9,40,40
8,0,9,41,34
8,0,9,42,38
8,0,9,43,38
8,0,9,44,40
8,0,9,45,36
8,0,9,46,40
8,0,9,47,34
8,0,9,48,40
8,0,9,49,34
8,0,9,50,36
8,0,9,51,36
8,0,9,52,36
8,0,9,53,36
8,0,9,54,40
8,0,9,55,36
8,0,9,56,36
8,0,9,57,42
8,0,9,58,36
8,0,9,59,36
8,0,9,60,40
8,0,9,61,38
8,0,9,62,40
8,0,9,63,38
8,0,10,0,38
8,0,10,1,40
8,0,10,2,36
8,0,10,3,38
8,0,10,4,48
8,0,10,5,34
8,0,10,6,38
8,0,10,7,36
8,0,10,8,36
8,0,10,9,36
8,0,10,10,36
8,0,10,11,34
8,0,10,12,36
8,0,10,13,36
8,0,10,14,38
8,0,10,15,34
8,0,10,16,40
8,0,10,17,36
8,0,10,18,36
8,0,10,19,36
8,0,10,20,38
8,0,10,21,34
8,0,10,22,36
8,0,10,23,36
8,0,10,24,36
8,0,10,25,36
8,0,10,26,32
8,0,10,27,36
8,0,10,28,38
8,0,10,29,34
8,0,10,30,36
8,0,10,31,38
8,0,10,32,36
8,0,10,33,38
8,0,10,34,40
8,0,10,35,40
8,0,10,36,36
8,0,10,37,36
8,0,10,38,38
8,0,10,39,34
8,0,10,40,34
8,0,10,41,38
8,0,10,42,40
8,0,10,43,38
8,0,10,44,36
8,0,10,45,34
8,0,10,46,36
8,0,10,47,36
8,0,10,48,34
8,0,10,49,36
8,0,10,50,38
8,0,10,51,32
8,0,10,52,38
8,0,10,53,36
8,0,10,54,38
8,0,10,55,36
8,0,10,56,38
8,0,10,57,38
8,0,10,58,36
8,0,10,59,36
8,0,10,60,38
8,0,10,61,38
8,0,10,62,38
8,0,10,63,40
8,0,11,0,38
8,0,11,1,40
8,0,11,2,34
8,0,11,3,42
8,0,11,4,38
8,0,11,5,38
8,0,11,6,42
8,0,11,7,40
8,0,11,8,34
8,0,11,9,38
8,0,11,10,40
8,0,11,11,38
8,0,11,12,40
8,0,11,13,38
8,0,11,14,34
8,0,11,15,38
8,0,11,16,36
8,0,11,17,38
8,0,11,18,36
8,0,11,19,40
8,0,11,20,38
8,0,11,21,36
8,0,11,22,38
8,0,11,23,42
8,0,11,24,38
8,0,11,25,34
8,0,11,26,38
8,0,11,27,38
8,0,11,28,36
8,0,11,29,38
8,0,11,30,36
8,0,11,31,34
8,0,11,32,36
8,0,11,33,40
8,0,11,34,36
8,0,11,35,36
8,0,11,36,36
8,0,11,37,38
8,0,11,38,38
8,0,11,39,38
8,0,11,40,38
8,0,11,41,38
8,0,11,42,36
8,0,11,43,34
8,0,11,44,38
8,0,11,45,40
8,0,11,46,34
8,0,11,47,38
8,0,11,48,38
8,0,11,49,36
8,0,11,50,36
8,0,11,51,38
8,0,11,52,40
8,0,11,53,36
8,0,11,54,34
8,0,11,55,36
8,0,11,56,36
8,0,11,57,36
8,0,11,58,46
8,0,11,59,42
8,0,11,60,36
8,0,11,61,34
8,0,11,62,40
8,0,11,63,40
8,0,12,0,36
8,0,12,1,34
8,0,12,2,34
8,0,12,3,38
8,0,12,4,36
8,0,12,5,38
8,0,12,6,36
8,0,12,7,40
8,0,12,8,40
8,0,12,9,36
8,0,12,10,40
8,0,12,11,38
8,0,12,12,32
8,0,12,13,38
8,0,12,14,42
8,0,12,15,38
8,0,12,16,38
8,0,12,17,34
8,0,12,18,40
8,0,12,19,34
8,0,12,20,36
8,0,12,21,40
8,0,12,22,38
8,0,12,23,36
8,0,12,24,34
8,0,12,25,42
8,0,12,26,34
8,0,12,27,40
8,0,12,28,38
8,0,12,29,40
8,0,12,30,38
8,0,12,31,40
8,0,12,32,32
8,0,12,33,36
8,0,12,34,40
8,0,12,35,40
8,0,12,36,38
8,0,12,37,36
8,0,12,38,36
8,0,12,39,34
8,0,12,40,36
8,0,12,41,36
8,0,12,42,38
8,0,12,43,40
8,0,12,44,38
8,0,12,45,36
8,0,12,46,38
8,0,12,47,32
8,0,12,48,36
8,0,12,49,36
8,0,12,50,38
8,0,12,51,38
8,0,12,52,32
8,0,12,53,38
8,0,12,54,42
8,0,12,55,38
8,0,12,56,36
8,0,12,57,40
8,0,12,58,38
8,0,12,59,36
8,0,12,60,36
8,0,12,61,40
8,0,12,62,38
8,0,12,63,32
8,0,13,0,40
8,0,13,1,38
8,0,13,2,38
8,0,13,3,38
8,0,13,4,34
8,0,13,5,38
8,0,13,6,36
8,0,13,7,32
8,0,13,8,42
8,0,13,9,36
8,0,13,10,34
8,0,13,11,36
8,0,13,12,36
8,0,13,13,42
8,0,13,14,36
8,0,13,15,40
8,0,13,16,40
8,0,13,17,36
8,0,13,18,38
8,0,13,19,32
8,0,13,20,32
8,0,13,21,38
8,0,13,22,36
8,0,13,23,40
8,0,13,24,34
8,0,13,25,36
8,0,13,26,46
8,0,13,27,38
8,0,13,28,36
8,0,13,29,36
8,0,13,30,38
8,0,13,31,40
8,0,13,32,36
8,0,13,33,38
8,0,13,34,36
8,0,13,35,38
8,0,13,36,38
8,0,13,37,42
8,0,13,38,40
8,0,13,39,32
8,0,13,40,34
8,0,13,41,38
8,0,13,42,36
8,0,13,43,40
8,0,13,44,40
8,0,13,45,36
8,0,13,46,38
8,0,13,47,40
8,0,13,48,34
8,0,13,49,40
8,0,13,50,40
8,0,13,51,32
8,0,13,52,34
8,0,13,53,36
8,0,13,54,36
8,0,13,55,38
8,0,13,56,40
8,0,13,57,34
8,0,13,58,36
8,0,13,59,38
8,0,13,60,38
8,0,13,61,34
8,0,13,62,40
8,0,13,63,38
8,0,14,0,36
8,0,14,1,36
8,0,14,2,40
8,0,14,3,38
8,0,14,4,40
8,0,14,5,42
8,0,14,6,34
8,0,14,7,38
8,0,14,8,34
8,0,14,9,40
8,0,14,10,34
8,0,14,11,36
8,0,14,12,38
8,0,14,13,34
8,0,14,14,32
8,0,14,15,38
8,0,14,16,36
8,0,14,17,36
8,0,14,18,42
8,0,14,19,38
8,0,14,20,40
8,0,14,21,36
8,0,14,22,36
8,0,14,23,38
8,0,14,24,36
8,0,14,25,36
8,0,14,26,36
8,0,14,27,40
8,0,14,28,38
8,0,14,29,38
8,0,14,30,32
8,0,14,31,40
8,0,14,32,40
8,0,14,33,38
8,0,14,34,38
8,0,14,35,38
8,0,14,36,38
8,0,14,37,36
8,0,14,38,38
8,0,14,39,36
8,0,14,40,36
8,0,14,41,40
8,0,14,42,38
8,0,14,43,34
8,0,14,44,40
8,0,14,45,38
8,0,14,46,34
8,0,14,47,38
8,0,14,48,40
8,0,14,49,36
8,0,14,50,36
8,0,14,51,38
8,0,14,52,34
8,0,14,53,34
8,0,14,54,34
8,0,14,55,36
8,0,14,56,32
8,0,14,57,36
8,0,14,58,36
8,0,14,59,34
8,0,14,60,40
8,0,14,61,32
8,0,14,62,32
8,0,14,63,38
8,1,0,0,40
8,1,0,1,36
8,1,0,2,36
8,1,0,3,32
8,1,0,4,34
8,1,0,5,40
8,1,0,6,42
8,1,0,7,38
8,1,0,8,36
8,1,0,9,38
8,1,0,10,36
8,1,0,11,36
8,1,0,12,38
8,1,0,13,40
8,1,0,14,34
8,1,0,15,34
8,1,0,16,38
8,1,0,17,36
8,1,0,18,34
8,1,0,19,36
8,1,0,20,36
8,1,0,21,34
8,1,0,22,34
8,1,0,23,34
8,1,0,24,34
8,1,0,25,38
8,1,0,26,36
8,1,0,27,34
8,1,0,28,38
8,1,0,29,36
8,1,0,30,38
8,1,0,31,34
8,1,0,32,32
8,1,0,33,34
8,1,0,34,36
8,1,0,35,32
8,1,0,36,36
8,1,0,37,38
8,1,0,38,36
8,1,0,39,40
8,1,0,40,38
8,1,0,41,38
8,1,0,42,36
8,1,0,43,36
8,1,0,44,36
8,1,0,45,32
8,1,0,46,34
8,1,0,47,36
8,1,0,48,36
8,1,0,49,36
8,1,0,50,34
8,1,0,51,34
8,1,0,52,36
8,1,0,53,32
8,1,0,54,38
8,1,0,55,40
8,1,0,56,68
8,1,0,57,38
8,1,0,58,78
8,1,0,59,32
8,1,0,60,34
8,1,0,61,70
8,1,0,62,36
8,1,0,63,36
8,1,1,0,36
8,1,1,1,36
8,1,1,2,36
8,1,1,3,34
8,1,1,4,32
8,1,1,5,38
8,1,1,6,38
8,1,1,7,36
8,1,1,8,38
8,1,1,9,40
8,1,1,10,40
8,1,1,11,38
8,1,1,12,40
8,1,1,13,36
8,1,1,14,38
8,1,1,15,40
8,1,1,16,38
8,1,1,17,44
8,1,1,18,36
8,1,1,19,36
8,1,1,20,38
8,1,1,21,38
8,1,1,22,40
8,1,1,23,40
8,1,1,24,36
8,1,1,25,38
8,1,1,26,38
8,1,1,27,42
8,1,1,28,36
8,1,1,29,38
8,1,1,30,38
8,1,1,31,38
8,1,1,32,38
8,1,1,33,38
8,1,1,34,38
8,1,1,35,36
8,1,1,36,40
8,1,1,37,36
8,1,1,38,36
8,1,1,39,36
8,1,1,40,34
8,1,1,41,36
8,1,1,42,40
8,1,1,43,36
8,1,1,44,36
8,1,1,45,38
8,1,1,46,34
8,1,1,47,38
8,1,1,48,34
8,1,1,49,36
8,1,1,50,36
8,1,1,51,32
8,1,1,52,36
8,1,1,53,36
8,1,1,54,40
8,1,1,55,36
8,1,1,56,36
8,1,1,57,36
8,1,1,58,36
8,1,1,59,38
8,1,1,60,36
8,1,1,61,34
8,1,1,62,40
8,1,1,63,40
8,1,2,0,36
8,1,2,1,38
8,1,2,2,32
8,1,2,3,38
8,1,2,4,36
8,1,2,5,36
8,1,2,6,34
8,1,2,7,36
8,1,2,8,36
8,1,2,9,42
8,1,2,10,36
8,1,2,11,36
8,1,2,12,34
8,1,2,13,36
8,1,2,14,34
8,1,2,15,36
8,1,2,16,34
8,1,2,17,36
8,1,2,18,34
8,1,2,19,38
8,1,2,20,38
8,1,2,21,36
8,1,2,22,36
8,1,2,23,38
8,1,2,24,36
8,1,2,25,40
8,1,2,26,34
8,1,2,27,34
8,1,2,28,38
8,1,2,29,34
8,1,2,30,38
8,1,2,31,38
8,1,2,32,36
8,1,2,33,36
8,1,2,34,38
8,1,2,35,38
8,1,2,36,34
8,1,2,37,38
8,1,2,38,32
8,1,2,39,36
8,1,2,40,40
8,1,2,41,36
8,1,2,42,38
8,1,2,43,38
8,1,2,44,36
8,1,2,45,34
8,1,2,46,36
8,1,2,47,36
8,1,2,48,36
8,1,2,49,34
8,1,2,50,36
8,1,2,51,38
8,1,2,52,36
8,1,2,53,38
8,1,2,54,34
8,1,2,55,34
8,1,2,56,34
8,1,2,57,40
8,1,2,58,38
8,1,2,59,40
8,1,2,60,38
8,1,2,61,34
8,1,2,62,36
8,1,2,63,36
8,1,3,0,40
8,1,3,1,38
8,1,3,2,32
8,1,3,3,34
8,1,3,4,36
8,1,3,5,36
8,1,3,6,36
8,1,3,7,34
8,1,3,8,34
8,1,3,9,34
8,1,3,10,38
8,1,3,11,34
8,1,3,12,32
8,1,3,13,40
8,1,3,14,36
8,1,3,15,36
8,1,3,16,34
8,1,3,17,36
8,1,3,18,34
8,1,3,19,36
8,1,3,20,38
8,1,3,21,36
8,1,3,22,38
8,1,3,23,32
8,1,3,24,38
8,1,3,25,38
8,1,3,26,36
8,1,3,27,38
8,1,3,28,38
8,1,3,29,34
8,1,3,30,36
8,1,3,31,36
8,1,3,32,38
8,1,3,33,40
8,1,3,34,36
8,1,3,35,34
8,1,3,36,40
8,1,3,37,36
8,1,3,38,40
8,1,3,39,34
8,1,3,40,34
8,1,3,41,40
8,1,3,42,36
8,1,3,43,36
8,1,3,44,36
8,1,3,45,38
8,1,3,46,38
8,1,3,47,38
8,1,3,48,38
8,1,3,49,36
8,1,3,50,36
8,1,3,51,36
8,1,3,52,34
8,1,3,53,46
8,1,3,54,38
8,1,3,55,34
8,1,3,56,36
8,1,3,57,32
8,1,3,58,36
8,1,3,59,36
8,1,3,60,38
8,1,3,61,40
8,1,3,62,38
8,1,3,63,36
8,1,4,0,38
8,1,4,1,34
8,1,4,2,36
8,1,4,3,40
8,1,4,4,36
8,1,4,5,36
8,1,4,6,38
8,1,4,7,36
8,1,4,8,40
8,1,4,9,36
8,1,4,10,36
8,1,4,11,42
8,1,4,12,36
8,1,4,13,36
8,1,4,14,36
8,1,4,15,42
8,1,4,16,36
8,1,4,17,38
8,1,4,18,36
8,1,4,19,40
8,1,4,20,38
8,1,4,21,36
8,1,4,22,38
8,1,4,23,38
8,1,4,24,36
8,1,4,25,36
8,1,4,26,36
8,1,4,27,34
8,1,4,28,38
8,1,4,29,38
8,1,4,30,34
8,1,4,31,40
8,1,4,32,38
8,1,4,33,36
8,1,4,34,34
8,1,4,35,36
8,1,4,36,38
8,1,4,37,38
8,1,4,38,36
8,1,4,39,38
8,1,4,40,42
8,1,4,41,34
8,1,4,42,40
8,1,4,43,36
8,1,4,44,36
8,1,4,45,40
8,1,4,46,38
8,1,4,47,40
8,1,4,48,36
8,1,4,49,38
8,1,4,50,34
8,1,4,51,38
8,1,4,52,38
8,1,4,53,40
8,1,4,54,34
8,1,4,55,40
8,1,4,56,36
8,1,4,57,36
8,1,4,58,34
8,1,4,59,34
8,1,4,60,40
8,1,4,61,34
8,1,4,62,38
8,1,4,63,36
8,1,5,0,36
8,1,5,1,38
8,1,5,2,36
8,1,5,3,40
8,1,5,4,36
8,1,5,5,36
8,1,5,6,36
8,1,5,7,36
8,1,5,8,42
8,1,5,9,38
8,1,5,10,38
8,1,5,11,36
8,1,5,12,34
8,1,5,13,36
8,1,5,14,36
8,1,5,15,36
8,1,5,16,38
8,1,5,17,36
8,1,5,18,36
8,1,5,19,42
8,1,5,20,38
8,1,5,21,38
8,1,5,22,36
8,1,5,23,36
8,1,5,24,36
8,1,5,25,40
8,1,5,26,40
8,1,5,27,36
8,1,5,28,36
8,1,5,29,36
8,1,5,30,36
8,1,5,31,38
8,1,5,32,36
8,1,5,33,40
8,1,5,34,38
8,1,5,35,36
8,1,5,36,38
8,1,5,37,40
8,1,5,38,40
8,1,5,39,36
8,1,5,40,38
8,1,5,41,38
8,1,5,42,40
8,1,5,43,36
8,1,5,44,36
8,1,5,45,44
8,1,5,46,34
8,1,5,47,40
8,1,5,48,38
8,1,5,49,38
8,1,5,50,36
8,1,5,51,34
8,1,5,52,38
8,1,5,53,36
8,1,5,54,38
8,1,5,55,38
8,1,5,56,40
8,1,5,57,36
8,1,5,58,36
8,1,5,59,38
8,1,5,60,38
8,1,5,61,36
8,1,5,62,38
8,1,5,63,40
8,1,6,0,36
8,1,6,1,40
8,1,6,2,48
8,1,6,3,36
8,1,6,4,40
8,1,6,5,36
8,1,6,6,38
8,1,6,7,40
8,1,6,8,40
8,1,6,9,36
8,1,6,10,36
8,1,6,11,34
8,1,6,12,34
8,1,6,13,40
8,1,6,14,36
8,1,6,15,36
8,1,6,16,38
8,1,6,17,40
8,1,6,18,38
8,1,6,19,34
8,1,6,20,36
8,1,6,21,32
8,1,6,22,38
8,1,6,23,38
8,1,6,24,40
8,1,6,25,38
8,1,6,26,40
8,1,6,27,36
8,1,6,28,38
8,1,6,29,38
8,1,6,30,36
8,1,6,31,36
8,1,6,32,38
8,1,6,33,36
8,1,6,34,40
8,1,6,35,36
8,1,6,36,38
8,1,6,37,34
8,1,6,38,34
8,1,6,39,36
8,1,6,40,40
8,1,6,41,38
8,1,6,42,36
8,1,6,43,36
8,1,6,44,36
8,1,6,45,36
8,1,6,46,38
8,1,6,47,36
8,1,6,48,36
8,1,6,49,38
8,1,6,50,34
8,1,6,51,36
8,1,6,52,36
8,1,6,53,40
8,1,6,54,34
8,1,6,55,40
8,1,6,56,34
8,1,6,57,36
8,1,6,58,36
8,1,6,59,40
8,1,6,60,40
8,1,6,61,40
8,1,6,62,36
8,1,6,63,40
8,1,7,0,32
8,1,7,1,38
8,1,7,2,36
8,1,7,3,36
8,1,7,4,36
8,1,7,5,34
8,1,7,6,38
8,1,7,7,36
8,1,7,8,40
8,1,7,9,36
8,1,7,10,36
8,1,7,11,36
8,1,7,12,36
8,1,7,13,38
8,1,7,14,40
8,1,7,15,38
8,1,7,16,32
8,1,7,17,36
8,1,7,18,40
8,1,7,19,34
8,1,7,20,40
8,1,7,21,38
8,1,7,22,36
8,1,7,23,36
8,1,7,24,36
8,1,7,25,36
8,1,7,26,38
8,1,7,27,36
8,1,7,28,36
8,1,7,29,36
8,1,7,30,34
8,1,7,31,36
8,1,7,32,42
8,1,7,33,36
8,1,7,34,36
8,1,7,35,34
8,1,7,36,36
8,1,7,37,34
8,1,7,38,36
8,1,7,39,34
8,1,7,40,40
8,1,7,41,40
8,1,7,42,36
8,1,7,43,34
8,1,7,44,34
8,1,7,45,40
8,1,7,46,36
8,1,7,47,38
8,1,7,48,36
8,1,7,49,38
8,1,7,50,40
8,1,7,51,36
8,1,7,52,36
8,1,7,53,38
8,1,7,54,40
8,1,7,55,36
8,1,7,56,34
8,1,7,57,40
8,1,7,58,36
8,1,7,59,36
8,1,7,60,38
8,1,7,61,34
8,1,7,62,36
8,1,7,63,34
8,1,8,0,40
8,1,8,1,40
8,1,8,2,40
8,1,8,3,40
8,1,8,4,38
8,1,8,5,36
8,1,8,6,42
8,1,8,7,34
8,1,8,8,38
8,1,8,9,38
8,1,8,10,32
8,1,8,11,36
8,1,8,12,38
8,1,8,13,11010
8,1,8,14,38
8,1,8,15,36
8,1,8,16,38
8,1,8,17,34
8,1,8,18,38
8,1,8,19,38
8,1,8,20,34
8,1,8,21,36
8,1,8,22,38
8,1,8,23,38
8,1,8,24,32
8,1,8,25,40
8,1,8,26,36
8,1,8,27,36
8,1,8,28,34
8,1,8,29,36
8,1,8,30,42
8,1,8,31,40
8,1,8,32,36
8,1,8,33,42
8,1,8,34,36
8,1,8,35,38
8,1,8,36,36
8,1,8,37,38
8,1,8,38,38
8,1,8,39,42
8,1,8,40,40
8,1,8,41,40
8,1,8,42,40
8,1,8,43,40
8,1,8,44,38
8,1,8,45,34
8,1,8,46,36
8,1,8,47,36
8,1,8,48,40
8,1,8,49,40
8,1,8,50,42
8,1,8,51,34
8,1,8,52,38
8,1,8,53,40
8,1,8,54,38
8,1,8,55,40
8,1,8,56,38
8,1,8,57,34
8,1,8,58,38
8,1,8,59,38
8,1,8,60,32
8,1,8,61,40
8,1,8,62,36
8,1,8,63,36
8,1,9,0,38
8,1,9,1,34
8,1,9,2,36
8,1,9,3,36
8,1,9,4,38
8,1,9,5,36
8,1,9,6,36
8,1,9,7,36
8,1,9,8,36
8,1,9,9,36
8,1,9,10,40
8,1,9,11,36
8,1,9,12,42
8,1,9,13,38
8,1,9,14,32
8,1,9,15,38
8,1,9,16,36
8,1,9,17,38
8,1,9,18,36
8,1,9,19,34
8,1,9,20,32
8,1,9,21,32
8,1,9,22,36
8,1,9,23,40
8,1,9,24,36
8,1,9,25,34
8,1,9,26,32
8,1,9,27,32
8,1,9,28,34
8,1,9,29,36
8,1,9,30,34
8,1,9,31,38
8,1,9,32,38
8,1,9,33,36
8,1,9,34,40
8,1,9,35,36
8,1,9,36,36
8,1,9,37,36
8,1,9,38,32
8,1,9,39,38
8,1,9,40,36
8,1,9,41,32
8,1,9,42,36
8,1,9,43,36
8,1,9,44,34
8,1,9,45,34
8,1,9,46,36
8,1,9,47,36
8,1,9,48,34
8,1,9,49,36
8,1,9,50,36
8,1,9,51,34
8,1,9,52,40
8,1,9,53,36
8,1,9,54,38
8,1,9,55,36
8,1,9,56,40
8,1,9,57,36
8,1,9,58,32
8,1,9,59,34
8,1,9,60,40
8,1,9,61,36
8,1,9,62,36
8,1,9,63,36
8,1,10,0,36
8,1,10,1,38
8,1,10,2,36
8,1,10,3,40
8,1,10,4,36
8,1,10,5,38
8,1,10,6,36
8,1,10,7,34
8,1,10,8,36
8,1,10,9,34
8,1,10,10,36
8,1,10,11,36
8,1,10,12,38
8,1,10,13,38
8,1,10,14,40
8,1,10,15,38
8,1,10,16,40
8,1,10,17,40
8,1,10,18,38
8,1,10,19,40
8,1,10,20,36
8,1,10,21,40
8,1,10,22,38
8,1,10,23,36
8,1,10,24,34
8,1,10,25,46
8,1,10,26,36
8,1,10,27,38
8,1,10,28,36
8,1,10,29,34
8,1,10,30,34
8,1,10,31,38
8,1,10,32,36
8,1,10,33,38
8,1,10,34,36
8,1,10,35,38
8,1,10,36,36
8,1,10,37,40
8,1,10,38,42
8,1,10,39,38
8,1,10,40,36
8,1,10,41,40
8,1,10,42,36
8,1,10,43,36
8,1,10,44,36
8,1,10,45,38
8,1,10,46,34
8,1,10,47,38
8,1,10,48,38
8,1,10,49,38
8,1,10,50,36
8,1,10,51,36
8,1,10,52,36
8,1,10,53,38
8,1,10,54,34
8,1,10,55,36
8,1,10,56,38
8,1,10,57,38
8,1,10,58,36
8,1,10,59,36
8,1,10,60,38
8,1,10,61,38
8,1,10,62,38
8,1,10,63,34
8,1,11,0,36
8,1,11,1,40
8,1,11,2,34
8,1,11,3,38
8,1,11,4,36
8,1,11,5,38
8,1,11,6,46
8,1,11,7,36
8,1,11,8,38
8,1,11,9,40
8,1,11,10,36
8,1,11,11,34
8,1,11,12,38
8,1,11,13,36
8,1,11,14,36
8,1,11,15,38
8,1,11,16,40
8,1,11,17,36
8,1,11,18,36
8,1,11,19,40
8,1,11,20,42
8,1,11,21,36
8,1,11,22,36
8,1,11,23,40
8,1,11,24,40
8,1,11,25,36
8,1,11,26,38
8,1,11,27,36
8,1,11,28,36
8,1,11,29,38
8,1,11,30,36
8,1,11,31,36
8,1,11,32,38
8,1,11,33,36
8,1,11,34,36
8,1,11,35,36
8,1,11,36,36
8,1,11,37,36
8,1,11,38,38
8,1,11,39,40
8,1,11,40,38
8,1,11,41,34
8,1,11,42,36
8,1,11,43,38
8,1,11,44,36
8,1,11,45,40
8,1,11,46,34
8,1,11,47,38
8,1,11,48,40
8,1,11,49,38
8,1,11,50,40
8,1,11,51,36
8,1,11,52,38
8,1,11,53,38
8,1,11,54,40
8,1,11,55,36
8,1,11,56,40
8,1,11,57,36
8,1,11,58,38
8,1,11,59,34
8,1,11,60,36
8,1,11,61,34
8,1,11,62,36
8,1,11,63,38
8,1,12,0,40
8,1,12,1,36
8,1,12,2,38
8,1,12,3,36
8,1,12,4,34
8,1,12,5,36
8,1,12,6,36
8,1,12,7,36
8,1,12,8,34
8,1,12,9,36
8,1,12,10,38
8,1,12,11,36
8,1,12,12,34
8,1,12,13,40
8,1,12,14,36
8,1,12,15,38
8,1,12,16,42
8,1,12,17,36
8,1,12,18,36
8,1,12,19,34
8,1,12,20,36
8,1,12,21,40
8,1,12,22,36
8,1,12,23,36
8,1,12,24,38
8,1,12,25,40
8,1,12,26,36
8,1,12,27,38
8,1,12,28,36
8,1,12,29,38
8,1,12,30,38
8,1,12,31,38
8,1,12,32,34
8,1,12,33,38
8,1,12,34,36
8,1,12,35,40
8,1,12,36,36
8,1,12,37,40
8,1,12,38,40
8,1,12,39,36
8,1,12,40,36
8,1,12,41,36
8,1,12,42,38
8,1,12,43,34
8,1,12,44,36
8,1,12,45,34
8,1,12,46,36
8,1,12,47,34
8,1,12,48,36
8,1,12,49,36
8,1,12,50,36
8,1,12,51,36
8,1,12,52,38
8,1,12,53,34
8,1,12,54,36
8,1,12,55,38
8,1,12,56,32
8,1,12,57,40
8,1,12,58,36
8,1,12,59,34
8,1,12,60,36
8,1,12,61,40
8,1,12,62,34
8,1,12,63,36
8,1,13,0,36
8,1,13,1,42
8,1,13,2,36
8,1,13,3,36
8,1,13,4,38
8,1,13,5,34
8,1,13,6,40
8,1,13,7,40
8,1,13,8,36
8,1,13,9,36
8,1,13,10,38
8,1,13,11,40
8,1,13,12,38
8,1,13,13,36
8,1,13,14,36
8,1,13,15,36
8,1,13,16,36
8,1,13,17,38
8,1,13,18,36
8,1,13,19,36
8,1,13,20,40
8,1,13,21,36
8,1,13,22,36
8,1,13,23,40
8,1,13,24,34
8,1,13,25,34
8,1,13,26,40
8,1,13,27,36
8,1,13,28,36
8,1,13,29,38
8,1,13,30,40
8,1,13,31,36
8,1,13,32,40
8,1,13,33,36
8,1,13,34,34
8,1,13,35,36
8,1,13,36,34
8,1,13,37,38
8,1,13,38,36
8,1,13,39,36
8,1,13,40,40
8,1,13,41,38
8,1,13,42,38
8,1,13,43,38
8,1,13,44,36
8,1,13,45,36
8,1,13,46,38
8,1,13,47,38
8,1,13,48,40
8,1,13,49,36
8,1,13,50,40
8,1,13,51,36
8,1,13,52,34
8,1,13,53,40
8,1,13,54,36
8,1,13,55,38
8,1,13,56,36
8,1,13,57,42
8,1,13,58,40
8,1,13,59,40
8,1,13,60,38
8,1,13,61,46
8,1,13,62,32
8,1,13,63,38
8,1,14,0,40
8,1,14,1,38
8,1,14,2,34
8,1,14,3,40
8,1,14,4,42
8,1,14,5,36
8,1,14,6,40
8,1,14,7,34
8,1,14,8,40
8,1,14,9,36
8,1,14,10,34
8,1,14,11,36
8,1,14,12,38
8,1,14,13,40
8,1,14,14,36
8,1,14,15,36
8,1,14,16,38
8,1,14,17,34
8,1,14,18,38
8,1,14,19,36
8,1,14,20,38
8,1,14,21,36
8,1,14,22,38
8,1,14,23,38
8,1,14,24,32
8,1,14,25,36
8,1,14,26,34
8,1,14,27,34
8,1,14,28,38
8,1,14,29,38
8,1,14,30,38
8,1,14,31,38
8,1,14,32,36
8,1,14,33,40
8,1,14,34,38
8,1,14,35,36
8,1,14,36,34
8,1,14,37,42
8,1,14,38,38
8,1,14,39,36
8,1,14,40,36
8,1,14,41,40
8,1,14,42,36
8,1,14,43,34
8,1,14,44,38
8,1,14,45,34
8,1,14,46,38
8,1,14,47,36
8,1,14,48,34
8,1,14,49,36
8,1,14,50,40
8,1,14,51,36
8,1,14,52,36
8,1,14,53,36
8,1,14,54,34
8,1,14,55,36
8,1,14,56,40
8,1,14,57,40
8,1,14,58,34
8,1,14,59,40
8,1,14,60,42
8,1,14,61,36
8,1,14,62,40
8,1,14,63,34
8,2,0,0,72
8,2,0,1,38
8,2,0,2,64
8,2,0,3,36
8,2,0,4,74
8,2,0,5,74
8,2,0,6,68
8,2,0,7,38
8,2,0,8,36
8,2,0,9,76
8,2,0,10,70
8,2,0,11,64
8,2,0,12,78
8,2,0,13,78
8,2,0,14,64
8,2,0,15,64
8,2,0,16,32
8,2,0,17,38
8,2,0,18,38
8,2,0,19,36
8,2,0,20,32
8,2,0,21,40
8,2,0,22,36
8,2,0,23,36
8,2,0,24,38
8,2,0,25,32
8,2,0,26,38
8,2,0,27,36
8,2,0,28,38
8,2,0,29,36
8,2,0,30,40
8,2,0,31,36
8,2,0,32,38
8,2,0,33,36
8,2,0,34,38
8,2,0,35,40
8,2,0,36,32
8,2,0,37,36
8,2,0,38,36
8,2,0,39,36
8,2,0,40,66
8,2,0,41,66
8,2,0,42,70
8,2,0,43,40
8,2,0,44,38
8,2,0,45,66
8,2,0,46,72
8,2,0,47,74
8,2,0,48,64
8,2,0,49,36
8,2,0,50,36
8,2,0,51,38
8,2,0,52,70
8,2,0,53,58
8,2,0,54,40
8,2,0,55,36
8,2,0,56,66
8,2,0,57,36
8,2,0,58,76
8,2,0,59,40
8,2,0,60,36
8,2,0,61,66
8,2,0,62,54
8,2,0,63,74
8,2,1,0,36
8,2,1,1,36
8,2,1,2,36
8,2,1,3,32
8,2,1,4,36
8,2,1,5,38
8,2,1,6,38
8,2,1,7,36
8,2,1,8,40
8,2,1,9,38
8,2,1,10,36
8,2,1,11,36
8,2,1,12,40
8,2,1,13,40
8,2,1,14,36
8,2,1,15,32
8,2,1,16,38
8,2,1,17,36
8,2,1,18,38
8,2,1,19,34
8,2,1,20,38
8,2,1,21,38
8,2,1,22,34
8,2,1,23,36
8,2,1,24,36
8,2,1,25,34
8,2,1,26,38
8,2,1,27,36
8,2,1,28,34
8,2,1,29,36
8,2,1,30,48
8,2,1,31,38
8,2,1,32,38
8,2,1,33,36
8,2,1,34,36
8,2,1,35,38
8,2,1,36,38
8,2,1,37,34
8,2,1,38,34
8,2,1,39,38
8,2,1,40,36
8,2,1,41,38
8,2,1,42,38
8,2,1,43,36
8,2,1,44,38
8,2,1,45,40
8,2,1,46,36
8,2,1,47,36
8,2,1,48,32
8,2,1,49,38
8,2,1,50,40
8,2,1,51,38
8,2,1,52,38
8,2,1,53,36
8,2,1,54,36
8,2,1,55,36
8,2,1,56,36
8,2,1,57,38
8,2,1,58,38
8,2,1,59,36
8,2,1,60,36
8,2,1,61,34
8,2,1,62,40
8,2,1,63,36
8,2,2,0,36
8,2,2,1,36
8,2,2,2,32
8,2,2,3,32
8,2,2,4,40
8,2,2,5,36
8,2,2,6,36
8,2,2,7,36
8,2,2,8,34
8,2,2,9,36
8,2,2,10,38
8,2,2,11,36
8,2,2,12,38
8,2,2,13,40
8,2,2,14,36
8,2,2,15,38
8,2,2,16,36
8,2,2,17,36
8,2,2,18,38
8,2,2,19,38
8,2,2,20,40
8,2,2,21,40
8,2,2,22,34
8,2,2,23,34
8,2,2,24,36
8,2,2,25,36
8,2,2,26,38
8,2,2,27,40
8,2,2,28,32
8,2,2,29,36
8,2,2,30,34
8,2,2,31,36
8,2,2,32,40
8,2,2,33,38
8,2,2,34,40
8,2,2,35,36
8,2,2,36,38
8,2,2,37,42
8,2,2,38,40
8,2,2,39,34
8,2,2,40,38
8,2,2,41,32
8,2,2,42,36
8,2,2,43,36
8,2,2,44,32
8,2,2,45,32
8,2,2,46,36
8,2,2,47,36
8,2,2,48,36
8,2,2,49,38
8,2,2,50,36
8,2,2,51,36
8,2,2,52,38
8,2,2,53,36
8,2,2,54,36
8,2,2,55,36
8,2,2,56,40
8,2,2,57,38
8,2,2,58,38
8,2,2,59,36
8,2,2,60,36
8,2,2,61,38
8,2,2,62,38
8,2,2,63,38
8,2,3,0,36
8,2,3,1,42
8,2,3,2,38
8,2,3,3,36
8,2,3,4,36
8,2,3,5,38
8,2,3,6,34
8,2,3,7,34
8,2,3,8,34
8,2,3,9,38
8,2,3,10,38
8,2,3,11,36
8,2,3,12,32
8,2,3,13,38
8,2,3,14,36
8,2,3,15,38
8,2,3,16,36
8,2,3,17,36
8,2,3,18,40
8,2,3,19,40
8,2,3,20,32
8,2,3,21,42
8,2,3,22,40
8,2,3,23,36
8,2,3,24,36
8,2,3,25,38
8,2,3,26,36
8,2,3,27,40
8,2,3,28,36
8,2,3,29,36
8,2,3,30,36
8,2,3,31,36
8,2,3,32,36
8,2,3,33,38
8,2,3,34,36
8,2,3,35,40
8,2,3,36,38
8,2,3,37,38
8,2,3,38,36
8,2,3,39,40
8,2,3,40,34
8,2,3,41,38
8,2,3,42,36
8,2,3,43,40
8,2,3,44,34
8,2,3,45,36
8,2,3,46,38
8,2,3,47,38
8,2,3,48,36
8,2,3,49,38
8,2,3,50,32
8,2,3,51,36
8,2,3,52,38
8,2,3,53,34
8,2,3,54,40
8,2,3,55,38
8,2,3,56,36
8,2,3,57,36
8,2,3,58,38
8,2,3,59,38
8,2,3,60,38
8,2,3,61,40
8,2,3,62,40
8,2,3,63,36
8,2,4,0,40
8,2,4,1,36
8,2,4,2,36
8,2,4,3,38
8,2,4,4,38
8,2,4,5,38
8,2,4,6,36
8,2,4,7,34
8,2,4,8,40
8,2,4,9,38
8,2,4,10,38
8,2,4,11,34
8,2,4,12,36
8,2,4,13,36
8,2,4,14,40
8,2,4,15,36
8,2,4,16,34
8,2,4,17,40
8,2,4,18,36
8,2,4,19,40
8,2,4,20,42
8,2,4,21,34
8,2,4,22,40
8,2,4,23,36
8,2,4,24,36
8,2,4,25,36
8,2,4,26,36
8,2,4,27,38
8,2,4,28,38
8,2,4,29,38
8,2,4,30,42
8,2,4,31,36
8,2,4,32,42
8,2,4,33,34
8,2,4,34,38
8,2,4,35,34
8,2,4,36,38
8,2,4,37,40
8,2,4,38,36
8,2,4,39,38
8,2,4,40,36
8,2,4,41,40
8,2,4,42,36
8,2,4,43,34
8,2,4,44,40
8,2,4,45,34
8,2,4,46,36
8,2,4,47,38
8,2,4,48,38
8,2,4,49,38
8,2,4,50,40
8,2,4,51,36
8,2,4,52,38
8,2,4,53,40
8,2,4,54,36
8,2,4,55,32
8,2,4,56,46
8,2,4,57,38
8,2,4,58,36
8,2,4,59,38
8,2,4,60,38
8,2,4,61,40
8,2,4,62,32
8,2,4,63,40
8,2,5,0,36
8,2,5,1,36
8,2,5,2,34
8,2,5,3,40
8,2,5,4,36
8,2,5,5,34
8,2,5,6,38
8,2,5,7,36
8,2,5,8,36
8,2,5,9,38
8,2,5,10,36
8,2,5,11,38
8,2,5,12,42
8,2,5,13,36
8,2,5,14,38
8,2,5,15,36
8,2,5,16,38
8,2,5,17,38
8,2,5,18,36
8,2,5,19,40
8,2,5,20,38
8,2,5,21,40
8,2,5,22,40
8,2,5,23,42
8,2,5,24,38
8,2,5,25,40
8,2,5,26,40
8,2,5,27,38
8,2,5,28,36
8,2,5,29,36
8,2,5,30,38
8,2,5,31,38
8,2,5,32,36
8,2,5,33,34
8,2,5,34,34
8,2,5,35,34
8,2,5,36,38
8,2,5,37,38
8,2,5,38,36
8,2,5,39,42
8,2,5,40,40
8,2,5,41,38
8,2,5,42,38
8,2,5,43,34
8,2,5,44,40
8,2,5,45,38
8,2,5,46,38
8,2,5,47,38
8,2,5,48,38
8,2,5,49,36
8,2,5,50,36
8,2,5,51,40
8,2,5,52,36
8,2,5,53,38
8,2,5,54,40
8,2,5,55,40
8,2,5,56,38
8,2,5,57,38
8,2,5,58,36
8,2,5,59,38
8,2,5,60,34
8,2,5,61,40
8,2,5,62,38
8,2,5,63,40
8,2,6,0,36
8,2,6,1,36
8,2,6,2,40
8,2,6,3,38
8,2,6,4,36
8,2,6,5,38
8,2,6,6,36
8,2,6,7,34
8,2,6,8,36
8,2,6,9,38
8,2,6,10,38
8,2,6,11,44
8,2,6,12,36
8,2,6,13,34
8,2,6,14,40
8,2,6,15,38
8,2,6,16,38
8,2,6,17,38
8,2,6,18,40
8,2,6,19,38
8,2,6,20,40
8,2,6,21,38
8,2,6,22,36
8,2,6,23,36
8,2,6,24,38
8,2,6,25,36
8,2,6,26,38
8,2,6,27,38
8,2,6,28,34
8,2,6,29,40
8,2,6,30,34
8,2,6,31,32
8,2,6,32,36
8,2,6,33,40
8,2,6,34,34
8,2,6,35,38
8,2,6,36,34
8,2,6,37,40
8,2,6,38,36
8,2,6,39,34
8,2,6,40,40
8,2,6,41,42
8,2,6,42,42
8,2,6,43,32
8,2,6,44,42
8,2,6,45,36
8,2,6,46,38
8,2,6,47,34
8,2,6,48,34
8,2,6,49,34
8,2,6,50,38
8,2,6,51,36
8,2,6,52,34
8,2,6,53,38
8,2,6,54,36
8,2,6,55,38
8,2,6,56,36
8,2,6,57,38
8,2,6,58,36
8,2,6,59,36
8,2,6,60,40
8,2,6,61,38
8,2,6,62,36
8,2,6,63,36
8,2,7,0,36
8,2,7,1,38
8,2,7,2,38
8,2,7,3,38
8,2,7,4,36
8,2,7,5,34
8,2,7,6,38
8,2,7,7,36
8,2,7,8,36
8,2,7,9,36
8,2,7,10,40
8,2,7,11,38
8,2,7,12,42
8,2,7,13,34
8,2,7,14,40
8,2,7,15,34
8,2,7,16,40
8,2,7,17,38
8,2,7,18,36
8,2,7,19,36
8,2,7,20,40
8,2,7,21,34
8,2,7,22,38
8,2,7,23,40
8,2,7,24,42
8,2,7,25,38
8,2,7,26,40
8,2,7,27,36
8,2,7,28,38
8,2,7,29,38
8,2,7,30,38
8,2,7,31,40
8,2,7,32,38
8,2,7,33,36
8,2,7,34,36
8,2,7,35,36
8,2,7,36,36
8,2,7,37,38
8,2,7,38,36
8,2,7,39,36
8,2,7,40,38
8,2,7,41,38
8,2,7,42,36
8,2,7,43,38
8,2,7,44,38
8,2,7,45,40
8,2,7,46,36
8,2,7,47,40
8,2,7,48,36
8,2,7,49,34
8,2,7,50,38
8,2,7,51,38
8,2,7,52,40
8,2,7,53,40
8,2,7,54,36
8,2,7,55,36
8,2,7,56,36
8,2,7,57,40
8,2,7,58,38
8,2,7,59,36
8,2,7,60,36
8,2,7,61,32
8,2,7,62,36
8,2,7,63,34
8,2,8,0,36
8,2,8,1,38
8,2,8,2,36
8,2,8,3,36
8,2,8,4,34
8,2,8,5,36
8,2,8,6,36
8,2,8,7,36
8,2,8,8,36
8,2,8,9,34
8,2,8,10,38
8,2,8,11,34
8,2,8,12,36
8,2,8,13,38
8,2,8,14,38
8,2,8,15,40
8,2,8,16,40
8,2,8,17,40
8,2,8,18,38
8,2,8,19,38
8,2,8,20,36
8,2,8,21,36
8,2,8,22,36
8,2,8,23,38
8,2,8,24,40
8,2,8,25,34
8,2,8,26,34
8,2,8,27,38
8,2,8,28,38
8,2,8,29,36
8,2,8,30,32
8,2,8,31,38
8,2,8,32,36
8,2,8,33,36
8,2,8,34,34
8,2,8,35,40
8,2,8,36,38
8,2,8,37,34
8,2,8,38,40
8,2,8,39,40
8,2,8,40,38
8,2,8,41,36
8,2,8,42,34
8,2,8,43,38
8,2,8,44,40
8,2,8,45,38
8,2,8,46,38
8,2,8,47,36
8,2,8,48,38
8,2,8,49,36
8,2,8,50,36
8,2,8,51,36
8,2,8,52,38
8,2,8,53,40
8,2,8,54,36
8,2,8,55,36
8,2,8,56,38
8,2,8,57,34
8,2,8,58,36
8,2,8,59,42
8,2,8,60,48
8,2,8,61,34
8,2,8,62,36
8,2,8,63,40
8,2,9,0,34
8,2,9,1,40
8,2,9,2,38
8,2,9,3,40
8,2,9,4,38
8,2,9,5,38
8,2,9,6,42
8,2,9,7,38
8,2,9,8,36
8,2,9,9,36
8,2,9,10,36
8,2,9,11,42
8,2,9,12,38
8,2,9,13,38
8,2,9,14,36
8,2,9,15,36
8,2,9,16,36
8,2,9,17,36
8,2,9,18,36
8,2,9,19,36
8,2,9,20,36
8,2,9,21,48
8,2,9,22,38
8,2,9,23,38
8,2,9,24,36
8,2,9,25,38
8,2,9,26,38
8,2,9,27,40
8,2,9,28,36
8,2,9,29,36
8,2,9,30,34
8,2,9,31,40
8,2,9,32,36
8,2,9,33,38
8,2,9,34,38
8,2,9,35,32
8,2,9,36,36
8,2,9,37,34
8,2,9,38,38
8,2,9,39,36
8,2,9,40,40
8,2,9,41,36
8,2,9,42,36
8,2,9,43,32
8,2,9,44,36
8,2,9,45,40
8,2,9,46,38
8,2,9,47,32
8,2,9,48,38
8,2,9,49,34
8,2,9,50,32
8,2,9,51,34
8,2,9,52,40
8,2,9,53,40
8,2,9,54,38
8,2,9,55,36
8,2,9,56,36
8,2,9,57,38
8,2,9,58,40
8,2,9,59,38
8,2,9,60,40
8,2,9,61,36
8,2,9,62,32
8,2,9,63,40
8,2,10,0,36
8,2,10,1,36
8,2,10,2,36
8,2,10,3,36
8,2,10,4,36
8,2,10,5,40
8,2,10,6,36
8,2,10,7,40
8,2,10,8,34
8,2,10,9,36
8,2,10,10,40
8,2,10,11,36
8,2,10,12,36
8,2,10,13,34
8,2,10,14,34
8,2,10,15,34
8,2,10,16,40
8,2,10,17,38
8,2,10,18,38
8,2,10,19,36
8,2,10,20,38
8,2,10,21,34
8,2,10,22,42
8,2,10,23,40
8,2,10,24,36
8,2,10,25,36
8,2,10,26,36
8,2,10,27,36
8,2,10,28,36
8,2,10,29,36
8,2,10,30,34
8,2,10,31,38
8,2,10,32,38
8,2,10,33,34
8,2,10,34,34
8,2,10,35,40
8,2,10,36,36
8,2,10,37,38
8,2,10,38,36
8,2,10,39,36
8,2,10,40,40
8,2,10,41,36
8,2,10,42,34
8,2,10,43,36
8,2,10,44,34
8,2,10,45,40
8,2,10,46,36
8,2,10,47,36
8,2,10,48,40
8,2,10,49,34
8,2,10,50,40
8,2,10,51,38
8,2,10,52,34
8,2,10,53,40
8,2,10,54,36
8,2,10,55,36
8,2,10,56,36
8,2,10,57,40
8,2,10,58,40
8,2,10,59,34
8,2,10,60,40
8,2,10,61,38
8,2,10,62,36
8,2,10,63,38
8,2,11,0,38
8,2,11,1,36
8,2,11,2,34
8,2,11,3,40
8,2,11,4,36
8,2,11,5,42
8,2,11,6,36
8,2,11,7,36
8,2,11,8,38
8,2,11,9,38
8,2,11,10,36
8,2,11,11,38
8,2,11,12,34
8,2,11,13,36
8,2,11,14,40
8,2,11,15,40
8,2,11,16,34
8,2,11,17,36
8,2,11,18,36
8,2,11,19,36
8,2,11,20,36
8,2,11,21,38
8,2,11,22,38
8,2,11,23,36
8,2,11,24,40
8,2,11,25,38
8,2,11,26,36
8,2,11,27,38
8,2,11,28,38
8,2,11,29,38
8,2,11,30,40
8,2,11,31,36
8,2,11,32,36
8,2,11,33,36
8,2,11,34,40
8,2,11,35,38
8,2,11,36,40
8,2,11,37,32
8,2,11,38,38
8,2,11,39,40
8,2,11,40,34
8,2,11,41,34
8,2,11,42,36
8,2,11,43,38
8,2,11,44,34
8,2,11,45,36
8,2,11,46,36
8,2,11,47,36
8,2,11,48,36
8,2,11,49,42
8,2,11,50,40
8,2,11,51,36
8,2,11,52,32
8,2,11,53,38
8,2,11,54,38
8,2,11,55,38
8,2,11,56,38
8,2,11,57,44
8,2,11,58,36
8,2,11,59,36
8,2,11,60,32
8,2,11,61,38
8,2,11,62,38
8,2,11,63,38
8,2,12,0,38
8,2,12,1,38
8,2,12,2,34
8,2,12,3,40
8,2,12,4,36
8,2,12,5,40
8,2,12,6,36
8,2,12,7,34
8,2,12,8,34
8,2,12,9,36
8,2,12,10,34
8,2,12,11,38
8,2,12,12,34
8,2,12,13,38
8,2,12,14,38
8,2,12,15,34
8,2,12,16,40
8,2,12,17,36
8,2,12,18,38
8,2,12,19,32
8,2,12,20,34
8,2,12,21,38
8,2,12,22,40
8,2,12,23,36
8,2,12,24,38
8,2,12,25,36
8,2,12,26,40
8,2,12,27,36
8,2,12,28,38
8,2,12,29,36
8,2,12,30,36
8,2,12,31,38
8,2,12,32,36
8,2,12,33,36
8,2,12,34,36
8,2,12,35,36
8,2,12,36,40
8,2,12,37,38
8,2,12,38,38
8,2,12,39,38
8,2,12,40,34
8,2,12,41,36
8,2,12,42,36
8,2,12,43,36
8,2,12,44,38
8,2,12,45,36
8,2,12,46,36
8,2,12,47,34
8,2,12,48,40
8,2,12,49,36
8,2,12,50,38
8,2,12,51,38
8,2,12,52,34
8,2,12,53,34
8,2,12,54,32
8,2,12,55,36
8,2,12,56,38
8,2,12,57,40
8,2,12,58,38
8,2,12,59,36
8,2,12,60,36
8,2,12,61,36
8,2,12,62,36
8,2,12,63,38
8,2,13,0,34
8,2,13,1,36
8,2,13,2,36
8,2,13,3,36
8,2,13,4,38
8,2,13,5,34
8,2,13,6,36
8,2,13,7,34
8,2,13,8,38
8,2,13,9,40
8,2,13,10,38
8,2,13,11,34
8,2,13,12,36
8,2,13,13,36
8,2,13,14,36
8,2,13,15,36
8,2,13,16,38
8,2,13,17,36
8,2,13,18,36
8,2,13,19,36
8,2,13,20,40
8,2,13,21,40
8,2,13,22,38
8,2,13,23,36
8,2,13,24,36
8,2,13,25,36
8,2,13,26,34
8,2,13,27,34
8,2,13,28,38
8,2,13,29,34
8,2,13,30,32
8,2,13,31,40
8,2,13,32,36
8,2,13,33,36
8,2,13,34,32
8,2,13,35,36
8,2,13,36,36
8,2,13,37,38
8,2,13,38,34
8,2,13,39,38
8,2,13,40,34
8,2,13,41,34
8,2,13,42,38
8,2,13,43,38
8,2,13,44,36
8,2,13,45,36
8,2,13,46,36
8,2,13,47,38
8,2,13,48,40
8,2,13,49,32
8,2,13,50,34
8,2,13,51,34
8,2,13,52,34
8,2,13,53,38
8,2,13,54,36
8,2,13,55,34
8,2,13,56,36
8,2,13,57,38
8,2,13,58,34
8,2,13,59,34
8,2,13,60,36
8,2,13,61,36
8,2,13,62,32
8,2,13,63,46
8,2,14,0,38
8,2,14,1,32
8,2,14,2,42
8,2,14,3,36
8,2,14,4,38
8,2,14,5,34
8,2,14,6,36
8,2,14,7,32
8,2,14,8,34
8,2,14,9,38
8,2,14,10,38
8,2,14,11,34
8,2,14,12,38
8,2,14,13,38
8,2,14,14,38
8,2,14,15,36
8,2,14,16,40
8,2,14,17,38
8,2,14,18,36
8,2,14,19,38
8,2,14,20,40
8,2,14,21,38
8,2,14,22,36
8,2,14,23,38
8,2,14,24,40
8,2,14,25,36
8,2,14,26,36
8,2,14,27,38
8,2,14,28,38
8,2,14,29,38
8,2,14,30,38
8,2,14,31,36
8,2,14,32,42
8,2,14,33,38
8,2,14,34,36
8,2,14,35,36
8,2,14,36,36
8,2,14,37,40
8,2,14,38,32
8,2,14,39,38
8,2,14,40,34
8,2,14,41,38
8,2,14,42,34
8,2,14,43,38
8,2,14,44,36
8,2,14,45,42
8,2,14,46,50
8,2,14,47,36
8,2,14,48,36
8,2,14,49,40
8,2,14,50,36
8,2,14,51,34
8,2,14,52,38
8,2,14,53,36
8,2,14,54,38
8,2,14,55,36
8,2,14,56,36
8,2,14,57,38
8,2,14,58,38
8,2,14,59,38
8,2,14,60,38
8,2,14,61,40
8,2,14,62,40
8,2,14,63,32
8,3,0,0,68
8,3,0,1,70
8,3,0,2,66
8,3,0,3,68
8,3,0,4,74
8,3,0,5,70
8,3,0,6,64
8,3,0,7,68
8,3,0,8,40
8,3,0,9,78
8,3,0,10,64
8,3,0,11,62
8,3,0,12,72
8,3,0,13,36
8,3,0,14,68
8,3,0,15,36
8,3,0,16,38
8,3,0,17,36
8,3,0,18,36
8,3,0,19,40
8,3,0,20,86
8,3,0,21,36
8,3,0,22,70
8,3,0,23,64
8,3,0,24,38
8,3,0,25,34
8,3,0,26,68
8,3,0,27,40
8,3,0,28,40
8,3,0,29,36
8,3,0,30,36
8,3,0,31,44
8,3,0,32,38
8,3,0,33,36
8,3,0,34,72
8,3,0,35,52
8,3,0,36,62
8,3,0,37,64
8,3,0,38,36
8,3,0,39,38
8,3,0,40,66
8,3,0,41,66
8,3,0,42,72
8,3,0,43,76
8,3,0,44,64
8,3,0,45,38
8,3,0,46,76
8,3,0,47,70
8,3,0,48,38
8,3,0,49,40
8,3,0,50,36
8,3,0,51,36
8,3,0,52,70
8,3,0,53,64
8,3,0,54,74
8,3,0,55,70
8,3,0,56,64
8,3,0,57,68
8,3,0,58,76
8,3,0,59,72
8,3,0,60,64
8,3,0,61,64
8,3,0,62,76
8,3,0,63,74
8,3,1,0,38
8,3,1,1,36
8,3,1,2,32
8,3,1,3,38
8,3,1,4,42
8,3,1,5,36
8,3,1,6,38
8,3,1,7,36
8,3,1,8,36
8,3,1,9,40
8,3,1,10,36
8,3,1,11,36
8,3,1,12,34
8,3,1,13,36
8,3,1,14,36
8,3,1,15,36
8,3,1,16,36
8,3,1,17,36
8,3,1,18,36
8,3,1,19,36
8,3,1,20,36
8,3,1,21,34
8,3,1,22,40
8,3,1,23,40
8,3,1,24,36
8,3,1,25,40
8,3,1,26,38
8,3,1,27,38
8,3,1,28,40
8,3,1,29,34
8,3,1,30,34
8,3,1,31,36
8,3,1,32,36
8,3,1,33,38
8,3,1,34,40
8,3,1,35,36
8,3,1,36,36
8,3,1,37,36
8,3,1,38,36
8,3,1,39,38
8,3,1,40,38
8,3,1,41,36
8,3,1,42,38
8,3,1,43,36
8,3,1,44,36
8,3,1,45,36
8,3,1,46,34
8,3,1,47,38
8,3,1,48,38
8,3,1,49,36
8,3,1,50,36
8,3,1,51,40
8,3,1,52,38
8,3,1,53,40
8,3,1,54,32
8,3,1,55,36
8,3,1,56,38
8,3,1,57,40
8,3,1,58,36
8,3,1,59,36
8,3,1,60,36
8,3,1,61,36
8,3,1,62,40
8,3,1,63,40
8,3,2,0,40
8,3,2,1,38
8,3,2,2,40
8,3,2,3,36
8,3,2,4,36
8,3,2,5,38
8,3,2,6,32
8,3,2,7,38
8,3,2,8,38
8,3,2,9,42
8,3,2,10,40
8,3,2,11,38
8,3,2,12,40
8,3,2,13,34
8,3,2,14,36
8,3,2,15,38
8,3,2,16,38
8,3,2,17,36
8,3,2,18,38
8,3,2,19,36
8,3,2,20,36
8,3,2,21,32
8,3,2,22,34
8,3,2,23,38
8,3,2,24,36
8,3,2,25,36
8,3,2,26,36
8,3,2,27,38
8,3,2,28,36
8,3,2,29,36
8,3,2,30,36
8,3,2,31,38
8,3,2,32,36
8,3,2,33,34
8,3,2,34,40
8,3,2,35,32
8,3,2,36,36
8,3,2,37,36
8,3,2,38,32
8,3,2,39,34
8,3,2,40,36
8,3,2,41,36
8,3,2,42,36
8,3,2,43,36
8,3,2,44,38
8,3,2,45,40
8,3,2,46,38
8,3,2,47,36
8,3,2,48,38
8,3,2,49,36
8,3,2,50,40
8,3,2,51,40
8,3,2,52,36
8,3,2,53,36
8,3,2,54,34
8,3,2,55,36
8,3,2,56,38
8,3,2,57,36
8,3,2,58,38
8,3,2,59,38
8,3,2,60,36
8,3,2,61,36
8,3,2,62,36
8,3,2,63,38
8,3,3,0,38
8,3,3,1,40
8,3,3,2,40
8,3,3,3,38
8,3,3,4,34
8,3,3,5,32
8,3,3,6,36
8,3,3,7,36
8,3,3,8,34
8,3,3,9,38
8,3,3,10,42
8,3,3,11,36
8,3,3,12,34
8,3,3,13,36
8,3,3,14,34
8,3,3,15,38
8,3,3,16,36
8,3,3,17,40
8,3,3,18,32
8,3,3,19,34
8,3,3,20,40
8,3,3,21,36
8,3,3,22,36
8,3,3,23,34
8,3,3,24,40
8,3,3,25,36
8,3,3,26,36
8,3,3,27,40
8,3,3,28,32
8,3,3,29,38
8,3,3,30,36
8,3,3,31,36
8,3,3,32,36
8,3,3,33,34
8,3,3,34,34
8,3,3,35,36
8,3,3,36,34
8,3,3,37,42
8,3,3,38,36
8,3,3,39,36
8,3,3,40,40
8,3,3,41,40
8,3,3,42,36
8,3,3,43,36
8,3,3,44,38
8,3,3,45,38
8,3,3,46,34
8,3,3,47,36
8,3,3,48,38
8,3,3,49,36
8,3,3,50,34
8,3,3,51,36
8,3,3,52,40
8,3,3,53,38
8,3,3,54,36
8,3,3,55,36
8,3,3,56,40
8,3,3,57,40
8,3,3,58,38
8,3,3,59,38
8,3,3,60,36
8,3,3,61,36
8,3,3,62,38
8,3,3,63,36
8,3,4,0,40
8,3,4,1,36
8,3,4,2,36
8,3,4,3,36
8,3,4,4,38
8,3,4,5,40
8,3,4,6,38
8,3,4,7,40
8,3,4,8,40
8,3,4,9,40
8,3,4,10,36
8,3,4,11,36
8,3,4,12,38
8,3,4,13,40
8,3,4,14,36
8,3,4,15,42
8,3,4,16,40
8,3,4,17,40
8,3,4,18,34
8,3,4,19,38
8,3,4,20,34
8,3,4,21,34
8,3,4,22,36
8,3,4,23,38
8,3,4,24,38
8,3,4,25,40
8,3,4,26,36
8,3,4,27,36
8,3,4,28,36
8,3,4,29,36
8,3,4,30,40
8,3,4,31,36
8,3,4,32,38
8,3,4,33,36
8,3,4,34,38
8,3,4,35,38
8,3,4,36,36
8,3,4,37,34
8,3,4,38,36
8,3,4,39,38
8,3,4,40,34
8,3,4,41,32
8,3,4,42,36
8,3,4,43,38
8,3,4,44,36
8,3,4,45,40
8,3,4,46,38
8,3,4,47,36
8,3,4,48,38
8,3,4,49,36
8,3,4,50,40
8,3,4,51,34
8,3,4,52,36
8,3,4,53,36
8,3,4,54,38
8,3,4,55,40
8,3,4,56,38
8,3,4,57,38
8,3,4,58,36
8,3,4,59,36
8,3,4,60,38
8,3,4,61,38
8,3,4,62,40
8,3,4,63,40
8,3,5,0,36
8,3,5,1,36
8,3,5,2,36
8,3,5,3,38
8,3,5,4,40
8,3,5,5,36
8,3,5,6,38
8,3,5,7,34
8,3,5,8,38
8,3,5,9,36
8,3,5,10,34
8,3,5,11,50
8,3,5,12,36
8,3,5,13,34
8,3,5,14,36
8,3,5,15,38
8,3,5,16,40
8,3,5,17,38
8,3,5,18,34
8,3,5,19,40
8,3,5,20,38
8,3,5,21,36
8,3,5,22,38
8,3,5,23,36
8,3,5,24,38
8,3,5,25,34
8,3,5,26,36
8,3,5,27,36
8,3,5,28,38
8,3,5,29,38
8,3,5,30,38
8,3,5,31,38
8,3,5,32,34
8,3,5,33,34
8,3,5,34,36
8,3,5,35,34
8,3,5,36,36
8,3,5,37,34
8,3,5,38,38
8,3,5,39,38
8,3,5,40,36
8,3,5,41,34
8,3,5,42,36
8,3,5,43,38
8,3,5,44,36
8,3,5,45,38
8,3,5,46,40
8,3,5,47,38
8,3,5,48,40
8,3,5,49,38
8,3,5,50,40
8,3,5,51,36
8,3,5,52,38
8,3,5,53,40
8,3,5,54,36
8,3,5,55,32
8,3,5,56,36
8,3,5,57,40
8,3,5,58,36
8,3,5,59,32
8,3,5,60,42
8,3,5,61,38
8,3,5,62,34
8,3,5,63,36
8,3,6,0,32
8,3,6,1,40
8,3,6,2,36
8,3,6,3,40
8,3,6,4,40
8,3,6,5,36
8,3,6,6,40
8,3,6,7,40
8,3,6,8,36
8,3,6,9,36
8,3,6,10,36
8,3,6,11,40
8,3,6,12,38
8,3,6,13,38
8,3,6,14,32
8,3,6,15,38
8,3,6,16,38
8,3,6,17,40
8,3,6,18,34
8,3,6,19,38
8,3,6,20,38
8,3,6,21,38
8,3,6,22,36
8,3,6,23,38
8,3,6,24,38
8,3,6,25,36
8,3,6,26,40
8,3,6,27,36
8,3,6,28,38
8,3,6,29,36
8,3,6,30,34
8,3,6,31,38
8,3,6,32,38
8,3,6,33,36
8,3,6,34,38
8,3,6,35,36
8,3,6,36,34
8,3,6,37,36
8,3,6,38,38
8,3,6,39,38
8,3,6,40,36
8,3,6,41,36
8,3,6,42,36
8,3,6,43,38
8,3,6,44,34
8,3,6,45,40
8,3,6,46,36
8,3,6,47,38
8,3,6,48,34
8,3,6,49,38
8,3,6,50,40
8,3,6,51,36
8,3,6,52,38
8,3,6,53,36
8,3,6,54,34
8,3,6,55,34
8,3,6,56,34
8,3,6,57,38
8,3,6,58,38
8,3,6,59,34
8,3,6,60,46
8,3,6,61,34
8,3,6,62,34
8,3,6,63,40
8,3,7,0,40
8,3,7,1,38
8,3,7,2,32
8,3,7,3,36
8,3,7,4,40
8,3,7,5,36
8,3,7,6,34
8,3,7,7,36
8,3,7,8,42
8,3,7,9,36
8,3,7,10,34
8,3,7,11,36
8,3,7,12,32
8,3,7,13,42
8,3,7,14,38
8,3,7,15,36
8,3,7,16,38
8,3,7,17,32
8,3,7,18,34
8,3,7,19,36
8,3,7,20,36
8,3,7,21,36
8,3,7,22,42
8,3,7,23,40
8,3,7,24,38
8,3,7,25,36
8,3,7,26,36
8,3,7,27,36
8,3,7,28,38
8,3,7,29,32
8,3,7,30,36
8,3,7,31,36
8,3,7,32,38
8,3,7,33,36
8,3,7,34,38
8,3,7,35,42
8,3,7,36,36
8,3,7,37,40
8,3,7,38,38
8,3,7,39,38
8,3,7,40,36
8,3,7,41,38
8,3,7,42,42
8,3,7,43,36
8,3,7,44,40
8,3,7,45,36
8,3,7,46,36
8,3,7,47,36
8,3,7,48,36
8,3,7,49,36
8,3,7,50,38
8,3,7,51,32
8,3,7,52,34
8,3,7,53,40
8,3,7,54,36
8,3,7,55,38
8,3,7,56,38
8,3,7,57,34
8,3,7,58,36
8,3,7,59,40
8,3,7,60,34
8,3,7,61,40
8,3,7,62,42
8,3,7,63,38
8,3,8,0,40
8,3,8,1,34
8,3,8,2,36
8,3,8,3,40
8,3,8,4,38
8,3,8,5,38
8,3,8,6,38
8,3,8,7,36
8,3,8,8,36
8,3,8,9,38
8,3,8,10,40
8,3,8,11,32
8,3,8,12,34
8,3,8,13,36
8,3,8,14,40
8,3,8,15,36
8,3,8,16,38
8,3,8,17,34
8,3,8,18,36
8,3,8,19,40
8,3,8,20,40
8,3,8,21,38
8,3,8,22,36
8,3,8,23,40
8,3,8,24,38
8,3,8,25,38
8,3,8,26,34
8,3,8,27,42
8,3,8,28,40
8,3,8,29,38
8,3,8,30,38
8,3,8,31,34
8,3,8,32,36
8,3,8,33,36
8,3,8,34,38
8,3,8,35,36
8,3,8,36,38
8,3,8,37,36
8,3,8,38,36
8,3,8,39,46
8,3,8,40,38
8,3,8,41,34
8,3,8,42,38
8,3,8,43,34
8,3,8,44,38
8,3,8,45,36
8,3,8,46,38
8,3,8,47,40
8,3,8,48,38
8,3,8,49,38
8,3,8,50,40
8,3,8,51,32
8,3,8,52,36
8,3,8,53,38
8,3,8,54,36
8,3,8,55,36
8,3,8,56,34
8,3,8,57,38
8,3,8,58,36
8,3,8,59,36
8,3,8,60,40
8,3,8,61,38
8,3,8,62,36
8,3,8,63,38
8,3,9,0,32
8,3,9,1,38
8,3,9,2,40
8,3,9,3,42
8,3,9,4,38
8,3,9,5,36
8,3,9,6,36
8,3,9,7,38
8,3,9,8,36
8,3,9,9,40
8,3,9,10,34
8,3,9,11,40
8,3,9,12,38
8,3,9,13,40
8,3,9,14,38
8,3,9,15,36
8,3,9,16,38
8,3,9,17,36
8,3,9,18,36
8,3,9,19,36
8,3,9,20,40
8,3,9,21,36
8,3,9,22,34
8,3,9,23,36
8,3,9,24,38
8,3,9,25,36
8,3,9,26,34
8,3,9,27,40
8,3,9,28,38
8,3,9,29,38
8,3,9,30,34
8,3,9,31,38
8,3,9,32,36
8,3,9,33,38
8,3,9,34,40
8,3,9,35,40
8,3,9,36,38
8,3,9,37,36
8,3,9,38,36
8,3,9,39,38
8,3,9,40,40
8,3,9,41,34
8,3,9,42,36
8,3,9,43,32
8,3,9,44,38
8,3,9,45,34
8,3,9,46,36
8,3,9,47,40
8,3,9,48,34
8,3,9,49,40
8,3,9,50,38
8,3,9,51,38
8,3,9,52,40
8,3,9,53,38
8,3,9,54,36
8,3,9,55,36
8,3,9,56,38
8,3,9,57,36
8,3,9,58,38
8,3,9,59,38
8,3,9,60,36
8,3,9,61,36
8,3,9,62,36
8,3,9,63,36
8,3,10,0,42
8,3,10,1,32
8,3,10,2,38
8,3,10,3,34
8,3,10,4,40
8,3,10,5,36
8,3,10,6,38
8,3,10,7,38
8,3,10,8,36
8,3,10,9,38
8,3,10,10,36
8,3,10,11,36
8,3,10,12,38
8,3,10,13,38
8,3,10,14,34
8,3,10,15,40
8,3,10,16,36
8,3,10,17,40
8,3,10,18,34
8,3,10,19,40
8,3,10,20,34
8,3,10,21,36
8,3,10,22,38
8,3,10,23,36
8,3,10,24,36
8,3,10,25,36
8,3,10,26,40
8,3,10,27,32
8,3,10,28,40
8,3,10,29,38
8,3,10,30,38
8,3,10,31,36
8,3,10,32,38
8,3,10,33,36
8,3,10,34,38
8,3,10,35,36
8,3,10,36,40
8,3,10,37,36
8,3,10,38,34
8,3,10,39,42
8,3,10,40,40
8,3,10,41,36
8,3,10,42,38
8,3,10,43,32
8,3,10,44,36
8,3,10,45,36
8,3,10,46,36
8,3,10,47,34
8,3,10,48,36
8,3,10,49,36
8,3,10,50,36
8,3,10,51,36
8,3,10,52,38
8,3,10,53,36
8,3,10,54,38
8,3,10,55,34
8,3,10,56,42
8,3,10,57,50
8,3,10,58,38
8,3,10,59,40
8,3,10,60,40
8,3,10,61,38
8,3,10,62,36
8,3,10,63,36
8,3,11,0,40
8,3,11,1,32
8,3,11,2,36
8,3,11,3,40
8,3,11,4,40
8,3,11,5,36
8,3,11,6,36
8,3,11,7,36
8,3,11,8,36
8,3,11,9,38
8,3,11,10,34
8,3,11,11,34
8,3,11,12,38
8,3,11,13,34
8,3,11,14,36
8,3,11,15,36
8,3,11,16,38
8,3,11,17,36
8,3,11,18,34
8,3,11,19,34
8,3,11,20,38
8,3,11,21,38
8,3,11,22,36
8,3,11,23,38
8,3,11,24,36
8,3,11,25,38
8,3,11,26,38
8,3,11,27,40
8,3,11,28,40
8,3,11,29,36
8,3,11,30,38
8,3,11,31,36
8,3,11,32,36
8,3,11,33,42
8,3,11,34,38
8,3,11,35,36
8,3,11,36,38
8,3,11,37,36
8,3,11,38,36
8,3,11,39,36
8,3,11,40,36
8,3,11,41,36
8,3,11,42,36
8,3,11,43,34
8,3,11,44,36
8,3,11,45,34
8,3,11,46,40
8,3,11,47,34
8,3,11,48,38
8,3,11,49,40
8,3,11,50,40
8,3,11,51,36
8,3,11,52,38
8,3,11,53,36
8,3,11,54,42
8,3,11,55,40
8,3,11,56,38
8,3,11,57,38
8,3,11,58,34
8,3,11,59,34
8,3,11,60,36
8,3,11,61,40
8,3,11,62,40
8,3,11,63,50
8,3,12,0,36
8,3,12,1,38
8,3,12,2,38
8,3,12,3,38
8,3,12,4,34
8,3,12,5,36
8,3,12,6,36
8,3,12,7,36
8,3,12,8,36
8,3,12,9,34
8,3,12,10,32
8,3,12,11,34
8,3,12,12,36
8,3,12,13,34
8,3,12,14,38
8,3,12,15,38
8,3,12,16,38
8,3,12,17,34
8,3,12,18,36
8,3,12,19,36
8,3,12,20,40
8,3,12,21,36
8,3,12,22,38
8,3,12,23,32
8,3,12,24,40
8,3,12,25,38
8,3,12,26,40
8,3,12,27,34
8,3,12,28,36
8,3,12,29,34
8,3,12,30,36
8,3,12,31,34
8,3,12,32,38
8,3,12,33,36
8,3,12,34,34
8,3,12,35,32
8,3,12,36,38
8,3,12,37,34
8,3,12,38,38
8,3,12,39,38
8,3,12,40,36
8,3,12,41,36
8,3,12,42,36
8,3,12,43,36
8,3,12,44,34
8,3,12,45,34
8,3,12,46,36
8,3,12,47,36
8,3,12,48,38
8,3,12,49,36
8,3,12,50,36
8,3,12,51,40
8,3,12,52,40
8,3,12,53,36
8,3,12,54,36
8,3,12,55,36
8,3,12,56,40
8,3,12,57,38
8,3,12,58,36
8,3,12,59,36
8,3,12,60,38
8,3,12,61,36
8,3,12,62,40
8,3,12,63,36
8,3,13,0,40
8,3,13,1,46
8,3,13,2,36
8,3,13,3,38
8,3,13,4,36
8,3,13,5,36
8,3,13,6,36
8,3,13,7,38
8,3,13,8,40
8,3,13,9,38
8,3,13,10,34
8,3,13,11,38
8,3,13,12,36
8,3,13,13,38
8,3,13,14,38
8,3,13,15,36
8,3,13,16,38
8,3,13,17,38
8,3,13,18,36
8,3,13,19,36
8,3,13,20,42
8,3,13,21,38
8,3,13,22,40
8,3,13,23,36
8,3,13,24,38
8,3,13,25,34
8,3,13,26,34
8,3,13,27,32
8,3,13,28,36
8,3,13,29,38
8,3,13,30,32
8,3,13,31,40
8,3,13,32,36
8,3,13,33,36
8,3,13,34,36
8,3,13,35,36
8,3,13,36,36
8,3,13,37,34
8,3,13,38,36
8,3,13,39,36
8,3,13,40,34
8,3,13,41,36
8,3,13,42,42
8,3,13,43,36
8,3,13,44,36
8,3,13,45,40
8,3,13,46,32
8,3,13,47,40
8,3,13,48,38
8,3,13,49,32
8,3,13,50,38
8,3,13,51,38
8,3,13,52,34
8,3,13,53,38
8,3,13,54,38
8,3,13,55,34
8,3,13,56,36
8,3,13,57,38
8,3,13,58,38
8,3,13,59,36
8,3,13,60,34
8,3,13,61,40
8,3,13,62,34
8,3,13,63,38
8,3,14,0,34
8,3,14,1,34
8,3,14,2,36
8,3,14,3,36
8,3,14,4,34
8,3,14,5,36
8,3,14,6,34
8,3,14,7,32
8,3,14,8,38
8,3,14,9,36
8,3,14,10,40
8,3,14,11,36
8,3,14,12,38
8,3,14,13,38
8,3,14,14,38
8,3,14,15,34
8,3,14,16,36
8,3,14,17,36
8,3,14,18,42
8,3,14,19,36
8,3,14,20,40
8,3,14,21,40
8,3,14,22,36
8,3,14,23,34
8,3,14,24,36
8,3,14,25,36
8,3,14,26,34
8,3,14,27,36
8,3,14,28,36
8,3,14,29,36
8,3,14,30,34
8,3,14,31,34
8,3,14,32,40
8,3,14,33,34
8,3,14,34,38
8,3,14,35,38
8,3,14,36,32
8,3,14,37,36
8,3,14,38,38
8,3,14,39,36
8,3,14,40,34
8,3,14,41,40
8,3,14,42,32
8,3,14,43,38
8,3,14,44,38
8,3,14,45,38
8,3,14,46,40
8,3,14,47,34
8,3,14,48,36
8,3,14,49,36
8,3,14,50,34
8,3,14,51,32
8,3,14,52,38
8,3,14,53,38
8,3,14,54,40
8,3,14,55,36
8,3,14,56,38
8,3,14,57,32
8,3,14,58,34
8,3,14,59,36
8,3,14,60,36
8,3,14,61,38
8,3,14,62,36
8,3,14,63,40
8,4,0,0,68
8,4,0,1,72
8,4,0,2,66
8,4,0,3,70
8,4,0,4,70
8,4,0,5,70
8,4,0,6,66
8,4,0,7,66
8,4,0,8,38
8,4,0,9,34
8,4,0,10,60
8,4,0,11,68
8,4,0,12,74
8,4,0,13,36
8,4,0,14,36
8,4,0,15,40
8,4,0,16,38
8,4,0,17,56
8,4,0,18,36
8,4,0,19,68
8,4,0,20,76
8,4,0,21,70
8,4,0,22,66
8,4,0,23,62
8,4,0,24,36
8,4,0,25,74
8,4,0,26,70
8,4,0,27,38
8,4,0,28,36
8,4,0,29,40
8,4,0,30,38
8,4,0,31,38
8,4,0,32,40
8,4,0,33,38
8,4,0,34,72
8,4,0,35,70
8,4,0,36,40
8,4,0,37,68
8,4,0,38,34
8,4,0,39,38
8,4,0,40,62
8,4,0,41,68
8,4,0,42,72
8,4,0,43,38
8,4,0,44,64
8,4,0,45,36
8,4,0,46,72
8,4,0,47,72
8,4,0,48,68
8,4,0,49,38
8,4,0,50,38
8,4,0,51,42
8,4,0,52,68
8,4,0,53,64
8,4,0,54,70
8,4,0,55,54
8,4,0,56,66
8,4,0,57,66
8,4,0,58,76
8,4,0,59,38
8,4,0,60,64
8,4,0,61,60
8,4,0,62,70
8,4,0,63,70
8,4,1,0,34
8,4,1,1,38
8,4,1,2,40
8,4,1,3,36
8,4,1,4,36
8,4,1,5,38
8,4,1,6,38
8,4,1,7,36
8,4,1,8,40
8,4,1,9,38
8,4,1,10,42
8,4,1,11,38
8,4,1,12,34
8,4,1,13,36
8,4,1,14,38
8,4,1,15,32
8,4,1,16,36
8,4,1,17,36
8,4,1,18,38
8,4,1,19,36
8,4,1,20,32
8,4,1,21,40
8,4,1,22,38
8,4,1,23,36
8,4,1,24,38
8,4,1,25,36
8,4,1,26,36
8,4,1,27,38
8,4,1,28,38
8,4,1,29,36
8,4,1,30,38
8,4,1,31,34
8,4,1,32,34
8,4,1,33,36
8,4,1,34,40
8,4,1,35,36
8,4,1,36,40
8,4,1,37,40
8,4,1,38,40
8,4,1,39,34
8,4,1,40,36
8,4,1,41,38
8,4,1,42,34
8,4,1,43,34
8,4,1,44,38
8,4,1,45,36
8,4,1,46,42
8,4,1,47,38
8,4,1,48,34
8,4,1,49,36
8,4,1,50,34
8,4,1,51,38
8,4,1,52,40
8,4,1,53,38
8,4,1,54,36
8,4,1,55,36
8,4,1,56,36
8,4,1,57,36
8,4,1,58,34
8,4,1,59,40
8,4,1,60,40
8,4,1,61,34
8,4,1,62,48
8,4,1,63,40
8,4,2,0,36
8,4,2,1,40
8,4,2,2,40
8,4,2,3,36
8,4,2,4,38
8,4,2,5,34
8,4,2,6,36
8,4,2,7,38
8,4,2,8,36
8,4,2,9,38
8,4,2,10,38
8,4,2,11,40
8,4,2,12,40
8,4,2,13,36
8,4,2,14,38
8,4,2,15,36
8,4,2,16,34
8,4,2,17,38
8,4,2,18,38
8,4,2,19,40
8,4,2,20,34
8,4,2,21,38
8,4,2,22,34
8,4,2,23,36
8,4,2,24,38
8,4,2,25,40
8,4,2,26,40
8,4,2,27,34
8,4,2,28,38
8,4,2,29,36
8,4,2,30,38
8,4,2,31,40
8,4,2,32,36
8,4,2,33,34
8,4,2,34,38
8,4,2,35,38
8,4,2,36,34
8,4,2,37,34
8,4,2,38,36
8,4,2,39,36
8,4,2,40,40
8,4,2,41,36
8,4,2,42,38
8,4,2,43,36
8,4,2,44,34
8,4,2,45,38
8,4,2,46,40
8,4,2,47,38
8,4,2,48,40
8,4,2,49,36
8,4,2,50,32
8,4,2,51,36
8,4,2,52,38
8,4,2,53,40
8,4,2,54,32
8,4,2,55,34
8,4,2,56,34
8,4,2,57,38
8,4,2,58,36
8,4,2,59,36
8,4,2,60,34
8,4,2,61,36
8,4,2,62,36
8,4,2,63,40
8,4,3,0,40
8,4,3,1,36
8,4,3,2,40
8,4,3,3,34
8,4,3,4,40
8,4,3,5,38
8,4,3,6,38
8,4,3,7,36
8,4,3,8,34
8,4,3,9,34
8,4,3,10,34
8,4,3,11,36
8,4,3,12,36
8,4,3,13,36
8,4,3,14,34
8,4,3,15,42
8,4,3,16,36
8,4,3,17,42
8,4,3,18,38
8,4,3,19,36
8,4,3,20,42
8,4,3,21,38
8,4,3,22,36
8,4,3,23,36
8,4,3,24,34
8,4,3,25,40
8,4,3,26,34
8,4,3,27,38
8,4,3,28,38
8,4,3,29,36
8,4,3,30,38
8,4,3,31,36
8,4,3,32,38
8,4,3,33,36
8,4,3,34,36
8,4,3,35,36
8,4,3,36,40
8,4,3,37,38
8,4,3,38,38
8,4,3,39,36
8,4,3,40,36
8,4,3,41,38
8,4,3,42,38
8,4,3,43,40
8,4,3,44,36
8,4,3,45,38
8,4,3,46,36
8,4,3,47,34
8,4,3,48,36
8,4,3,49,38
8,4,3,50,36
8,4,3,51,36
8,4,3,52,34
8,4,3,53,36
8,4,3,54,36
8,4,3,55,36
8,4,3,56,36
8,4,3,57,40
8,4,3,58,40
8,4,3,59,38
8,4,3,60,40
8,4,3,61,40
8,4,3,62,36
8,4,3,63,36
8,4,4,0,34
8,4,4,1,36
8,4,4,2,38
8,4,4,3,40
8,4,4,4,36
8,4,4,5,36
8,4,4,6,40
8,4,4,7,38
8,4,4,8,36
8,4,4,9,34
8,4,4,10,38
8,4,4,11,38
8,4,4,12,36
8,4,4,13,36
8,4,4,14,38
8,4,4,15,36
8,4,4,16,36
8,4,4,17,36
8,4,4,18,46
8,4,4,19,36
8,4,4,20,36
8,4,4,21,36
8,4,4,22,40
8,4,4,23,38
8,4,4,24,36
8,4,4,25,36
8,4,4,26,38
8,4,4,27,36
8,4,4,28,36
8,4,4,29,38
8,4,4,30,38
8,4,4,31,38
8,4,4,32,36
8,4,4,33,36
8,4,4,34,38
8,4,4,35,36
8,4,4,36,36
8,4,4,37,36
8,4,4,38,38
8,4,4,39,38
8,4,4,40,38
8,4,4,41,36
8,4,4,42,38
8,4,4,43,38
8,4,4,44,40
8,4,4,45,38
8,4,4,46,36
8,4,4,47,42
8,4,4,48,34
8,4,4,49,36
8,4,4,50,38
8,4,4,51,36
8,4,4,52,42
8,4,4,53,40
8,4,4,54,34
8,4,4,55,34
8,4,4,56,32
8,4,4,57,38
8,4,4,58,36
8,4,4,59,38
8,4,4,60,40
8,4,4,61,36
8,4,4,62,38
8,4,4,63,38
8,4,5,0,36
8,4,5,1,36
8,4,5,2,36
8,4,5,3,38
8,4,5,4,34
8,4,5,5,40
8,4,5,6,36
8,4,5,7,36
8,4,5,8,34
8,4,5,9,38
8,4,5,10,36
8,4,5,11,34
8,4,5,12,36
8,4,5,13,36
8,4,5,14,40
8,4,5,15,36
8,4,5,16,38
8,4,5,17,36
8,4,5,18,36
8,4,5,19,38
8,4,5,20,38
8,4,5,21,36
8,4,5,22,38
8,4,5,23,34
8,4,5,24,38
8,4,5,25,38
8,4,5,26,36
8,4,5,27,38
8,4,5,28,40
8,4,5,29,34
8,4,5,30,36
8,4,5,31,36
8,4,5,32,38
8,4,5,33,34
8,4,5,34,32
8,4,5,35,42
8,4,5,36,36
8,4,5,37,36
8,4,5,38,38
8,4,5,39,40
8,4,5,40,38
8,4,5,41,40
8,4,5,42,34
8,4,5,43,36
8,4,5,44,40
8,4,5,45,36
8,4,5,46,38
8,4,5,47,38
8,4,5,48,36
8,4,5,49,38
8,4,5,50,38
8,4,5,51,36
8,4,5,52,36
8,4,5,53,38
8,4,5,54,34
8,4,5,55,38
8,4,5,56,36
8,4,5,57,32
8,4,5,58,34
8,4,5,59,34
8,4,5,60,36
8,4,5,61,32
8,4,5,62,38
8,4,5,63,36
8,4,6,0,38
8,4,6,1,36
8,4,6,2,40
8,4,6,3,36
8,4,6,4,36
8,4,6,5,38
8,4,6,6,38
8,4,6,7,34
8,4,6,8,40
8,4,6,9,36
8,4,6,10,38
8,4,6,11,34
8,4,6,12,36
8,4,6,13,38
8,4,6,14,40
8,4,6,15,38
8,4,6,16,38
8,4,6,17,36
8,4,6,18,36
8,4,6,19,36
8,4,6,20,40
8,4,6,21,38
8,4,6,22,36
8,4,6,23,36
8,4,6,24,32
8,4,6,25,36
8,4,6,26,36
8,4,6,27,40
8,4,6,28,40
8,4,6,29,36
8,4,6,30,36
8,4,6,31,36
8,4,6,32,42
8,4,6,33,40
8,4,6,34,36
8,4,6,35,40
8,4,6,36,36
8,4,6,37,38
8,4,6,38,38
8,4,6,39,36
8,4,6,40,36
8,4,6,41,40
8,4,6,42,36
8,4,6,43,36
8,4,6,44,38
8,4,6,45,38
8,4,6,46,40
8,4,6,47,46
8,4,6,48,34
8,4,6,49,38
8,4,6,50,36
8,4,6,51,34
8,4,6,52,36
8,4,6,53,34
8,4,6,54,32
8,4,6,55,36
8,4,6,56,34
8,4,6,57,40
8,4,6,58,36
8,4,6,59,40
8,4,6,60,34
8,4,6,61,38
8,4,6,62,32
8,4,6,63,40
8,4,7,0,32
8,4,7,1,38
8,4,7,2,38
8,4,7,3,36
8,4,7,4,36
8,4,7,5,34
8,4,7,6,42
8,4,7,7,40
8,4,7,8,40
8,4,7,9,38
8,4,7,10,38
8,4,7,11,36
8,4,7,12,36
8,4,7,13,36
8,4,7,14,34
8,4,7,15,34
8,4,7,16,34
8,4,7,17,42
8,4,7,18,36
8,4,7,19,38
8,4,7,20,36
8,4,7,21,36
8,4,7,22,40
8,4,7,23,36
8,4,7,24,42
8,4,7,25,34
8,4,7,26,40
8,4,7,27,38
8,4,7,28,38
8,4,7,29,40
8,4,7,30,40
8,4,7,31,40
8,4,7,32,38
8,4,7,33,34
8,4,7,34,36
8,4,7,35,34
8,4,7,36,36
8,4,7,37,36
8,4,7,38,40
8,4,7,39,38
8,4,7,40,40
8,4,7,41,36
8,4,7,42,36
8,4,7,43,36
8,4,7,44,36
8,4,7,45,36
8,4,7,46,36
8,4,7,47,40
8,4,7,48,40
8,4,7,49,38
8,4,7,50,38
8,4,7,51,34
8,4,7,52,40
8,4,7,53,40
8,4,7,54,36
8,4,7,55,38
8,4,7,56,36
8,4,7,57,38
8,4,7,58,40
8,4,7,59,40
8,4,7,60,38
8,4,7,61,38
8,4,7,62,36
8,4,7,63,40
8,4,8,0,38
8,4,8,1,36
8,4,8,2,40
8,4,8,3,32
8,4,8,4,40
8,4,8,5,36
8,4,8,6,36
8,4,8,7,38
8,4,8,8,42
8,4,8,9,40
8,4,8,10,40
8,4,8,11,34
8,4,8,12,38
8,4,8,13,38
8,4,8,14,38
8,4,8,15,36
8,4,8,16,34
8,4,8,17,40
8,4,8,18,36
8,4,8,19,36
8,4,8,20,36
8,4,8,21,38
8,4,8,22,40
8,4,8,23,32
8,4,8,24,36
8,4,8,25,38
8,4,8,26,36
8,4,8,27,36
8,4,8,28,38
8,4,8,29,36
8,4,8,30,36
8,4,8,31,40
8,4,8,32,36
8,4,8,33,36
8,4,8,34,36
8,4,8,35,42
8,4,8,36,38
8,4,8,37,36
8,4,8,38,36
8,4,8,39,38
8,4,8,40,32
8,4,8,41,40
8,4,8,42,36
8,4,8,43,40
8,4,8,44,38
8,4,8,45,36
8,4,8,46,40
8,4,8,47,38
8,4,8,48,38
8,4,8,49,40
8,4,8,50,40
8,4,8,51,34
8,4,8,52,36
8,4,8,53,34
8,4,8,54,40
8,4,8,55,36
8,4,8,56,40
8,4,8,57,32
8,4,8,58,38
8,4,8,59,36
8,4,8,60,34
8,4,8,61,40
8,4,8,62,38
8,4,8,63,36
8,4,9,0,34
8,4,9,1,36
8,4,9,2,40
8,4,9,3,38
8,4,9,4,38
8,4,9,5,40
8,4,9,6,50
8,4,9,7,36
8,4,9,8,32
8,4,9,9,36
8,4,9,10,38
8,4,9,11,36
8,4,9,12,36
8,4,9,13,42
8,4,9,14,36
8,4,9,15,38
8,4,9,16,34
8,4,9,17,38
8,4,9,18,36
8,4,9,19,38
8,4,9,20,38
8,4,9,21,32
8,4,9,22,38
8,4,9,23,38
8,4,9,24,36
8,4,9,25,38
8,4,9,26,36
8,4,9,27,38
8,4,9,28,34
8,4,9,29,36
8,4,9,30,38
8,4,9,31,38
8,4,9,32,40
8,4,9,33,36
8,4,9,34,38
8,4,9,35,36
8,4,9,36,36
8,4,9,37,34
8,4,9,38,36
8,4,9,39,40
8,4,9,40,42
8,4,9,41,42
8,4,9,42,36
8,4,9,43,40
8,4,9,44,36
8,4,9,45,38
8,4,9,46,34
8,4,9,47,34
8,4,9,48,42
8,4,9,49,38
8,4,9,50,34
8,4,9,51,38
8,4,9,52,42
8,4,9,53,36
8,4,9,54,36
8,4,9,55,36
8,4,9,56,34
8,4,9,57,36
8,4,9,58,38
8,4,9,59,34
8,4,9,60,42
8,4,9,61,36
8,4,9,62,36
8,4,9,63,34
8,4,10,0,34
8,4,10,1,34
8,4,10,2,36
8,4,10,3,40
8,4,10,4,34
8,4,10,5,38
8,4,10,6,38
8,4,10,7,40
8,4,10,8,38
8,4,10,9,36
8,4,10,10,36
8,4,10,11,38
8,4,10,12,40
8,4,10,13,36
8,4,10,14,34
8,4,10,15,36
8,4,10,16,36
8,4,10,17,38
8,4,10,18,36
8,4,10,19,40
8,4,10,20,38
8,4,10,21,38
8,4,10,22,36
8,4,10,23,38
8,4,10,24,38
8,4,10,25,38
8,4,10,26,40
8,4,10,27,36
8,4,10,28,34
8,4,10,29,38
8,4,10,30,36
8,4,10,31,38
8,4,10,32,40
8,4,10,33,38
8,4,10,34,38
8,4,10,35,36
8,4,10,36,36
8,4,10,37,38
8,4,10,38,40
8,4,10,39,36
8,4,10,40,36
8,4,10,41,38
8,4,10,42,36
8,4,10,43,36
8,4,10,44,36
8,4,10,45,36
8,4,10,46,34
8,4,10,47,36
8,4,10,48,34
8,4,10,49,36
8,4,10,50,38
8,4,10,51,36
8,4,10,52,34
8,4,10,53,36
8,4,10,54,34
8,4,10,55,36
8,4,10,56,42
8,4,10,57,34
8,4,10,58,34
8,4,10,59,36
8,4,10,60,40
8,4,10,61,36
8,4,10,62,38
8,4,10,63,36
8,4,11,0,38
8,4,11,1,36
8,4,11,2,36
8,4,11,3,40
8,4,11,4,36
8,4,11,5,38
8,4,11,6,42
8,4,11,7,36
8,4,11,8,38
8,4,11,9,36
8,4,11,10,36
8,4,11,11,36
8,4,11,12,38
8,4,11,13,36
8,4,11,14,40
8,4,11,15,38
8,4,11,16,34
8,4,11,17,36
8,4,11,18,42
8,4,11,19,34
8,4,11,20,34
8,4,11,21,38
8,4,11,22,38
8,4,11,23,34
8,4,11,24,36
8,4,11,25,36
8,4,11,26,34
8,4,11,27,38
8,4,11,28,40
8,4,11,29,36
8,4,11,30,40
8,4,11,31,38
8,4,11,32,40
8,4,11,33,38
8,4,11,34,36
8,4,11,35,38
8,4,11,36,38
8,4,11,37,34
8,4,11,38,34
8,4,11,39,40
8,4,11,40,36
8,4,11,41,34
8,4,11,42,36
8,4,11,43,34
8,4,11,44,42
8,4,11,45,40
8,4,11,46,38
8,4,11,47,36
8,4,11,48,38
8,4,11,49,40
8,4,11,50,36
8,4,11,51,38
8,4,11,52,36
8,4,11,53,36
8,4,11,54,36
8,4,11,55,36
8,4,11,56,40
8,4,11,57,34
8,4,11,58,36
8,4,11,59,36
8,4,11,60,34
8,4,11,61,38
8,4,11,62,36
8,4,11,63,38
8,4,12,0,36
8,4,12,1,38
8,4,12,2,34
8,4,12,3,36
8,4,12,4,38
8,4,12,5,36
8,4,12,6,34
8,4,12,7,38
8,4,12,8,38
8,4,12,9,40
8,4,12,10,36
8,4,12,11,36
8,4,12,12,38
8,4,12,13,36
8,4,12,14,36
8,4,12,15,40
8,4,12,16,36
8,4,12,17,34
8,4,12,18,34
8,4,12,19,38
8,4,12,20,38
8,4,12,21,38
8,4,12,22,34
8,4,12,23,36
8,4,12,24,34
8,4,12,25,42
8,4,12,26,36
8,4,12,27,38
8,4,12,28,36
8,4,12,29,36
8,4,12,30,38
8,4,12,31,38
8,4,12,32,32
8,4,12,33,36
8,4,12,34,40
8,4,12,35,36
8,4,12,36,40
8,4,12,37,36
8,4,12,38,40
8,4,12,39,36
8,4,12,40,32
8,4,12,41,34
8,4,12,42,32
8,4,12,43,38
8,4,12,44,34
8,4,12,45,36
8,4,12,46,36
8,4,12,47,38
8,4,12,48,40
8,4,12,49,38
8,4,12,50,36
8,4,12,51,34
8,4,12,52,34
8,4,12,53,38
8,4,12,54,40
8,4,12,55,38
8,4,12,56,36
8,4,12,57,38
8,4,12,58,36
8,4,12,59,34
8,4,12,60,38
8,4,12,61,38
8,4,12,62,40
8,4,12,63,42
8,4,13,0,36
8,4,13,1,34
8,4,13,2,32
8,4,13,3,36
8,4,13,4,36
8,4,13,5,38
8,4,13,6,36
8,4,13,7,36
8,4,13,8,40
8,4,13,9,38
8,4,13,10,36
8,4,13,11,36
8,4,13,12,40
8,4,13,13,38
8,4,13,14,40
8,4,13,15,40
8,4,13,16,40
8,4,13,17,38
8,4,13,18,36
8,4,13,19,38
8,4,13,20,36
8,4,13,21,32
8,4,13,22,34
8,4,13,23,38
8,4,13,24,36
8,4,13,25,38
8,4,13,26,36
8,4,13,27,38
8,4,13,28,34
8,4,13,29,36
8,4,13,30,32
8,4,13,31,36
8,4,13,32,50
8,4,13,33,36
8,4,13,34,38
8,4,13,35,38
8,4,13,36,34
8,4,13,37,36
8,4,13,38,36
8,4,13,39,36
8,4,13,40,36
8,4,13,41,36
8,4,13,42,36
8,4,13,43,38
8,4,13,44,38
8,4,13,45,34
8,4,13,46,32
8,4,13,47,36
8,4,13,48,38
8,4,13,49,38
8,4,13,50,38
8,4,13,51,36
8,4,13,52,34
8,4,13,53,38
8,4,13,54,38
8,4,13,55,34
8,4,13,56,38
8,4,13,57,36
8,4,13,58,38
8,4,13,59,38
8,4,13,60,38
8,4,13,61,36
8,4,13,62,34
8,4,13,63,40
8,4,14,0,36
8,4,14,1,34
8,4,14,2,38
8,4,14,3,38
8,4,14,4,34
8,4,14,5,42
8,4,14,6,36
8,4,14,7,36
8,4,14,8,34
8,4,14,9,36
8,4,14,10,34
8,4,14,11,36
8,4,14,12,38
8,4,14,13,36
8,4,14,14,40
8,4,14,15,36
8,4,14,16,38
8,4,14,17,38
8,4,14,18,40
8,4,14,19,36
8,4,14,20,34
8,4,14,21,34
8,4,14,22,36
8,4,14,23,34
8,4,14,24,36
8,4,14,25,40
8,4,14,26,34
8,4,14,27,38
8,4,14,28,40
8,4,14,29,34
8,4,14,30,38
8,4,14,31,42
8,4,14,32,36
8,4,14,33,40
8,4,14,34,38
8,4,14,35,38
8,4,14,36,36
8,4,14,37,40
8,4,14,38,38
8,4,14,39,36
8,4,14,40,36
8,4,14,41,36
8,4,14,42,34
8,4,14,43,36
8,4,14,44,38
8,4,14,45,36
8,4,14,46,34
8,4,14,47,36
8,4,14,48,34
8,4,14,49,34
8,4,14,50,40
8,4,14,51,34
8,4,14,52,46
8,4,14,53,36
8,4,14,54,38
8,4,14,55,40
8,4,14,56,36
8,4,14,57,40
8,4,14,58,34
8,4,14,59,40
8,4,14,60,36
8,4,14,61,42
8,4,14,62,38
8,4,14,63,36
9,0,0,0,70
9,0,0,1,72
9,0,0,2,60
9,0,0,3,68
9,0,0,4,80
9,0,0,5,76
9,0,0,6,60
9,0,0,7,68
9,0,0,8,74
9,0,0,9,76
9,0,0,10,64
9,0,0,11,66
9,0,0,12,74
9,0,0,13,70
9,0,0,14,64
9,0,0,15,64
9,0,0,16,76
9,0,0,17,76
9,0,0,18,66
9,0,0,19,64
9,0,0,20,76
9,0,0,21,76
9,0,0,22,72
9,0,0,23,62
9,0,0,24,78
9,0,0,25,34
9,0,0,26,66
9,0,0,27,52
9,0,0,28,76
9,0,0,29,48
9,0,0,30,34
9,0,0,31,66
9,0,0,32,62
9,0,0,33,96
9,0,0,34,74
9,0,0,35,74
9,0,0,36,68
9,0,0,37,66
9,0,0,38,74
9,0,0,39,74
9,0,0,40,66
9,0,0,41,70
9,0,0,42,72
9,0,0,43,68
9,0,0,44,68
9,0,0,45,66
9,0,0,46,72
9,0,0,47,72
9,0,0,48,88
9,0,0,49,62
9,0,0,50,74
9,0,0,51,72
9,0,0,52,70
9,0,0,53,62
9,0,0,54,74
9,0,0,55,72
9,0,0,56,66
9,0,0,57,64
9,0,0,58,72
9,0,0,59,70
9,0,0,60,210
9,0,0,61,60
9,0,0,62,76
9,0,0,63,76
9,0,1,0,38
9,0,1,1,38
9,0,1,2,36
9,0,1,3,38
9,0,1,4,34
9,0,1,5,40
9,0,1,6,36
9,0,1,7,34
9,0,1,8,38
9,0,1,9,38
9,0,1,10,36
9,0,1,11,40
9,0,1,12,34
9,0,1,13,36
9,0,1,14,36
9,0,1,15,36
9,0,1,16,40
9,0,1,17,36
9,0,1,18,32
9,0,1,19,36
9,0,1,20,36
9,0,1,21,34
9,0,1,22,40
9,0,1,23,34
9,0,1,24,40
9,0,1,25,40
9,0,1,26,38
9,0,1,27,40
9,0,1,28,40
9,0,1,29,36
9,0,1,30,48
9,0,1,31,36
9,0,1,32,36
9,0,1,33,36
9,0,1,34,38
9,0,1,35,36
9,0,1,36,40
9,0,1,37,40
9,0,1,38,36
9,0,1,39,38
9,0,1,40,34
9,0,1,41,38
9,0,1,42,40
9,0,1,43,38
9,0,1,44,34
9,0,1,45,34
9,0,1,46,42
9,0,1,47,32
9,0,1,48,40
9,0,1,49,36
9,0,1,50,36
9,0,1,51,38
9,0,1,52,36
9,0,1,53,36
9,0,1,54,42
9,0,1,55,40
9,0,1,56,40
9,0,1,57,36
9,0,1,58,34
9,0,1,59,38
9,0,1,60,36
9,0,1,61,38
9,0,1,62,32
9,0,1,63,34
9,0,2,0,36
9,0,2,1,36
9,0,2,2,40
9,0,2,3,36
9,0,2,4,36
9,0,2,5,36
9,0,2,6,32
9,0,2,7,36
9,0,2,8,32
9,0,2,9,34
9,0,2,10,36
9,0,2,11,38
9,0,2,12,36
9,0,2,13,36
9,0,2,14,38
9,0,2,15,38
9,0,2,16,34
9,0,2,17,34
9,0,2,18,38
9,0,2,19,40
9,0,2,20,36
9,0,2,21,34
9,0,2,22,34
9,0,2,23,40
9,0,2,24,38
9,0,2,25,38
9,0,2,26,36
9,0,2,27,36
9,0,2,28,34
9,0,2,29,36
9,0,2,30,36
9,0,2,31,38
9,0,2,32,38
9,0,2,33,38
9,0,2,34,34
9,0,2,35,36
9,0,2,36,34
9,0,2,37,34
9,0,2,38,36
9,0,2,39,40
9,0,2,40,38
9,0,2,41,34
9,0,2,42,34
9,0,2,43,36
9,0,2,44,36
9,0,2,45,38
9,0,2,46,40
9,0,2,47,36
9,0,2,48,38
9,0,2,49,36
9,0,2,50,36
9,0,2,51,38
9,0,2,52,38
9,0,2,53,36
9,0,2,54,36
9,0,2,55,34
9,0,2,56,38
9,0,2,57,36
9,0,2,58,40
9,0,2,59,36
9,0,2,60,40
9,0,2,61,38
9,0,2,62,34
9,0,2,63,36
9,0,3,0,40
9,0,3,1,32
9,0,3,2,32
9,0,3,3,36
9,0,3,4,38
9,0,3,5,40
9,0,3,6,36
9,0,3,7,36
9,0,3,8,36
9,0,3,9,36
9,0,3,10,38
9,0,3,11,36
9,0,3,12,40
9,0,3,13,38
9,0,3,14,40
9,0,3,15,40
9,0,3,16,38
9,0,3,17,40
9,0,3,18,34
9,0,3,19,34
9,0,3,20,36
9,0,3,21,40
9,0,3,22,36
9,0,3,23,38
9,0,3,24,42
9,0,3,25,36
9,0,3,26,34
9,0,3,27,38
9,0,3,28,38
9,0,3,29,40
9,0,3,30,36
9,0,3,31,36
9,0,3,32,36
9,0,3,33,40
9,0,3,34,34
9,0,3,35,40
9,0,3,36,38
9,0,3,37,38
9,0,3,38,38
9,0,3,39,36
9,0,3,40,36
9,0,3,41,40
9,0,3,42,36
9,0,3,43,38
9,0,3,44,34
9,0,3,45,36
9,0,3,46,38
9,0,3,47,38
9,0,3,48,38
9,0,3,49,36
9,0,3,50,36
9,0,3,51,38
9,0,3,52,36
9,0,3,53,36
9,0,3,54,40
9,0,3,55,40
9,0,3,56,38
9,0,3,57,38
9,0,3,58,38
9,0,3,59,38
9,0,3,60,34
9,0,3,61,40
9,0,3,62,36
9,0,3,63,36
9,0,4,0,36
9,0,4,1,36
9,0,4,2,40
9,0,4,3,38
9,0,4,4,40
9,0,4,5,36
9,0,4,6,36
9,0,4,7,36
9,0,4,8,40
9,0,4,9,36
9,0,4,10,44
9,0,4,11,38
9,0,4,12,38
9,0,4,13,36
9,0,4,14,36
9,0,4,15,36
9,0,4,16,36
9,0,4,17,36
9,0,4,18,38
9,0,4,19,38
9,0,4,20,36
9,0,4,21,38
9,0,4,22,36
9,0,4,23,36
9,0,4,24,42
9,0,4,25,36
9,0,4,26,40
9,0,4,27,40
9,0,4,28,36
9,0,4,29,38
9,0,4,30,36
9,0,4,31,34
9,0,4,32,36
9,0,4,33,32
9,0,4,34,36
9,0,4,35,36
9,0,4,36,36
9,0,4,37,38
9,0,4,38,34
9,0,4,39,40
9,0,4,40,36
9,0,4,41,34
9,0,4,42,40
9,0,4,43,34
9,0,4,44,34
9,0,4,45,38
9,0,4,46,34
9,0,4,47,34
9,0,4,48,36
9,0,4,49,38
9,0,4,50,40
9,0,4,51,38
9,0,4,52,36
9,0,4,53,40
9,0,4,54,36
9,0,4,55,42
9,0,4,56,38
9,0,4,57,36
9,0,4,58,38
9,0,4,59,36
9,0,4,60,34
9,0,4,61,36
9,0,4,62,36
9,0,4,63,40
9,0,5,0,40
9,0,5,1,38
9,0,5,2,32
9,0,5,3,38
9,0,5,4,36
9,0,5,5,38
9,0,5,6,38
9,0,5,7,36
9,0,5,8,34
9,0,5,9,40
9,0,5,10,34
9,0,5,11,36
9,0,5,12,36
9,0,5,13,38
9,0,5,14,42
9,0,5,15,36
9,0,5,16,34
9,0,5,17,38
9,0,5,18,36
9,0,5,19,34
9,0,5,20,36
9,0,5,21,36
9,0,5,22,34
9,0,5,23,32
9,0,5,24,36
9,0,5,25,38
9,0,5,26,32
9,0,5,27,36
9,0,5,28,32
9,0,5,29,36
9,0,5,30,36
9,0,5,31,38
9,0,5,32,38
9,0,5,33,36
9,0,5,34,36
9,0,5,35,36
9,0,5,36,38
9,0,5,37,36
9,0,5,38,38
9,0,5,39,36
9,0,5,40,40
9,0,5,41,38
9,0,5,42,36
9,0,5,43,36
9,0,5,44,34
9,0,5,45,36
9,0,5,46,34
9,0,5,47,36
9,0,5,48,36
9,0,5,49,36
9,0,5,50,32
9,0,5,51,40
9,0,5,52,36
9,0,5,53,36
9,0,5,54,40
9,0,5,55,40
9,0,5,56,38
9,0,5,57,34
9,0,5,58,36
9,0,5,59,36
9,0,5,60,38
9,0,5,61,34
9,0,5,62,34
9,0,5,63,32
9,0,6,0,38
9,0,6,1,38
9,0,6,2,36
9,0,6,3,36
9,0,6,4,34
9,0,6,5,40
9,0,6,6,34
9,0,6,7,36
9,0,6,8,38
9,0,6,9,38
9,0,6,10,40
9,0,6,11,44
9,0,6,12,40
9,0,6,13,40
9,0,6,14,38
9,0,6,15,40
9,0,6,16,38
9,0,6,17,38
9,0,6,18,40
9,0,6,19,34
9,0,6,20,36
9,0,6,21,38
9,0,6,22,38
9,0,6,23,42
9,0,6,24,40
9,0,6,25,40
9,0,6,26,38
9,0,6,27,40
9,0,6,28,40
9,0,6,29,34
9,0,6,30,36
9,0,6,31,38
9,0,6,32,38
9,0,6,33,42
9,0,6,34,34
9,0,6,35,38
9,0,6,36,38
9,0,6,37,40
9,0,6,38,36
9,0,6,39,36
9,0,6,40,36
9,0,6,41,36
9,0,6,42,36
9,0,6,43,38
9,0,6,44,40
9,0,6,45,36
9,0,6,46,36
9,0,6,47,38
9,0,6,48,34
9,0,6,49,36
9,0,6,50,38
9,0,6,51,40
9,0,6,52,38
9,0,6,53,38
9,0,6,54,40
9,0,6,55,36
9,0,6,56,36
9,0,6,57,36
9,0,6,58,38
9,0,6,59,38
9,0,6,60,38
9,0,6,61,38
9,0,6,62,36
9,0,6,63,36
9,0,7,0,34
9,0,7,1,36
9,0,7,2,34
9,0,7,3,38
9,0,7,4,40
9,0,7,5,36
9,0,7,6,42
9,0,7,7,38
9,0,7,8,36
9,0,7,9,38
9,0,7,10,32
9,0,7,11,40
9,0,7,12,36
9,0,7,13,36
9,0,7,14,36
9,0,7,15,36
9,0,7,16,38
9,0,7,17,38
9,0,7,18,38
9,0,7,19,34
9,0,7,20,40
9,0,7,21,36
9,0,7,22,38
9,0,7,23,34
9,0,7,24,38
9,0,7,25,34
9,0,7,26,36
9,0,7,27,36
9,0,7,28,38
9,0,7,29,42
9,0,7,30,38
9,0,7,31,36
9,0,7,32,38
9,0,7,33,32
9,0,7,34,36
9,0,7,35,36
9,0,7,36,38
9,0,7,37,36
9,0,7,38,36
9,0,7,39,38
9,0,7,40,36
9,0,7,41,40
9,0,7,42,36
9,0,7,43,36
9,0,7,44,36
9,0,7,45,40
9,0,7,46,38
9,0,7,47,38
9,0,7,48,32
9,0,7,49,36
9,0,7,50,36
9,0,7,51,38
9,0,7,52,38
9,0,7,53,38
9,0,7,54,40
9,0,7,55,34
9,0,7,56,36
9,0,7,57,36
9,0,7,58,38
9,0,7,59,40
9,0,7,60,40
9,0,7,61,36
9,0,7,62,34
9,0,7,63,40
9,0,8,0,36
9,0,8,1,38
9,0,8,2,36
9,0,8,3,40
9,0,8,4,36
9,0,8,5,40
9,0,8,6,36
9,0,8,7,32
9,0,8,8,40
9,0,8,9,36
9,0,8,10,38
9,0,8,11,36
9,0,8,12,34
9,0,8,13,36
9,0,8,14,32
9,0,8,15,36
9,0,8,16,38
9,0,8,17,38
9,0,8,18,32
9,0,8,19,36
9,0,8,20,38
9,0,8,21,38
9,0,8,22,34
9,0,8,23,36
9,0,8,24,38
9,0,8,25,38
9,0,8,26,38
9,0,8,27,38
9,0,8,28,38
9,0,8,29,38
9,0,8,30,38
9,0,8,31,34
9,0,8,32,36
9,0,8,33,40
9,0,8,34,40
9,0,8,35,36
9,0,8,36,36
9,0,8,37,38
9,0,8,38,40
9,0,8,39,38
9,0,8,40,36
9,0,8,41,36
9,0,8,42,34
9,0,8,43,38
9,0,8,44,36
9,0,8,45,40
9,0,8,46,40
9,0,8,47,36
9,0,8,48,34
9,0,8,49,40
9,0,8,50,36
9,0,8,51,36
9,0,8,52,36
9,0,8,53,36
9,0,8,54,38
9,0,8,55,38
9,0,8,56,36
9,0,8,57,34
9,0,8,58,36
9,0,8,59,36
9,0,8,60,46
9,0,8,61,38
9,0,8,62,40
9,0,8,63,38
9,0,9,0,36
9,0,9,1,36
9,0,9,2,38
9,0,9,3,36
9,0,9,4,38
9,0,9,5,38
9,0,9,6,36
9,0,9,7,38
9,0,9,8,34
9,0,9,9,36
9,0,9,10,40
9,0,9,11,38
9,0,9,12,38
9,0,9,13,36
9,0,9,14,40
9,0,9,15,38
9,0,9,16,36
9,0,9,17,36
9,0,9,18,34
9,0,9,19,36
9,0,9,20,36
9,0,9,21,38
9,0,9,22,38
9,0,9,23,34
9,0,9,24,38
9,0,9,25,36
9,0,9,26,40
9,0,9,27,38
9,0,9,28,36
9,0,9,29,36
9,0,9,30,34
9,0,9,31,36
9,0,9,32,36
9,0,9,33,32
9,0,9,34,36
9,0,9,35,36
9,0,9,36,40
9,0,9,37,38
9,0,9,38,36
9,0,9,39,50
9,0,9,40,36
9,0,9,41,36
9,0,9,42,38
9,0,9,43,34
9,0,9,44,36
9,0,9,45,36
9,0,9,46,38
9,0,9,47,38
9,0,9,48,36
9,0,9,49,40
9,0,9,50,36
9,0,9,51,40
9,0,9,52,36
9,0,9,53,36
9,0,9,54,38
9,0,9,55,40
9,0,9,56,36
9,0,9,57,36
9,0,9,58,34
9,0,9,59,36
9,0,9,60,36
9,0,9,61,38
9,0,9,62,36
9,0,9,63,40
9,0,10,0,40
9,0,10,1,34
9,0,10,2,38
9,0,10,3,42
9,0,10,4,36
9,0,10,5,40
9,0,10,6,40
9,0,10,7,38
9,0,10,8,40
9,0,10,9,38
9,0,10,10,36
9,0,10,11,36
9,0,10,12,38
9,0,10,13,40
9,0,10,14,38
9,0,10,15,38
9,0,10,16,36
9,0,10,17,38
9,0,10,18,40
9,0,10,19,40
9,0,10,20,36
9,0,10,21,34
9,0,10,22,36
9,0,10,23,38
9,0,10,24,36
9,0,10,25,36
9,0,10,26,40
9,0,10,27,38
9,0,10,28,34
9,0,10,29,38
9,0,10,30,36
9,0,10,31,36
9,0,10,32,34
9,0,10,33,32
9,0,10,34,38
9,0,10,35,40
9,0,10,36,42
9,0,10,37,34
9,0,10,38,36
9,0,10,39,38
9,0,10,40,40
9,0,10,41,38
9,0,10,42,38
9,0,10,43,34
9,0,10,44,34
9,0,10,45,40
9,0,10,46,36
9,0,10,47,36
9,0,10,48,34
9,0,10,49,36
9,0,10,50,36
9,0,10,51,38
9,0,10,52,42
9,0,10,53,36
9,0,10,54,38
9,0,10,55,36
9,0,10,56,38
9,0,10,57,38
9,0,10,58,36
9,0,10,59,36
9,0,10,60,36
9,0,10,61,36
9,0,10,62,38
9,0,10,63,36
9,0,11,0,40
9,0,11,1,34
9,0,11,2,36
9,0,11,3,34
9,0,11,4,38
9,0,11,5,34
9,0,11,6,34
9,0,11,7,38
9,0,11,8,36
9,0,11,9,36
9,0,11,10,36
9,0,11,11,34
9,0,11,12,34
9,0,11,13,36
9,0,11,14,34
9,0,11,15,34
9,0,11,16,36
9,0,11,17,36
9,0,11,18,34
9,0,11,19,34
9,0,11,20,40
9,0,11,21,40
9,0,11,22,38
9,0,11,23,36
9,0,11,24,36
9,0,11,25,32
9,0,11,26,38
9,0,11,27,40
9,0,11,28,40
9,0,11,29,38
9,0,11,30,36
9,0,11,31,38
9,0,11,32,36
9,0,11,33,36
9,0,11,34,36
9,0,11,35,38
9,0,11,36,34
9,0,11,37,40
9,0,11,38,40
9,0,11,39,40
9,0,11,40,36
9,0,11,41,32
9,0,11,42,32
9,0,11,43,36
9,0,11,44,46
9,0,11,45,34
9,0,11,46,42
9,0,11,47,36
9,0,11,48,36
9,0,11,49,36
9,0,11,50,40
9,0,11,51,36
9,0,11,52,34
9,0,11,53,36
9,0,11,54,42
9,0,11,55,36
9,0,11,56,42
9,0,11,57,36
9,0,11,58,34
9,0,11,59,36
9,0,11,60,40
9,0,11,61,36
9,0,11,62,36
9,0,11,63,36
9,0,12,0,38
9,0,12,1,36
9,0,12,2,34
9,0,12,3,40
9,0,12,4,36
9,0,12,5,36
9,0,12,6,34
9,0,12,7,36
9,0,12,8,40
9,0,12,9,38
9,0,12,10,38
9,0,12,11,36
9,0,12,12,38
9,0,12,13,38
9,0,12,14,36
9,0,12,15,40
9,0,12,16,40
9,0,12,17,34
9,0,12,18,38
9,0,12,19,34
9,0,12,20,34
9,0,12,21,40
9,0,12,22,38
9,0,12,23,36
9,0,12,24,36
9,0,12,25,38
9,0,12,26,38
9,0,12,27,36
9,0,12,28,38
9,0,12,29,36
9,0,12,30,42
9,0,12,31,38
9,0,12,32,38
9,0,12,33,40
9,0,12,34,36
9,0,12,35,40
9,0,12,36,38
9,0,12,37,38
9,0,12,38,36
9,0,12,39,38
9,0,12,40,36
9,0,12,41,36
9,0,12,42,36
9,0,12,43,42
9,0,12,44,38
9,0,12,45,36
9,0,12,46,38
9,0,12,47,36
9,0,12,48,38
9,0,12,49,40
9,0,12,50,38
9,0,12,51,36
9,0,12,52,40
9,0,12,53,36
9,0,12,54,36
9,0,12,55,36
9,0,12,56,36
9,0,12,57,34
9,0,12,58,36
9,0,12,59,36
9,0,12,60,40
9,0,12,61,40
9,0,12,62,40
9,0,12,63,36
9,0,13,0,36
9,0,13,1,36
9,0,13,2,38
9,0,13,3,38
9,0,13,4,36
9,0,13,5,36
9,0,13,6,32
9,0,13,7,38
9,0,13,8,36
9,0,13,9,34
9,0,13,10,36
9,0,13,11,38
9,0,13,12,36
9,0,13,13,38
9,0,13,14,36
9,0,13,15,40
9,0,13,16,40
9,0,13,17,36
9,0,13,18,36
9,0,13,19,36
9,0,13,20,36
9,0,13,21,36
9,0,13,22,36
9,0,13,23,36
9,0,13,24,40
9,0,13,25,36
9,0,13,26,36
9,0,13,27,38
9,0,13,28,34
9,0,13,29,32
9,0,13,30,32
9,0,13,31,34
9,0,13,32,38
9,0,13,33,36
9,0,13,34,34
9,0,13,35,38
9,0,13,36,34
9,0,13,37,36
9,0,13,38,34
9,0,13,39,32
9,0,13,40,40
9,0,13,41,36
9,0,13,42,40
9,0,13,43,32
9,0,13,44,38
9,0,13,45,38
9,0,13,46,36
9,0,13,47,38
9,0,13,48,38
9,0,13,49,36
9,0,13,50,36
9,0,13,51,36
9,0,13,52,36
9,0,13,53,38
9,0,13,54,32
9,0,13,55,36
9,0,13,56,38
9,0,13,57,36
9,0,13,58,36
9,0,13,59,38
9,0,13,60,32
9,0,13,61,38
9,0,13,62,34
9,0,13,63,40
9,0,14,0,38
9,0,14,1,40
9,0,14,2,40
9,0,14,3,36
9,0,14,4,36
9,0,14,5,36
9,0,14,6,36
9,0,14,7,38
9,0,14,8,36
9,0,14,9,34
9,0,14,10,36
9,0,14,11,36
9,0,14,12,38
9,0,14,13,40
9,0,14,14,34
9,0,14,15,34
9,0,14,16,36
9,0,14,17,38
9,0,14,18,36
9,0,14,19,40
9,0,14,20,40
9,0,14,21,36
9,0,14,22,38
9,0,14,23,40
9,0,14,24,40
9,0,14,25,36
9,0,14,26,36
9,0,14,27,38
9,0,14,28,38
9,0,14,29,38
9,0,14,30,36
9,0,14,31,38
9,0,14,32,40
9,0,14,33,32
9,0,14,34,40
9,0,14,35,34
9,0,14,36,34
9,0,14,37,38
9,0,14,38,34
9,0,14,39,40
9,0,14,40,36
9,0,14,41,40
9,0,14,42,36
9,0,14,43,36
9,0,14,44,36
9,0,14,45,40
9,0,14,46,34
9,0,14,47,36
9,0,14,48,40
9,0,14,49,36
9,0,14,50,36
9,0,14,51,38
9,0,14,52,38
9,0,14,53,36
9,0,14,54,36
9,0,14,55,34
9,0,14,56,36
9,0,14,57,36
9,0,14,58,42
9,0,14,59,34
9,0,14,60,40
9,0,14,61,34
9,0,14,62,34
9,0,14,63,40
9,1,0,0,36
9,1,0,1,38
9,1,0,2,38
9,1,0,3,34
9,1,0,4,40
9,1,0,5,36
9,1,0,6,36
9,1,0,7,36
9,1,0,8,36
9,1,0,9,38
9,1,0,10,42
9,1,0,11,40
9,1,0,12,34
9,1,0,13,36
9,1,0,14,38
9,1,0,15,32
9,1,0,16,36
9,1,0,17,34
9,1,0,18,36
9,1,0,19,34
9,1,0,20,36
9,1,0,21,40
9,1,0,22,38
9,1,0,23,38
9,1,0,24,38
9,1,0,25,38
9,1,0,26,38
9,1,0,27,38
9,1,0,28,38
9,1,0,29,34
9,1,0,30,40
9,1,0,31,34
9,1,0,32,36
9,1,0,33,36
9,1,0,34,38
9,1,0,35,40
9,1,0,36,38
9,1,0,37,36
9,1,0,38,42
9,1,0,39,34
9,1,0,40,36
9,1,0,41,40
9,1,0,42,36
9,1,0,43,38
9,1,0,44,36
9,1,0,45,36
9,1,0,46,38
9,1,0,47,36
9,1,0,48,38
9,1,0,49,36
9,1,0,50,38
9,1,0,51,38
9,1,0,52,34
9,1,0,53,36
9,1,0,54,38
9,1,0,55,34
9,1,0,56,40
9,1,0,57,34
9,1,0,58,38
9,1,0,59,38
9,1,0,60,36
9,1,0,61,66
9,1,0,62,34
9,1,0,63,38
9,1,1,0,40
9,1,1,1,72
9,1,1,2,36
9,1,1,3,38
9,1,1,4,40
9,1,1,5,42
9,1,1,6,38
9,1,1,7,38
9,1,1,8,40
9,1,1,9,38
9,1,1,10,34
9,1,1,11,38
9,1,1,12,38
9,1,1,13,36
9,1,1,14,36
9,1,1,15,36
9,1,1,16,36
9,1,1,17,38
9,1,1,18,40
9,1,1,19,36
9,1,1,20,40
9,1,1,21,36
9,1,1,22,38
9,1,1,23,36
9,1,1,24,36
9,1,1,25,40
9,1,1,26,38
9,1,1,27,36
9,1,1,28,34
9,1,1,29,36
9,1,1,30,34
9,1,1,31,34
9,1,1,32,40
9,1,1,33,36
9,1,1,34,38
9,1,1,35,48
9,1,1,36,34
9,1,1,37,36
9,1,1,38,36
9,1,1,39,38
9,1,1,40,36
9,1,1,41,40
9,1,1,42,38
9,1,1,43,38
9,1,1,44,32
9,1,1,45,36
9,1,1,46,38
9,1,1,47,38
9,1,1,48,34
9,1,1,49,42
9,1,1,50,38
9,1,1,51,38
9,1,1,52,36
9,1,1,53,34
9,1,1,54,38
9,1,1,55,36
9,1,1,56,36
9,1,1,57,38
9,1,1,58,38
9,1,1,59,36
9,1,1,60,36
9,1,1,61,34
9,1,1,62,38
9,1,1,63,36
9,1,2,0,36
9,1,2,1,38
9,1,2,2,38
9,1,2,3,38
9,1,2,4,36
9,1,2,5,40
9,1,2,6,40
9,1,2,7,36
9,1,2,8,34
9,1,2,9,38
9,1,2,10,36
9,1,2,11,38
9,1,2,12,40
9,1,2,13,34
9,1,2,14,36
9,1,2,15,34
9,1,2,16,40
9,1,2,17,34
9,1,2,18,36
9,1,2,19,36
9,1,2,20,40
9,1,2,21,38
9,1,2,22,36
9,1,2,23,36
9,1,2,24,38
9,1,2,25,40
9,1,2,26,38
9,1,2,27,38
9,1,2,28,36
9,1,2,29,40
9,1,2,30,34
9,1,2,31,38
9,1,2,32,38
9,1,2,33,38
9,1,2,34,34
9,1,2,35,34
9,1,2,36,36
9,1,2,37,36
9,1,2,38,36
9,1,2,39,36
9,1,2,40,34
9,1,2,41,40
9,1,2,42,38
9,1,2,43,34
9,1,2,44,38
9,1,2,45,36
9,1,2,46,36
9,1,2,47,40
9,1,2,48,42
9,1,2,49,36
9,1,2,50,36
9,1,2,51,36
9,1,2,52,38
9,1,2,53,38
9,1,2,54,32
9,1,2,55,36
9,1,2,56,36
9,1,2,57,40
9,1,2,58,36
9,1,2,59,40
9,1,2,60,36
9,1,2,61,36
9,1,2,62,38
9,1,2,63,38
9,1,3,0,36
9,1,3,1,38
9,1,3,2,36
9,1,3,3,38
9,1,3,4,36
9,1,3,5,36
9,1,3,6,36
9,1,3,7,40
9,1,3,8,38
9,1,3,9,36
9,1,3,10,38
9,1,3,11,38
9,1,3,12,38
9,1,3,13,36
9,1,3,14,34
9,1,3,15,42
9,1,3,16,40
9,1,3,17,34
9,1,3,18,38
9,1,3,19,36
9,1,3,20,36
9,1,3,21,36
9,1,3,22,38
9,1,3,23,36
9,1,3,24,36
9,1,3,25,36
9,1,3,26,38
9,1,3,27,46
9,1,3,28,36
9,1,3,29,36
9,1,3,30,34
9,1,3,31,38
9,1,3,32,38
9,1,3,33,38
9,1,3,34,34
9,1,3,35,40
9,1,3,36,36
9,1,3,37,38
9,1,3,38,36
9,1,3,39,32
9,1,3,40,36
9,1,3,41,38
9,1,3,42,34
9,1,3,43,40
9,1,3,44,34
9,1,3,45,38
9,1,3,46,36
9,1,3,47,34
9,1,3,48,34
9,1,3,49,40
9,1,3,50,38
9,1,3,51,38
9,1,3,52,36
9,1,3,53,34
9,1,3,54,36
9,1,3,55,38
9,1,3,56,38
9,1,3,57,38
9,1,3,58,34
9,1,3,59,36
9,1,3,60,34
9,1,3,61,36
9,1,3,62,36
9,1,3,63,34
9,1,4,0,42
9,1,4,1,40
9,1,4,2,36
9,1,4,3,38
9,1,4,4,38
9,1,4,5,40
9,1,4,6,36
9,1,4,7,34
9,1,4,8,36
9,1,4,9,34
9,1,4,10,38
9,1,4,11,38
9,1,4,12,36
9,1,4,13,38
9,1,4,14,36
9,1,4,15,40
9,1,4,16,38
9,1,4,17,38
9,1,4,18,34
9,1,4,19,38
9,1,4,20,36
9,1,4,21,36
9,1,4,22,40
9,1,4,23,38
9,1,4,24,38
9,1,4,25,40
9,1,4,26,34
9,1,4,27,40
9,1,4,28,36
9,1,4,29,34
9,1,4,30,36
9,1,4,31,38
9,1,4,32,36
9,1,4,33,38
9,1,4,34,34
9,1,4,35,38
9,1,4,36,36
9,1,4,37,36
9,1,4,38,36
9,1,4,39,38
9,1,4,40,38
9,1,4,41,36
9,1,4,42,38
9,1,4,43,40
9,1,4,44,36
9,1,4,45,36
9,1,4,46,38
9,1,4,47,36
9,1,4,48,38
9,1,4,49,44
9,1,4,50,32
9,1,4,51,32
9,1,4,52,36
9,1,4,53,38
9,1,4,54,38
9,1,4,55,36
9,1,4,56,40
9,1,4,57,38
9,1,4,58,40
9,1,4,59,38
9,1,4,60,38
9,1,4,61,38
9,1,4,62,34
9,1,4,63,40
9,1,5,0,38
9,1,5,1,38
9,1,5,2,36
9,1,5,3,36
9,1,5,4,38
9,1,5,5,36
9,1,5,6,34
9,1,5,7,40
9,1,5,8,40
9,1,5,9,36
9,1,5,10,34
9,1,5,11,36
9,1,5,12,38
9,1,5,13,38
9,1,5,14,36
9,1,5,15,34
9,1,5,16,32
9,1,5,17,38
9,1,5,18,36
9,1,5,19,42
9,1,5,20,38
9,1,5,21,40
9,1,5,22,38
9,1,5,23,38
9,1,5,24,40
9,1,5,25,34
9,1,5,26,36
9,1,5,27,40
9,1,5,28,34
9,1,5,29,40
9,1,5,30,34
9,1,5,31,34
9,1,5,32,34
9,1,5,33,34
9,1,5,34,34
9,1,5,35,38
9,1,5,36,40
9,1,5,37,36
9,1,5,38,38
9,1,5,39,36
9,1,5,40,36
9,1,5,41,40
9,1,5,42,40
9,1,5,43,36
9,1,5,44,42
9,1,5,45,32
9,1,5,46,36
9,1,5,47,36
9,1,5,48,40
9,1,5,49,36
9,1,5,50,34
9,1,5,51,36
9,1,5,52,40
9,1,5,53,38
9,1,5,54,38
9,1,5,55,36
9,1,5,56,34
9,1,5,57,38
9,1,5,58,34
9,1,5,59,38
9,1,5,60,36
9,1,5,61,34
9,1,5,62,36
9,1,5,63,38
9,1,6,0,34
9,1,6,1,40
9,1,6,2,36
9,1,6,3,36
9,1,6,4,36
9,1,6,5,36
9,1,6,6,36
9,1,6,7,38
9,1,6,8,34
9,1,6,9,38
9,1,6,10,42
9,1,6,11,36
9,1,6,12,36
9,1,6,13,42
9,1,6,14,36
9,1,6,15,36
9,1,6,16,36
9,1,6,17,40
9,1,6,18,36
9,1,6,19,40
9,1,6,20,38
9,1,6,21,38
9,1,6,22,36
9,1,6,23,34
9,1,6,24,34
9,1,6,25,38
9,1,6,26,36
9,1,6,27,34
9,1,6,28,34
9,1,6,29,34
9,1,6,30,36
9,1,6,31,38
9,1,6,32,36
9,1,6,33,40
9,1,6,34,46
9,1,6,35,32
9,1,6,36,36
9,1,6,37,34
9,1,6,38,36
9,1,6,39,36
9,1,6,40,40
9,1,6,41,36
9,1,6,42,36
9,1,6,43,36
9,1,6,44,38
9,1,6,45,36
9,1,6,46,38
9,1,6,47,38
9,1,6,48,34
9,1,6,49,38
9,1,6,50,36
9,1,6,51,36
9,1,6,52,36
9,1,6,53,36
9,1,6,54,32
9,1,6,55,36
9,1,6,56,36
9,1,6,57,38
9,1,6,58,38
9,1,6,59,36
9,1,6,60,36
9,1,6,61,32
9,1,6,62,38
9,1,6,63,34
9,1,7,0,38
9,1,7,1,40
9,1,7,2,36
9,1,7,3,36
9,1,7,4,36
9,1,7,5,38
9,1,7,6,40
9,1,7,7,40
9,1,7,8,38
9,1,7,9,38
9,1,7,10,34
9,1,7,11,36
9,1,7,12,36
9,1,7,13,42
9,1,7,14,38
9,1,7,15,42
9,1,7,16,36
9,1,7,17,38
9,1,7,18,34
9,1,7,19,38
9,1,7,20,38
9,1,7,21,34
9,1,7,22,36
9,1,7,23,36
9,1,7,24,40
9,1,7,25,40
9,1,7,26,36
9,1,7,27,34
9,1,7,28,34
9,1,7,29,38
9,1,7,30,40
9,1,7,31,38
9,1,7,32,36
9,1,7,33,36
9,1,7,34,36
9,1,7,35,38
9,1,7,36,34
9,1,7,37,40
9,1,7,38,38
9,1,7,39,34
9,1,7,40,36
9,1,7,41,36
9,1,7,42,38
9,1,7,43,32
9,1,7,44,38
9,1,7,45,36
9,1,7,46,34
9,1,7,47,36
9,1,7,48,38
9,1,7,49,38
9,1,7,50,34
9,1,7,51,34
9,1,7,52,34
9,1,7,53,36
9,1,7,54,34
9,1,7,55,38
9,1,7,56,38
9,1,7,57,36
9,1,7,58,34
9,1,7,59,36
9,1,7,60,42
9,1,7,61,38
9,1,7,62,40
9,1,7,63,36
9,1,8,0,32
9,1,8,1,36
9,1,8,2,32
9,1,8,3,36
9,1,8,4,34
9,1,8,5,38
9,1,8,6,40
9,1,8,7,36
9,1,8,8,38
9,1,8,9,38
9,1,8,10,36
9,1,8,11,38
9,1,8,12,36
9,1,8,13,38
9,1,8,14,40
9,1,8,15,38
9,1,8,16,38
9,1,8,17,34
9,1,8,18,34
9,1,8,19,32
9,1,8,20,38
9,1,8,21,36
9,1,8,22,38
9,1,8,23,40
9,1,8,24,36
9,1,8,25,36
9,1,8,26,34
9,1,8,27,36
9,1,8,28,36
9,1,8,29,38
9,1,8,30,38
9,1,8,31,34
9,1,8,32,36
9,1,8,33,46
9,1,8,34,38
9,1,8,35,36
9,1,8,36,38
9,1,8,37,34
9,1,8,38,34
9,1,8,39,38
9,1,8,40,32
9,1,8,41,38
9,1,8,42,34
9,1,8,43,40
9,1,8,44,40
9,1,8,45,34
9,1,8,46,38
9,1,8,47,40
9,1,8,48,38
9,1,8,49,36
9,1,8,50,36
9,1,8,51,32
9,1,8,52,38
9,1,8,53,34
9,1,8,54,38
9,1,8,55,38
9,1,8,56,36
9,1,8,57,38
9,1,8,58,42
9,1,8,59,40
9,1,8,60,34
9,1,8,61,40
9,1,8,62,40
9,1,8,63,34
9,1,9,0,36
9,1,9,1,38
9,1,9,2,42
9,1,9,3,36
9,1,9,4,34
9,1,9,5,38
9,1,9,6,36
9,1,9,7,40
9,1,9,8,36
9,1,9,9,40
9,1,9,10,36
9,1,9,11,36
9,1,9,12,38
9,1,9,13,36
9,1,9,14,36
9,1,9,15,40
9,1,9,16,34
9,1,9,17,34
9,1,9,18,38
9,1,9,19,38
9,1,9,20,36
9,1,9,21,34
9,1,9,22,40
9,1,9,23,36
9,1,9,24,32
9,1,9,25,40
9,1,9,26,36
9,1,9,27,36
9,1,9,28,38
9,1,9,29,38
9,1,9,30,36
9,1,9,31,38
9,1,9,32,36
9,1,9,33,38
9,1,9,34,38
9,1,9,35,40
9,1,9,36,38
9,1,9,37,36
9,1,9,38,38
9,1,9,39,40
9,1,9,40,36
9,1,9,41,36
9,1,9,42,42
9,1,9,43,36
9,1,9,44,40
9,1,9,45,34
9,1,9,46,38
9,1,9,47,36
9,1,9,48,36
9,1,9,49,32
9,1,9,50,36
9,1,9,51,40
9,1,9,52,32
9,1,9,53,36
9,1,9,54,40
9,1,9,55,38
9,1,9,56,36
9,1,9,57,36
9,1,9,58,42
9,1,9,59,38
9,1,9,60,40
9,1,9,61,38
9,1,9,62,40
9,1,9,63,36
9,1,10,0,36
9,1,10,1,38
9,1,10,2,36
9,1,10,3,42
9,1,10,4,38
9,1,10,5,36
9,1,10,6,34
9,1,10,7,42
9,1,10,8,38
9,1,10,9,36
9,1,10,10,34
9,1,10,11,40
9,1,10,12,36
9,1,10,13,36
9,1,10,14,38
9,1,10,15,40
9,1,10,16,36
9,1,10,17,34
9,1,10,18,38
9,1,10,19,38
9,1,10,20,36
9,1,10,21,36
9,1,10,22,36
9,1,10,23,38
9,1,10,24,38
9,1,10,25,38
9,1,10,26,40
9,1,10,27,36
9,1,10,28,36
9,1,10,29,34
9,1,10,30,34
9,1,10,31,36
9,1,10,32,34
9,1,10,33,38
9,1,10,34,36
9,1,10,35,34
9,1,10,36,36
9,1,10,37,36
9,1,10,38,36
9,1,10,39,38
9,1,10,40,38
9,1,10,41,34
9,1,10,42,38
9,1,10,43,40
9,1,10,44,36
9,1,10,45,38
9,1,10,46,38
9,1,10,47,38
9,1,10,48,34
9,1,10,49,34
9,1,10,50,36
9,1,10,51,36
9,1,10,52,40
9,1,10,53,40
9,1,10,54,34
9,1,10,55,34
9,1,10,56,34
9,1,10,57,42
9,1,10,58,36
9,1,10,59,36
9,1,10,60,38
9,1,10,61,34
9,1,10,62,36
9,1,10,63,36
9,1,11,0,36
9,1,11,1,34
9,1,11,2,38
9,1,11,3,36
9,1,11,4,36
9,1,11,5,40
9,1,11,6,38
9,1,11,7,36
9,1,11,8,36
9,1,11,9,36
9,1,11,10,36
9,1,11,11,38
9,1,11,12,38
9,1,11,13,38
9,1,11,14,36
9,1,11,15,36
9,1,11,16,46
9,1,11,17,36
9,1,11,18,38
9,1,11,19,38
9,1,11,20,32
9,1,11,21,38
9,1,11,22,34
9,1,11,23,32
9,1,11,24,38
9,1,11,25,40
9,1,11,26,36
9,1,11,27,36
9,1,11,28,38
9,1,11,29,34
9,1,11,30,40
9,1,11,31,38
9,1,11,32,34
9,1,11,33,38
9,1,11,34,40
9,1,11,35,40
9,1,11,36,36
9,1,11,37,40
9,1,11,38,36
9,1,11,39,38
9,1,11,40,36
9,1,11,41,38
9,1,11,42,34
9,1,11,43,38
9,1,11,44,38
9,1,11,45,36
9,1,11,46,38
9,1,11,47,34
9,1,11,48,36
9,1,11,49,38
9,1,11,50,38
9,1,11,51,38
9,1,11,52,36
9,1,11,53,40
9,1,11,54,40
9,1,11,55,38
9,1,11,56,38
9,1,11,57,36
9,1,11,58,36
9,1,11,59,40
9,1,11,60,36
9,1,11,61,36
9,1,11,62,38
9,1,11,63,38
9,1,12,0,34
9,1,12,1,40
9,1,12,2,36
9,1,12,3,38
9,1,12,4,38
9,1,12,5,36
9,1,12,6,40
9,1,12,7,36
9,1,12,8,38
9,1,12,9,36
9,1,12,10,40
9,1,12,11,40
9,1,12,12,38
9,1,12,13,38
9,1,12,14,38
9,1,12,15,36
9,1,12,16,36
9,1,12,17,36
9,1,12,18,40
9,1,12,19,40
9,1,12,20,38
9,1,12,21,36
9,1,12,22,36
9,1,12,23,38
9,1,12,24,40
9,1,12,25,36
9,1,12,26,38
9,1,12,27,40
9,1,12,28,34
9,1,12,29,32
9,1,12,30,32
9,1,12,31,38
9,1,12,32,40
9,1,12,33,36
9,1,12,34,38
9,1,12,35,38
9,1,12,36,38
9,1,12,37,34
9,1,12,38,34
9,1,12,39,36
9,1,12,40,36
9,1,12,41,38
9,1,12,42,36
9,1,12,43,34
9,1,12,44,36
9,1,12,45,38
9,1,12,46,36
9,1,12,47,38
9,1,12,48,38
9,1,12,49,32
9,1,12,50,34
9,1,12,51,38
9,1,12,52,36
9,1,12,53,36
9,1,12,54,36
9,1,12,55,36
9,1,12,56,38
9,1,12,57,40
9,1,12,58,36
9,1,12,59,34
9,1,12,60,38
9,1,12,61,34
9,1,12,62,38
9,1,12,63,38
9,1,13,0,38
9,1,13,1,36
9,1,13,2,36
9,1,13,3,36
9,1,13,4,34
9,1,13,5,36
9,1,13,6,36
9,1,13,7,36
9,1,13,8,34
9,1,13,9,36
9,1,13,10,36
9,1,13,11,40
9,1,13,12,38
9,1,13,13,36
9,1,13,14,38
9,1,13,15,38
9,1,13,16,38
9,1,13,17,42
9,1,13,18,36
9,1,13,19,36
9,1,13,20,36
9,1,13,21,40
9,1,13,22,36
9,1,13,23,36
9,1,13,24,36
9,1,13,25,38
9,1,13,26,38
9,1,13,27,34
9,1,13,28,36
9,1,13,29,36
9,1,13,30,34
9,1,13,31,38
9,1,13,32,34
9,1,13,33,38
9,1,13,34,36
9,1,13,35,38
9,1,13,36,36
9,1,13,37,36
9,1,13,38,36
9,1,13,39,34
9,1,13,40,38
9,1,13,41,36
9,1,13,42,36
9,1,13,43,36
9,1,13,44,40
9,1,13,45,36
9,1,13,46,36
9,1,13,47,36
9,1,13,48,34
9,1,13,49,34
9,1,13,50,36
9,1,13,51,40
9,1,13,52,36
9,1,13,53,36
9,1,13,54,34
9,1,13,55,34
9,1,13,56,46
9,1,13,57,34
9,1,13,58,32
9,1,13,59,42
9,1,13,60,36
9,1,13,61,36
9,1,13,62,40
9,1,13,63,36
9,1,14,0,38
9,1,14,1,38
9,1,14,2,40
9,1,14,3,36
9,1,14,4,36
9,1,14,5,36
9,1,14,6,36
9,1,14,7,34
9,1,14,8,40
9,1,14,9,38
9,1,14,10,36
9,1,14,11,36
9,1,14,12,36
9,1,14,13,36
9,1,14,14,42
9,1,14,15,36
9,1,14,16,36
9,1,14,17,38
9,1,14,18,34
9,1,14,19,34
9,1,14,20,36
9,1,14,21,34
9,1,14,22,36
9,1,14,23,34
9,1,14,24,34
9,1,14,25,36
9,1,14,26,36
9,1,14,27,34
9,1,14,28,38
9,1,14,29,38
9,1,14,30,34
9,1,14,31,46
9,1,14,32,38
9,1,14,33,36
9,1,14,34,40
9,1,14,35,36
9,1,14,36,34
9,1,14,37,40
9,1,14,38,38
9,1,14,39,36
9,1,14,40,38
9,1,14,41,34
9,1,14,42,38
9,1,14,43,36
9,1,14,44,36
9,1,14,45,38
9,1,14,46,34
9,1,14,47,38
9,1,14,48,38
9,1,14,49,36
9,1,14,50,34
9,1,14,51,34
9,1,14,52,36
9,1,14,53,34
9,1,14,54,36
9,1,14,55,34
9,1,14,56,34
9,1,14,57,36
9,1,14,58,36
9,1,14,59,36
9,1,14,60,34
9,1,14,61,36
9,1,14,62,40
9,1,14,63,32
9,2,0,0,68
9,2,0,1,76
9,2,0,2,64
9,2,0,3,62
9,2,0,4,72
9,2,0,5,68
9,2,0,6,62
9,2,0,7,70
9,2,0,8,102
9,2,0,9,76
9,2,0,10,64
9,2,0,11,68
9,2,0,12,76
9,2,0,13,76
9,2,0,14,64
9,2,0,15,66
9,2,0,16,76
9,2,0,17,78
9,2,0,18,68
9,2,0,19,70
9,2,0,20,72
9,2,0,21,70
9,2,0,22,68
9,2,0,23,62
9,2,0,24,76
9,2,0,25,68
9,2,0,26,70
9,2,0,27,36
9,2,0,28,38
9,2,0,29,76
9,2,0,30,70
9,2,0,31,64
9,2,0,32,64
9,2,0,33,36
9,2,0,34,32
9,2,0,35,40
9,2,0,36,64
9,2,0,37,66
9,2,0,38,72
9,2,0,39,34
9,2,0,40,64
9,2,0,41,66
9,2,0,42,72
9,2,0,43,70
9,2,0,44,64
9,2,0,45,62
9,2,0,46,68
9,2,0,47,76
9,2,0,48,64
9,2,0,49,38
9,2,0,50,36
9,2,0,51,68
9,2,0,52,68
9,2,0,53,68
9,2,0,54,36
9,2,0,55,72
9,2,0,56,66
9,2,0,57,68
9,2,0,58,74
9,2,0,59,40
9,2,0,60,64
9,2,0,61,66
9,2,0,62,76
9,2,0,63,82
9,2,1,0,32
9,2,1,1,36
9,2,1,2,38
9,2,1,3,38
9,2,1,4,34
9,2,1,5,40
9,2,1,6,34
9,2,1,7,40
9,2,1,8,36
9,2,1,9,40
9,2,1,10,38
9,2,1,11,38
9,2,1,12,34
9,2,1,13,40
9,2,1,14,36
9,2,1,15,40
9,2,1,16,34
9,2,1,17,40
9,2,1,18,34
9,2,1,19,36
9,2,1,20,36
9,2,1,21,36
9,2,1,22,34
9,2,1,23,38
9,2,1,24,36
9,2,1,25,36
9,2,1,26,34
9,2,1,27,36
9,2,1,28,36
9,2,1,29,36
9,2,1,30,38
9,2,1,31,38
9,2,1,32,38
9,2,1,33,34
9,2,1,34,40
9,2,1,35,36
9,2,1,36,38
9,2,1,37,36
9,2,1,38,38
9,2,1,39,34
9,2,1,40,38
9,2,1,41,36
9,2,1,42,38
9,2,1,43,36
9,2,1,44,40
9,2,1,45,38
9,2,1,46,36
9,2,1,47,38
9,2,1,48,36
9,2,1,49,34
9,2,1,50,40
9,2,1,51,34
9,2,1,52,36
9,2,1,53,36
9,2,1,54,38
9,2,1,55,42
9,2,1,56,38
9,2,1,57,46
9,2,1,58,38
9,2,1,59,36
9,2,1,60,36
9,2,1,61,36
9,2,1,62,38
9,2,1,63,34
9,2,2,0,34
9,2,2,1,36
9,2,2,2,36
9,2,2,3,32
9,2,2,4,34
9,2,2,5,34
9,2,2,6,36
9,2,2,7,38
9,2,2,8,40
9,2,2,9,32
9,2,2,10,34
9,2,2,11,40
9,2,2,12,40
9,2,2,13,40
9,2,2,14,36
9,2,2,15,36
9,2,2,16,38
9,2,2,17,38
9,2,2,18,36
9,2,2,19,36
9,2,2,20,32
9,2,2,21,40
9,2,2,22,38
9,2,2,23,36
9,2,2,24,38
9,2,2,25,34
9,2,2,26,36
9,2,2,27,34
9,2,2,28,38
9,2,2,29,36
9,2,2,30,34
9,2,2,31,38
9,2,2,32,36
9,2,2,33,36
9,2,2,34,36
9,2,2,35,36
9,2,2,36,34
9,2,2,37,38
9,2,2,38,38
9,2,2,39,38
9,2,2,40,36
9,2,2,41,34
9,2,2,42,36
9,2,2,43,38
9,2,2,44,36
9,2,2,45,36
9,2,2,46,36
9,2,2,47,36
9,2,2,48,36
9,2,2,49,36
9,2,2,50,34
9,2,2,51,36
9,2,2,52,38
9,2,2,53,38
9,2,2,54,32
9,2,2,55,34
9,2,2,56,36
9,2,2,57,36
9,2,2,58,36
9,2,2,59,38
9,2,2,60,34
9,2,2,61,38
9,2,2,62,36
9,2,2,63,42
9,2,3,0,38
9,2,3,1,36
9,2,3,2,38
9,2,3,3,38
9,2,3,4,34
9,2,3,5,40
9,2,3,6,40
9,2,3,7,36
9,2,3,8,40
9,2,3,9,36
9,2,3,10,36
9,2,3,11,32
9,2,3,12,36
9,2,3,13,36
9,2,3,14,38
9,2,3,15,38
9,2,3,16,38
9,2,3,17,38
9,2,3,18,36
9,2,3,19,36
9,2,3,20,34
9,2,3,21,32
9,2,3,22,36
9,2,3,23,36
9,2,3,24,34
9,2,3,25,36
9,2,3,26,36
9,2,3,27,40
9,2,3,28,40
9,2,3,29,38
9,2,3,30,36
9,2,3,31,38
9,2,3,32,36
9,2,3,33,36
9,2,3,34,36
9,2,3,35,40
9,2,3,36,38
9,2,3,37,36
9,2,3,38,36
9,2,3,39,38
9,2,3,40,36
9,2,3,41,34
9,2,3,42,34
9,2,3,43,36
9,2,3,44,36
9,2,3,45,36
9,2,3,46,42
9,2,3,47,40
9,2,3,48,40
9,2,3,49,38
9,2,3,50,36
9,2,3,51,40
9,2,3,52,38
9,2,3,53,34
9,2,3,54,40
9,2,3,55,38
9,2,3,56,38
9,2,3,57,34
9,2,3,58,40
9,2,3,59,36
9,2,3,60,38
9,2,3,61,36
9,2,3,62,40
9,2,3,63,34
9,2,4,0,36
9,2,4,1,44
9,2,4,2,40
9,2,4,3,36
9,2,4,4,36
9,2,4,5,38
9,2,4,6,34
9,2,4,7,38
9,2,4,8,34
9,2,4,9,42
9,2,4,10,34
9,2,4,11,36
9,2,4,12,38
9,2,4,13,36
9,2,4,14,34
9,2,4,15,34
9,2,4,16,34
9,2,4,17,38
9,2,4,18,36
9,2,4,19,36
9,2,4,20,36
9,2,4,21,36
9,2,4,22,38
9,2,4,23,36
9,2,4,24,38
9,2,4,25,38
9,2,4,26,38
9,2,4,27,32
9,2,4,28,34
9,2,4,29,36
9,2,4,30,38
9,2,4,31,36
9,2,4,32,38
9,2,4,33,36
9,2,4,34,40
9,2,4,35,38
9,2,4,36,36
9,2,4,37,36
9,2,4,38,34
9,2,4,39,40
9,2,4,40,42
9,2,4,41,38
9,2,4,42,38
9,2,4,43,38
9,2,4,44,36
9,2,4,45,34
9,2,4,46,40
9,2,4,47,38
9,2,4,48,32
9,2,4,49,38
9,2,4,50,36
9,2,4,51,38
9,2,4,52,38
9,2,4,53,42
9,2,4,54,36
9,2,4,55,36
9,2,4,56,36
9,2,4,57,38
9,2,4,58,38
9,2,4,59,36
9,2,4,60,38
9,2,4,61,34
9,2,4,62,38
9,2,4,63,38
9,2,5,0,34
9,2,5,1,38
9,2,5,2,34
9,2,5,3,38
9,2,5,4,40
9,2,5,5,40
9,2,5,6,38
9,2,5,7,40
9,2,5,8,38
9,2,5,9,36
9,2,5,10,38
9,2,5,11,38
9,2,5,12,38
9,2,5,13,34
9,2,5,14,34
9,2,5,15,40
9,2,5,16,32
9,2,5,17,36
9,2,5,18,34
9,2,5,19,34
9,2,5,20,34
9,2,5,21,36
9,2,5,22,42
9,2,5,23,38
9,2,5,24,38
9,2,5,25,40
9,2,5,26,36
9,2,5,27,38
9,2,5,28,34
9,2,5,29,36
9,2,5,30,38
9,2,5,31,32
9,2,5,32,34
9,2,5,33,36
9,2,5,34,38
9,2,5,35,40
9,2,5,36,36
9,2,5,37,36
9,2,5,38,38
9,2,5,39,36
9,2,5,40,34
9,2,5,41,34
9,2,5,42,36
9,2,5,43,38
9,2,5,44,38
9,2,5,45,34
9,2,5,46,36
9,2,5,47,36
9,2,5,48,38
9,2,5,49,36
9,2,5,50,36
9,2,5,51,36
9,2,5,52,34
9,2,5,53,34
9,2,5,54,34
9,2,5,55,36
9,2,5,56,34
9,2,5,57,38
9,2,5,58,40
9,2,5,59,34
9,2,5,60,34
9,2,5,61,36
9,2,5,62,34
9,2,5,63,36
9,2,6,0,36
9,2,6,1,36
9,2,6,2,34
9,2,6,3,40
9,2,6,4,38
9,2,6,5,40
9,2,6,6,36
9,2,6,7,36
9,2,6,8,34
9,2,6,9,36
9,2,6,10,36
9,2,6,11,34
9,2,6,12,38
9,2,6,13,36
9,2,6,14,36
9,2,6,15,38
9,2,6,16,38
9,2,6,17,32
9,2,6,18,34
9,2,6,19,42
9,2,6,20,36
9,2,6,21,34
9,2,6,22,36
9,2,6,23,36
9,2,6,24,36
9,2,6,25,38
9,2,6,26,34
9,2,6,27,38
9,2,6,28,36
9,2,6,29,36
9,2,6,30,38
9,2,6,31,36
9,2,6,32,34
9,2,6,33,34
9,2,6,34,36
9,2,6,35,38
9,2,6,36,36
9,2,6,37,38
9,2,6,38,36
9,2,6,39,36
9,2,6,40,34
9,2,6,41,38
9,2,6,42,42
9,2,6,43,36
9,2,6,44,40
9,2,6,45,36
9,2,6,46,38
9,2,6,47,38
9,2,6,48,40
9,2,6,49,36
9,2,6,50,36
9,2,6,51,38
9,2,6,52,36
9,2,6,53,36
9,2,6,54,36
9,2,6,55,36
9,2,6,56,36
9,2,6,57,40
9,2,6,58,38
9,2,6,59,36
9,2,6,60,34
9,2,6,61,36
9,2,6,62,36
9,2,6,63,36
9,2,7,0,34
9,2,7,1,38
9,2,7,2,36
9,2,7,3,32
9,2,7,4,36
9,2,7,5,38
9,2,7,6,36
9,2,7,7,40
9,2,7,8,40
9,2,7,9,42
9,2,7,10,34
9,2,7,11,36
9,2,7,12,36
9,2,7,13,40
9,2,7,14,38
9,2,7,15,38
9,2,7,16,34
9,2,7,17,36
9,2,7,18,36
9,2,7,19,38
9,2,7,20,36
9,2,7,21,34
9,2,7,22,36
9,2,7,23,36
9,2,7,24,38
9,2,7,25,36
9,2,7,26,38
9,2,7,27,36
9,2,7,28,38
9,2,7,29,34
9,2,7,30,36
9,2,7,31,40
9,2,7,32,32
9,2,7,33,38
9,2,7,34,40
9,2,7,35,34
9,2,7,36,34
9,2,7,37,36
9,2,7,38,40
9,2,7,39,36
9,2,7,40,38
9,2,7,41,36
9,2,7,42,38
9,2,7,43,36
9,2,7,44,36
9,2,7,45,36
9,2,7,46,38
9,2,7,47,38
9,2,7,48,34
9,2,7,49,32
9,2,7,50,38
9,2,7,51,34
9,2,7,52,34
9,2,7,53,34
9,2,7,54,38
9,2,7,55,36
9,2,7,56,36
9,2,7,57,32
9,2,7,58,34
9,2,7,59,38
9,2,7,60,34
9,2,7,61,32
9,2,7,62,38
9,2,7,63,36
9,2,8,0,36
9,2,8,1,34
9,2,8,2,42
9,2,8,3,36
9,2,8,4,36
9,2,8,5,34
9,2,8,6,38
9,2,8,7,38
9,2,8,8,38
9,2,8,9,36
9,2,8,10,36
9,2,8,11,42
9,2,8,12,38
9,2,8,13,38
9,2,8,14,40
9,2,8,15,32
9,2,8,16,36
9,2,8,17,36
9,2,8,18,36
9,2,8,19,40
9,2,8,20,34
9,2,8,21,36
9,2,8,22,36
9,2,8,23,36
9,2,8,24,36
9,2,8,25,36
9,2,8,26,36
9,2,8,27,36
9,2,8,28,36
9,2,8,29,36
9,2,8,30,34
9,2,8,31,36
9,2,8,32,40
9,2,8,33,38
9,2,8,34,36
9,2,8,35,34
9,2,8,36,34
9,2,8,37,36
9,2,8,38,34
9,2,8,39,36
9,2,8,40,38
9,2,8,41,32
9,2,8,42,38
9,2,8,43,38
9,2,8,44,38
9,2,8,45,40
9,2,8,46,40
9,2,8,47,38
9,2,8,48,36
9,2,8,49,36
9,2,8,50,36
9,2,8,51,38
9,2,8,52,34
9,2,8,53,34
9,2,8,54,36
9,2,8,55,38
9,2,8,56,38
9,2,8,57,36
9,2,8,58,38
9,2,8,59,34
9,2,8,60,36
9,2,8,61,40
9,2,8,62,36
9,2,8,63,36
9,2,9,0,38
9,2,9,1,42
9,2,9,2,38
9,2,9,3,38
9,2,9,4,38
9,2,9,5,36
9,2,9,6,34
9,2,9,7,36
9,2,9,8,38
9,2,9,9,40
9,2,9,10,40
9,2,9,11,38
9,2,9,12,36
9,2,9,13,34
9,2,9,14,36
9,2,9,15,38
9,2,9,16,36
9,2,9,17,38
9,2,9,18,40
9,2,9,19,36
9,2,9,20,36
9,2,9,21,38
9,2,9,22,36
9,2,9,23,40
9,2,9,24,38
9,2,9,25,36
9,2,9,26,38
9,2,9,27,36
9,2,9,28,36
9,2,9,29,40
9,2,9,30,32
9,2,9,31,42
9,2,9,32,38
9,2,9,33,38
9,2,9,34,32
9,2,9,35,36
9,2,9,36,38
9,2,9,37,36
9,2,9,38,40
9,2,9,39,38
9,2,9,40,40
9,2,9,41,38
9,2,9,42,38
9,2,9,43,34
9,2,9,44,36
9,2,9,45,36
9,2,9,46,38
9,2,9,47,38
9,2,9,48,38
9,2,9,49,40
9,2,9,50,34
9,2,9,51,38
9,2,9,52,34
9,2,9,53,38
9,2,9,54,40
9,2,9,55,34
9,2,9,56,36
9,2,9,57,34
9,2,9,58,38
9,2,9,59,40
9,2,9,60,34
9,2,9,61,38
9,2,9,62,40
9,2,9,63,36
9,2,10,0,34
9,2,10,1,38
9,2,10,2,34
9,2,10,3,34
9,2,10,4,38
9,2,10,5,38
9,2,10,6,36
9,2,10,7,34
9,2,10,8,38
9,2,10,9,38
9,2,10,10,40
9,2,10,11,38
9,2,10,12,36
9,2,10,13,36
9,2,10,14,40
9,2,10,15,32
9,2,10,16,36
9,2,10,17,32
9,2,10,18,36
9,2,10,19,32
9,2,10,20,36
9,2,10,21,36
9,2,10,22,38
9,2,10,23,34
9,2,10,24,38
9,2,10,25,38
9,2,10,26,34
9,2,10,27,36
9,2,10,28,36
9,2,10,29,34
9,2,10,30,38
9,2,10,31,36
9,2,10,32,34
9,2,10,33,32
9,2,10,34,38
9,2,10,35,38
9,2,10,36,36
9,2,10,37,34
9,2,10,38,36
9,2,10,39,38
9,2,10,40,38
9,2,10,41,40
9,2,10,42,36
9,2,10,43,40
9,2,10,44,32
9,2,10,45,38
9,2,10,46,40
9,2,10,47,38
9,2,10,48,36
9,2,10,49,36
9,2,10,50,40
9,2,10,51,38
9,2,10,52,40
9,2,10,53,36
9,2,10,54,36
9,2,10,55,38
9,2,10,56,38
9,2,10,57,38
9,2,10,58,36
9,2,10,59,38
9,2,10,60,36
9,2,10,61,38
9,2,10,62,36
9,2,10,63,36
9,2,11,0,38
9,2,11,1,38
9,2,11,2,36
9,2,11,3,38
9,2,11,4,34
9,2,11,5,34
9,2,11,6,34
9,2,11,7,36
9,2,11,8,40
9,2,11,9,38
9,2,11,10,34
9,2,11,11,36
9,2,11,12,40
9,2,11,13,38
9,2,11,14,38
9,2,11,15,34
9,2,11,16,40
9,2,11,17,38
9,2,11,18,48
9,2,11,19,38
9,2,11,20,38
9,2,11,21,36
9,2,11,22,40
9,2,11,23,36
9,2,11,24,36
9,2,11,25,32
9,2,11,26,32
9,2,11,27,40
9,2,11,28,38
9,2,11,29,34
9,2,11,30,32
9,2,11,31,36
9,2,11,32,40
9,2,11,33,36
9,2,11,34,42
9,2,11,35,34
9,2,11,36,36
9,2,11,37,38
9,2,11,38,38
9,2,11,39,38
9,2,11,40,36
9,2,11,41,38
9,2,11,42,38
9,2,11,43,36
9,2,11,44,34
9,2,11,45,40
9,2,11,46,36
9,2,11,47,38
9,2,11,48,34
9,2,11,49,34
9,2,11,50,40
9,2,11,51,42
9,2,11,52,34
9,2,11,53,38
9,2,11,54,38
9,2,11,55,36
9,2,11,56,34
9,2,11,57,38
9,2,11,58,42
9,2,11,59,36
9,2,11,60,34
9,2,11,61,36
9,2,11,62,32
9,2,11,63,38
9,2,12,0,40
9,2,12,1,36
9,2,12,2,36
9,2,12,3,40
9,2,12,4,36
9,2,12,5,34
9,2,12,6,34
9,2,12,7,36
9,2,12,8,40
9,2,12,9,38
9,2,12,10,36
9,2,12,11,36
9,2,12,12,34
9,2,12,13,32
9,2,12,14,36
9,2,12,15,40
9,2,12,16,36
9,2,12,17,38
9,2,12,18,36
9,2,12,19,36
9,2,12,20,38
9,2,12,21,36
9,2,12,22,34
9,2,12,23,36
9,2,12,24,36
9,2,12,25,34
9,2,12,26,38
9,2,12,27,36
9,2,12,28,38
9,2,12,29,36
9,2,12,30,32
9,2,12,31,38
9,2,12,32,40
9,2,12,33,38
9,2,12,34,36
9,2,12,35,40
9,2,12,36,36
9,2,12,37,36
9,2,12,38,36
9,2,12,39,36
9,2,12,40,34
9,2,12,41,36
9,2,12,42,38
9,2,12,43,40
9,2,12,44,36
9,2,12,45,36
9,2,12,46,36
9,2,12,47,36
9,2,12,48,38
9,2,12,49,38
9,2,12,50,38
9,2,12,51,42
9,2,12,52,38
9,2,12,53,46
9,2,12,54,40
9,2,12,55,36
9,2,12,56,40
9,2,12,57,32
9,2,12,58,36
9,2,12,59,38
9,2,12,60,38
9,2,12,61,36
9,2,12,62,36
9,2,12,63,34
9,2,13,0,34
9,2,13,1,38
9,2,13,2,36
9,2,13,3,36
9,2,13,4,38
9,2,13,5,36
9,2,13,6,38
9,2,13,7,36
9,2,13,8,36
9,2,13,9,36
9,2,13,10,34
9,2,13,11,42
9,2,13,12,38
9,2,13,13,36
9,2,13,14,36
9,2,13,15,38
9,2,13,16,36
9,2,13,17,36
9,2,13,18,36
9,2,13,19,36
9,2,13,20,36
9,2,13,21,38
9,2,13,22,38
9,2,13,23,34
9,2,13,24,38
9,2,13,25,38
9,2,13,26,38
9,2,13,27,34
9,2,13,28,38
9,2,13,29,38
9,2,13,30,36
9,2,13,31,36
9,2,13,32,38
9,2,13,33,38
9,2,13,34,38
9,2,13,35,36
9,2,13,36,34
9,2,13,37,36
9,2,13,38,36
9,2,13,39,42
9,2,13,40,40
9,2,13,41,36
9,2,13,42,38
9,2,13,43,34
9,2,13,44,38
9,2,13,45,36
9,2,13,46,38
9,2,13,47,36
9,2,13,48,38
9,2,13,49,40
9,2,13,50,36
9,2,13,51,36
9,2,13,52,36
9,2,13,53,36
9,2,13,54,36
9,2,13,55,36
9,2,13,56,42
9,2,13,57,32
9,2,13,58,38
9,2,13,59,38
9,2,13,60,34
9,2,13,61,36
9,2,13,62,38
9,2,13,63,40
9,2,14,0,32
9,2,14,1,34
9,2,14,2,38
9,2,14,3,32
9,2,14,4,36
9,2,14,5,36
9,2,14,6,34
9,2,14,7,38
9,2,14,8,36
9,2,14,9,34
9,2,14,10,36
9,2,14,11,34
9,2,14,12,36
9,2,14,13,36
9,2,14,14,38
9,2,14,15,46
9,2,14,16,36
9,2,14,17,38
9,2,14,18,32
9,2,14,19,36
9,2,14,20,36
9,2,14,21,36
9,2,14,22,38
9,2,14,23,38
9,2,14,24,34
9,2,14,25,36
9,2,14,26,38
9,2,14,27,34
9,2,14,28,38
9,2,14,29,40
9,2,14,30,36
9,2,14,31,38
9,2,14,32,32
9,2,14,33,36
9,2,14,34,36
9,2,14,35,36
9,2,14,36,36
9,2,14,37,40
9,2,14,38,36
9,2,14,39,38
9,2,14,40,32
9,2,14,41,36
9,2,14,42,36
9,2,14,43,36
9,2,14,44,34
9,2,14,45,34
9,2,14,46,32
9,2,14,47,38
9,2,14,48,36
9,2,14,49,32
9,2,14,50,40
9,2,14,51,36
9,2,14,52,36
9,2,14,53,34
9,2,14,54,40
9,2,14,55,36
9,2,14,56,34
9,2,14,57,40
9,2,14,58,38
9,2,14,59,36
9,2,14,60,38
9,2,14,61,38
9,2,14,62,32
9,2,14,63,36
9,3,0,0,38
9,3,0,1,36
9,3,0,2,38
9,3,0,3,36
9,3,0,4,36
9,3,0,5,36
9,3,0,6,38
9,3,0,7,36
9,3,0,8,36
9,3,0,9,34
9,3,0,10,36
9,3,0,11,38
9,3,0,12,36
9,3,0,13,36
9,3,0,14,38
9,3,0,15,40
9,3,0,16,36
9,3,0,17,38
9,3,0,18,36
9,3,0,19,40
9,3,0,20,36
9,3,0,21,38
9,3,0,22,38
9,3,0,23,36
9,3,0,24,36
9,3,0,25,36
9,3,0,26,36
9,3,0,27,34
9,3,0,28,34
9,3,0,29,38
9,3,0,30,38
9,3,0,31,36
9,3,0,32,36
9,3,0,33,36
9,3,0,34,38
9,3,0,35,38
9,3,0,36,34
9,3,0,37,38
9,3,0,38,36
9,3,0,39,38
9,3,0,40,38
9,3,0,41,38
9,3,0,42,36
9,3,0,43,36
9,3,0,44,34
9,3,0,45,36
9,3,0,46,34
9,3,0,47,34
9,3,0,48,38
9,3,0,49,38
9,3,0,50,34
9,3,0,51,38
9,3,0,52,34
9,3,0,53,38
9,3,0,54,38
9,3,0,55,36
9,3,0,56,38
9,3,0,57,38
9,3,0,58,38
9,3,0,59,36
9,3,0,60,42
9,3,0,61,36
9,3,0,62,34
9,3,0,63,36
9,3,1,0,36
9,3,1,1,36
9,3,1,2,36
9,3,1,3,40
9,3,1,4,38
9,3,1,5,34
9,3,1,6,40
9,3,1,7,36
9,3,1,8,38
9,3,1,9,36
9,3,1,10,40
9,3,1,11,36
9,3,1,12,40
9,3,1,13,34
9,3,1,14,36
9,3,1,15,36
9,3,1,16,38
9,3,1,17,36
9,3,1,18,38
9,3,1,19,36
9,3,1,20,34
9,3,1,21,36
9,3,1,22,40
9,3,1,23,34
9,3,1,24,40
9,3,1,25,38
9,3,1,26,46
9,3,1,27,36
9,3,1,28,38
9,3,1,29,38
9,3,1,30,40
9,3,1,31,38
9,3,1,32,40
9,3,1,33,38
9,3,1,34,34
9,3,1,35,34
9,3,1,36,38
9,3,1,37,36
9,3,1,38,36
9,3,1,39,38
9,3,1,40,36
9,3,1,41,36
9,3,1,42,38
9,3,1,43,34
9,3,1,44,38
9,3,1,45,38
9,3,1,46,38
9,3,1,47,36
9,3,1,48,40
9,3,1,49,40
9,3,1,50,32
9,3,1,51,34
9,3,1,52,36
9,3,1,53,36
9,3,1,54,36
9,3,1,55,38
9,3,1,56,36
9,3,1,57,42
9,3,1,58,34
9,3,1,59,34
9,3,1,60,40
9,3,1,61,38
9,3,1,62,40
9,3,1,63,34
9,3,2,0,36
9,3,2,1,34
9,3,2,2,36
9,3,2,3,34
9,3,2,4,36
9,3,2,5,36
9,3,2,6,34
9,3,2,7,36
9,3,2,8,36
9,3,2,9,36
9,3,2,10,36
9,3,2,11,38
9,3,2,12,36
9,3,2,13,34
9,3,2,14,36
9,3,2,15,34
9,3,2,16,36
9,3,2,17,34
9,3,2,18,34
9,3,2,19,40
9,3,2,20,32
9,3,2,21,34
9,3,2,22,36
9,3,2,23,34
9,3,2,24,38
9,3,2,25,36
9,3,2,26,36
9,3,2,27,34
9,3,2,28,40
9,3,2,29,36
9,3,2,30,36
9,3,2,31,36
9,3,2,32,36
9,3,2,33,34
9,3,2,34,38
9,3,2,35,36
9,3,2,36,38
9,3,2,37,36
9,3,2,38,38
9,3,2,39,40
9,3,2,40,34
9,3,2,41,38
9,3,2,42,34
9,3,2,43,36
9,3,2,44,40
9,3,2,45,36
9,3,2,46,32
9,3,2,47,36
9,3,2,48,44
9,3,2,49,40
9,3,2,50,34
9,3,2,51,36
9,3,2,52,36
9,3,2,53,38
9,3,2,54,38
9,3,2,55,36
9,3,2,56,36
9,3,2,57,38
9,3,2,58,32
9,3,2,59,38
9,3,2,60,36
9,3,2,61,40
9,3,2,62,40
9,3,2,63,38
9,3,3,0,42
9,3,3,1,36
9,3,3,2,36
9,3,3,3,34
9,3,3,4,36
9,3,3,5,34
9,3,3,6,34
9,3,3,7,38
9,3,3,8,36
9,3,3,9,36
9,3,3,10,34
9,3,3,11,36
9,3,3,12,42
9,3,3,13,38
9,3,3,14,36
9,3,3,15,36
9,3,3,16,34
9,3,3,17,40
9,3,3,18,36
9,3,3,19,36
9,3,3,20,40
9,3,3,21,36
9,3,3,22,36
9,3,3,23,40
9,3,3,24,36
9,3,3,25,36
9,3,3,26,34
9,3,3,27,38
9,3,3,28,38
9,3,3,29,36
9,3,3,30,36
9,3,3,31,40
9,3,3,32,34
9,3,3,33,36
9,3,3,34,36
9,3,3,35,38
9,3,3,36,38
9,3,3,37,32
9,3,3,38,34
9,3,3,39,36
9,3,3,40,34
9,3,3,41,38
9,3,3,42,32
9,3,3,43,38
9,3,3,44,36
9,3,3,45,36
9,3,3,46,36
9,3,3,47,36
9,3,3,48,36
9,3,3,49,40
9,3,3,50,36
9,3,3,51,34
9,3,3,52,36
9,3,3,53,38
9,3,3,54,38
9,3,3,55,32
9,3,3,56,36
9,3,3,57,40
9,3,3,58,34
9,3,3,59,36
9,3,3,60,36
9,3,3,61,32
9,3,3,62,34
9,3,3,63,38
9,3,4,0,36
9,3,4,1,36
9,3,4,2,36
9,3,4,3,38
9,3,4,4,34
9,3,4,5,36
9,3,4,6,36
9,3,4,7,36
9,3,4,8,38
9,3,4,9,34
9,3,4,10,36
9,3,4,11,38
9,3,4,12,38
9,3,4,13,32
9,3,4,14,40
9,3,4,15,40
9,3,4,16,40
9,3,4,17,38
9,3,4,18,38
9,3,4,19,34
9,3,4,20,38
9,3,4,21,36
9,3,4,22,40
9,3,4,23,32
9,3,4,24,38
9,3,4,25,38
9,3,4,26,38
9,3,4,27,36
9,3,4,28,34
9,3,4,29,36
9,3,4,30,36
9,3,4,31,36
9,3,4,32,34
9,3,4,33,38
9,3,4,34,34
9,3,4,35,42
9,3,4,36,36
9,3,4,37,38
9,3,4,38,34
9,3,4,39,34
9,3,4,40,38
9,3,4,41,36
9,3,4,42,46
9,3,4,43,32
9,3,4,44,38
9,3,4,45,34
9,3,4,46,40
9,3,4,47,40
9,3,4,48,38
9,3,4,49,36
9,3,4,50,40
9,3,4,51,40
9,3,4,52,36
9,3,4,53,36
9,3,4,54,36
9,3,4,55,40
9,3,4,56,36
9,3,4,57,36
9,3,4,58,40
9,3,4,59,34
9,3,4,60,36
9,3,4,61,32
9,3,4,62,38
9,3,4,63,36
9,3,5,0,36
9,3,5,1,38
9,3,5,2,36
9,3,5,3,36
9,3,5,4,38
9,3,5,5,36
9,3,5,6,34
9,3,5,7,36
9,3,5,8,38
9,3,5,9,38
9,3,5,10,40
9,3,5,11,38
9,3,5,12,36
9,3,5,13,36
9,3,5,14,36
9,3,5,15,36
9,3,5,16,34
9,3,5,17,38
9,3,5,18,36
9,3,5,19,40
9,3,5,20,36
9,3,5,21,36
9,3,5,22,38
9,3,5,23,32
9,3,5,24,38
9,3,5,25,42
9,3,5,26,36
9,3,5,27,38
9,3,5,28,38
9,3,5,29,40
9,3,5,30,34
9,3,5,31,34
9,3,5,32,38
9,3,5,33,36
9,3,5,34,36
9,3,5,35,36
9,3,5,36,36
9,3,5,37,36
9,3,5,38,32
9,3,5,39,36
9,3,5,40,36
9,3,5,41,34
9,3,5,42,36
9,3,5,43,32
9,3,5,44,38
9,3,5,45,38
9,3,5,46,36
9,3,5,47,36
9,3,5,48,36
9,3,5,49,40
9,3,5,50,36
9,3,5,51,36
9,3,5,52,34
9,3,5,53,34
9,3,5,54,38
9,3,5,55,36
9,3,5,56,38
9,3,5,57,34
9,3,5,58,32
9,3,5,59,36
9,3,5,60,40
9,3,5,61,36
9,3,5,62,36
9,3,5,63,38
9,3,6,0,34
9,3,6,1,40
9,3,6,2,38
9,3,6,3,38
9,3,6,4,34
9,3,6,5,38
9,3,6,6,36
9,3,6,7,36
9,3,6,8,36
9,3,6,9,34
9,3,6,10,36
9,3,6,11,36
9,3,6,12,38
9,3,6,13,36
9,3,6,14,38
9,3,6,15,36
9,3,6,16,40
9,3,6,17,36
9,3,6,18,42
9,3,6,19,34
9,3,6,20,32
9,3,6,21,38
9,3,6,22,34
9,3,6,23,36
9,3,6,24,36
9,3,6,25,36
9,3,6,26,36
9,3,6,27,32
9,3,6,28,34
9,3,6,29,38
9,3,6,30,36
9,3,6,31,36
9,3,6,32,36
9,3,6,33,32
9,3,6,34,40
9,3,6,35,36
9,3,6,36,36
9,3,6,37,36
9,3,6,38,40
9,3,6,39,36
9,3,6,40,44
9,3,6,41,38
9,3,6,42,34
9,3,6,43,36
9,3,6,44,38
9,3,6,45,36
9,3,6,46,36
9,3,6,47,36
9,3,6,48,36
9,3,6,49,34
9,3,6,50,34
9,3,6,51,36
9,3,6,52,36
9,3,6,53,36
9,3,6,54,36
9,3,6,55,38
9,3,6,56,34
9,3,6,57,36
9,3,6,58,36
9,3,6,59,36
9,3,6,60,38
9,3,6,61,36
9,3,6,62,32
9,3,6,63,36
9,3,7,0,38
9,3,7,1,38
9,3,7,2,36
9,3,7,3,38
9,3,7,4,36
9,3,7,5,42
9,3,7,6,36
9,3,7,7,36
9,3,7,8,36
9,3,7,9,36
9,3,7,10,36
9,3,7,11,40
9,3,7,12,36
9,3,7,13,36
9,3,7,14,36
9,3,7,15,36
9,3,7,16,34
9,3,7,17,36
9,3,7,18,40
9,3,7,19,38
9,3,7,20,38
9,3,7,21,38
9,3,7,22,34
9,3,7,23,34
9,3,7,24,34
9,3,7,25,36
9,3,7,26,34
9,3,7,27,36
9,3,7,28,40
9,3,7,29,50
9,3,7,30,40
9,3,7,31,38
9,3,7,32,38
9,3,7,33,34
9,3,7,34,32
9,3,7,35,40
9,3,7,36,38
9,3,7,37,36
9,3,7,38,40
9,3,7,39,36
9,3,7,40,36
9,3,7,41,38
9,3,7,42,38
9,3,7,43,36
9,3,7,44,36
9,3,7,45,36
9,3,7,46,36
9,3,7,47,38
9,3,7,48,36
9,3,7,49,38
9,3,7,50,36
9,3,7,51,36
9,3,7,52,38
9,3,7,53,38
9,3,7,54,38
9,3,7,55,32
9,3,7,56,34
9,3,7,57,40
9,3,7,58,38
9,3,7,59,36
9,3,7,60,38
9,3,7,61,36
9,3,7,62,34
9,3,7,63,38
9,3,8,0,34
9,3,8,1,36
9,3,8,2,38
9,3,8,3,34
9,3,8,4,36
9,3,8,5,36
9,3,8,6,40
9,3,8,7,38
9,3,8,8,36
9,3,8,9,40
9,3,8,10,38
9,3,8,11,38
9,3,8,12,36
9,3,8,13,36
9,3,8,14,36
9,3,8,15,34
9,3,8,16,40
9,3,8,17,36
9,3,8,18,38
9,3,8,19,42
9,3,8,20,40
9,3,8,21,36
9,3,8,22,38
9,3,8,23,36
9,3,8,24,40
9,3,8,25,38
9,3,8,26,40
9,3,8,27,36
9,3,8,28,36
9,3,8,29,38
9,3,8,30,34
9,3,8,31,38
9,3,8,32,36
9,3,8,33,36
9,3,8,34,34
9,3,8,35,36
9,3,8,36,34
9,3,8,37,36
9,3,8,38,38
9,3,8,39,40
9,3,8,40,38
9,3,8,41,40
9,3,8,42,36
9,3,8,43,38
9,3,8,44,36
9,3,8,45,38
9,3,8,46,36
9,3,8,47,38
9,3,8,48,36
9,3,8,49,34
9,3,8,50,36
9,3,8,51,36
9,3,8,52,34
9,3,8,53,36
9,3,8,54,36
9,3,8,55,36
9,3,8,56,36
9,3,8,57,34
9,3,8,58,40
9,3,8,59,34
9,3,8,60,36
9,3,8,61,32
9,3,8,62,36
9,3,8,63,36
9,3,9,0,38
9,3,9,1,38
9,3,9,2,36
9,3,9,3,34
9,3,9,4,40
9,3,9,5,38
9,3,9,6,34
9,3,9,7,40
9,3,9,8,40
9,3,9,9,32
9,3,9,10,36
9,3,9,11,40
9,3,9,12,38
9,3,9,13,34
9,3,9,14,38
9,3,9,15,36
9,3,9,16,42
9,3,9,17,36
9,3,9,18,38
9,3,9,19,40
9,3,9,20,38
9,3,9,21,38
9,3,9,22,36
9,3,9,23,34
9,3,9,24,40
9,3,9,25,36
9,3,9,26,36
9,3,9,27,34
9,3,9,28,38
9,3,9,29,38
9,3,9,30,36
9,3,9,31,50
9,3,9,32,38
9,3,9,33,38
9,3,9,34,36
9,3,9,35,34
9,3,9,36,34
9,3,9,37,38
9,3,9,38,32
9,3,9,39,40
9,3,9,40,40
9,3,9,41,38
9,3,9,42,40
9,3,9,43,38
9,3,9,44,38
9,3,9,45,32
9,3,9,46,42
9,3,9,47,34
9,3,9,48,36
9,3,9,49,36
9,3,9,50,36
9,3,9,51,38
9,3,9,52,36
9,3,9,53,34
9,3,9,54,40
9,3,9,55,38
9,3,9,56,40
9,3,9,57,36
9,3,9,58,34
9,3,9,59,40
9,3,9,60,36
9,3,9,61,36
9,3,9,62,36
9,3,9,63,38
9,3,10,0,36
9,3,10,1,36
9,3,10,2,34
9,3,10,3,38
9,3,10,4,38
9,3,10,5,36
9,3,10,6,32
9,3,10,7,36
9,3,10,8,36
9,3,10,9,36
9,3,10,10,36
9,3,10,11,36
9,3,10,12,36
9,3,10,13,36
9,3,10,14,38
9,3,10,15,34
9,3,10,16,36
9,3,10,17,32
9,3,10,18,38
9,3,10,19,36
9,3,10,20,42
9,3,10,21,36
9,3,10,22,36
9,3,10,23,36
9,3,10,24,34
9,3,10,25,38
9,3,10,26,36
9,3,10,27,34
9,3,10,28,40
9,3,10,29,38
9,3,10,30,38
9,3,10,31,36
9,3,10,32,34
9,3,10,33,34
9,3,10,34,36
9,3,10,35,34
9,3,10,36,34
9,3,10,37,36
9,3,10,38,40
9,3,10,39,36
9,3,10,40,34
9,3,10,41,32
9,3,10,42,34
9,3,10,43,38
9,3,10,44,38
9,3,10,45,36
9,3,10,46,40
9,3,10,47,34
9,3,10,48,34
9,3,10,49,34
9,3,10,50,36
9,3,10,51,36
9,3,10,52,34
9,3,10,53,40
9,3,10,54,36
9,3,10,55,38
9,3,10,56,38
9,3,10,57,40
9,3,10,58,40
9,3,10,59,36
9,3,10,60,36
9,3,10,61,36
9,3,10,62,42
9,3,10,63,38
9,3,11,0,36
9,3,11,1,38
9,3,11,2,36
9,3,11,3,34
9,3,11,4,36
9,3,11,5,36
9,3,11,6,38
9,3,11,7,40
9,3,11,8,34
9,3,11,9,32
9,3,11,10,36
9,3,11,11,38
9,3,11,12,36
9,3,11,13,38
9,3,11,14,38
9,3,11,15,36
9,3,11,16,34
9,3,11,17,36
9,3,11,18,38
9,3,11,19,36
9,3,11,20,34
9,3,11,21,38
9,3,11,22,40
9,3,11,23,32
9,3,11,24,36
9,3,11,25,40
9,3,11,26,42
9,3,11,27,36
9,3,11,28,34
9,3,11,29,38
9,3,11,30,32
9,3,11,31,36
9,3,11,32,38
9,3,11,33,36
9,3,11,34,38
9,3,11,35,38
9,3,11,36,38
9,3,11,37,36
9,3,11,38,36
9,3,11,39,38
9,3,11,40,38
9,3,11,41,36
9,3,11,42,40
9,3,11,43,40
9,3,11,44,36
9,3,11,45,34
9,3,11,46,34
9,3,11,47,36
9,3,11,48,36
9,3,11,49,36
9,3,11,50,38
9,3,11,51,38
9,3,11,52,36
9,3,11,53,38
9,3,11,54,38
9,3,11,55,36
9,3,11,56,38
9,3,11,57,34
9,3,11,58,36
9,3,11,59,36
9,3,11,60,36
9,3,11,61,34
9,3,11,62,36
9,3,11,63,40
9,3,12,0,40
9,3,12,1,38
9,3,12,2,36
9,3,12,3,42
9,3,12,4,34
9,3,12,5,36
9,3,12,6,36
9,3,12,7,36
9,3,12,8,40
9,3,12,9,36
9,3,12,10,50
9,3,12,11,42
9,3,12,12,36
9,3,12,13,40
9,3,12,14,38
9,3,12,15,40
9,3,12,16,40
9,3,12,17,34
9,3,12,18,36
9,3,12,19,38
9,3,12,20,38
9,3,12,21,38
9,3,12,22,34
9,3,12,23,38
9,3,12,24,36
9,3,12,25,36
9,3,12,26,34
9,3,12,27,36
9,3,12,28,36
9,3,12,29,36
9,3,12,30,42
9,3,12,31,40
9,3,12,32,40
9,3,12,33,38
9,3,12,34,40
9,3,12,35,36
9,3,12,36,38
9,3,12,37,38
9,3,12,38,34
9,3,12,39,40
9,3,12,40,36
9,3,12,41,34
9,3,12,42,36
9,3,12,43,40
9,3,12,44,38
9,3,12,45,32
9,3,12,46,36
9,3,12,47,40
9,3,12,48,40
9,3,12,49,38
9,3,12,50,40
9,3,12,51,36
9,3,12,52,40
9,3,12,53,40
9,3,12,54,38
9,3,12,55,38
9,3,12,56,36
9,3,12,57,36
9,3,12,58,38
9,3,12,59,34
9,3,12,60,36
9,3,12,61,36
9,3,12,62,34
9,3,12,63,36
9,3,13,0,34
9,3,13,1,38
9,3,13,2,38
9,3,13,3,38
9,3,13,4,34
9,3,13,5,34
9,3,13,6,34
9,3,13,7,40
9,3,13,8,34
9,3,13,9,32
9,3,13,10,38
9,3,13,11,36
9,3,13,12,36
9,3,13,13,38
9,3,13,14,38
9,3,13,15,36
9,3,13,16,36
9,3,13,17,36
9,3,13,18,36
9,3,13,19,40
9,3,13,20,40
9,3,13,21,36
9,3,13,22,36
9,3,13,23,32
9,3,13,24,38
9,3,13,25,36
9,3,13,26,34
9,3,13,27,38
9,3,13,28,38
9,3,13,29,34
9,3,13,30,40
9,3,13,31,38
9,3,13,32,36
9,3,13,33,36
9,3,13,34,38
9,3,13,35,40
9,3,13,36,36
9,3,13,37,36
9,3,13,38,32
9,3,13,39,38
9,3,13,40,32
9,3,13,41,38
9,3,13,42,36
9,3,13,43,34
9,3,13,44,34
9,3,13,45,34
9,3,13,46,38
9,3,13,47,34
9,3,13,48,34
9,3,13,49,36
9,3,13,50,34
9,3,13,51,38
9,3,13,52,38
9,3,13,53,38
9,3,13,54,34
9,3,13,55,36
9,3,13,56,36
9,3,13,57,36
9,3,13,58,36
9,3,13,59,36
9,3,13,60,36
9,3,13,61,34
9,3,13,62,36
9,3,13,63,40
9,3,14,0,36
9,3,14,1,36
9,3,14,2,38
9,3,14,3,38
9,3,14,4,38
9,3,14,5,36
9,3,14,6,38
9,3,14,7,38
9,3,14,8,42
9,3,14,9,36
9,3,14,10,38
9,3,14,11,46
9,3,14,12,34
9,3,14,13,36
9,3,14,14,34
9,3,14,15,36
9,3,14,16,34
9,3,14,17,42
9,3,14,18,38
9,3,14,19,42
9,3,14,20,34
9,3,14,21,36
9,3,14,22,36
9,3,14,23,40
9,3,14,24,36
9,3,14,25,32
9,3,14,26,38
9,3,14,27,36
9,3,14,28,32
9,3,14,29,36
9,3,14,30,36
9,3,14,31,40
9,3,14,32,40
9,3,14,33,32
9,3,14,34,36
9,3,14,35,36
9,3,14,36,38
9,3,14,37,38
9,3,14,38,36
9,3,14,39,36
9,3,14,40,32
9,3,14,41,36
9,3,14,42,38
9,3,14,43,36
9,3,14,44,36
9,3,14,45,36
9,3,14,46,36
9,3,14,47,36
9,3,14,48,38
9,3,14,49,36
9,3,14,50,36
9,3,14,51,38
9,3,14,52,40
9,3,14,53,34
9,3,14,54,40
9,3,14,55,34
9,3,14,56,38
9,3,14,57,36
9,3,14,58,40
9,3,14,59,38
9,3,14,60,38
9,3,14,61,32
9,3,14,62,36
9,3,14,63,40
9,4,0,0,70
9,4,0,1,76
9,4,0,2,64
9,4,0,3,66
9,4,0,4,72
9,4,0,5,72
9,4,0,6,64
9,4,0,7,68
9,4,0,8,38
9,4,0,9,76
9,4,0,10,38
9,4,0,11,68
9,4,0,12,70
9,4,0,13,78
9,4,0,14,64
9,4,0,15,64
9,4,0,16,76
9,4,0,17,72
9,4,0,18,40
9,4,0,19,62
9,4,0,20,76
9,4,0,21,36
9,4,0,22,54
9,4,0,23,36
9,4,0,24,34
9,4,0,25,70
9,4,0,26,64
9,4,0,27,42
9,4,0,28,72
9,4,0,29,72
9,4,0,30,70
9,4,0,31,62
9,4,0,32,66
9,4,0,33,70
9,4,0,34,38
9,4,0,35,40
9,4,0,36,38
9,4,0,37,74
9,4,0,38,74
9,4,0,39,36
9,4,0,40,64
9,4,0,41,64
9,4,0,42,74
9,4,0,43,76
9,4,0,44,36
9,4,0,45,60
9,4,0,46,72
9,4,0,47,76
9,4,0,48,68
9,4,0,49,40
9,4,0,50,40
9,4,0,51,38
9,4,0,52,66
9,4,0,53,64
9,4,0,54,76
9,4,0,55,72
9,4,0,56,66
9,4,0,57,66
9,4,0,58,72
9,4,0,59,38
9,4,0,60,68
9,4,0,61,68
9,4,0,62,74
9,4,0,63,70
9,4,1,0,38
9,4,1,1,38
9,4,1,2,38
9,4,1,3,38
9,4,1,4,38
9,4,1,5,36
9,4,1,6,32
9,4,1,7,38
9,4,1,8,34
9,4,1,9,34
9,4,1,10,40
9,4,1,11,36
9,4,1,12,36
9,4,1,13,36
9,4,1,14,40
9,4,1,15,36
9,4,1,16,40
9,4,1,17,36
9,4,1,18,32
9,4,1,19,38
9,4,1,20,46
9,4,1,21,34
9,4,1,22,36
9,4,1,23,38
9,4,1,24,38
9,4,1,25,38
9,4,1,26,38
9,4,1,27,38
9,4,1,28,38
9,4,1,29,38
9,4,1,30,36
9,4,1,31,40
9,4,1,32,36
9,4,1,33,38
9,4,1,34,36
9,4,1,35,38
9,4,1,36,32
9,4,1,37,32
9,4,1,38,38
9,4,1,39,36
9,4,1,40,36
9,4,1,41,38
9,4,1,42,36
9,4,1,43,38
9,4,1,44,38
9,4,1,45,34
9,4,1,46,38
9,4,1,47,36
9,4,1,48,34
9,4,1,49,38
9,4,1,50,36
9,4,1,51,42
9,4,1,52,40
9,4,1,53,38
9,4,1,54,36
9,4,1,55,38
9,4,1,56,38
9,4,1,57,38
9,4,1,58,36
9,4,1,59,40
9,4,1,60,34
9,4,1,61,38
9,4,1,62,38
9,4,1,63,36
9,4,2,0,38
9,4,2,1,34
9,4,2,2,38
9,4,2,3,38
9,4,2,4,46
9,4,2,5,40
9,4,2,6,36
9,4,2,7,34
9,4,2,8,38
9,4,2,9,38
9,4,2,10,38
9,4,2,11,38
9,4,2,12,36
9,4,2,13,36
9,4,2,14,36
9,4,2,15,40
9,4,2,16,42
9,4,2,17,38
9,4,2,18,40
9,4,2,19,34
9,4,2,20,38
9,4,2,21,40
9,4,2,22,36
9,4,2,23,40
9,4,2,24,38
9,4,2,25,38
9,4,2,26,34
9,4,2,27,38
9,4,2,28,34
9,4,2,29,36
9,4,2,30,40
9,4,2,31,36
9,4,2,32,36
9,4,2,33,38
9,4,2,34,38
9,4,2,35,36
9,4,2,36,40
9,4,2,37,34
9,4,2,38,36
9,4,2,39,38
9,4,2,40,40
9,4,2,41,36
9,4,2,42,36
9,4,2,43,38
9,4,2,44,38
9,4,2,45,36
9,4,2,46,38
9,4,2,47,40
9,4,2,48,36
9,4,2,49,38
9,4,2,50,38
9,4,2,51,36
9,4,2,52,34
9,4,2,53,38
9,4,2,54,40
9,4,2,55,36
9,4,2,56,40
9,4,2,57,36
9,4,2,58,40
9,4,2,59,38
9,4,2,60,34
9,4,2,61,36
9,4,2,62,34
9,4,2,63,38
9,4,3,0,36
9,4,3,1,34
9,4,3,2,36
9,4,3,3,40
9,4,3,4,38
9,4,3,5,36
9,4,3,6,36
9,4,3,7,36
9,4,3,8,32
9,4,3,9,34
9,4,3,10,36
9,4,3,11,40
9,4,3,12,36
9,4,3,13,36
9,4,3,14,36
9,4,3,15,38
9,4,3,16,38
9,4,3,17,36
9,4,3,18,38
9,4,3,19,36
9,4,3,20,40
9,4,3,21,34
9,4,3,22,34
9,4,3,23,38
9,4,3,24,38
9,4,3,25,40
9,4,3,26,36
9,4,3,27,40
9,4,3,28,36
9,4,3,29,36
9,4,3,30,34
9,4,3,31,40
9,4,3,32,38
9,4,3,33,34
9,4,3,34,38
9,4,3,35,34
9,4,3,36,38
9,4,3,37,36
9,4,3,38,38
9,4,3,39,36
9,4,3,40,38
9,4,3,41,36
9,4,3,42,34
9,4,3,43,38
9,4,3,44,36
9,4,3,45,38
9,4,3,46,38
9,4,3,47,38
9,4,3,48,38
9,4,3,49,38
9,4,3,50,36
9,4,3,51,42
9,4,3,52,34
9,4,3,53,38
9,4,3,54,34
9,4,3,55,36
9,4,3,56,36
9,4,3,57,36
9,4,3,58,34
9,4,3,59,38
9,4,3,60,38
9,4,3,61,36
9,4,3,62,36
9,4,3,63,34
9,4,4,0,38
9,4,4,1,32
9,4,4,2,38
9,4,4,3,36
9,4,4,4,38
9,4,4,5,40
9,4,4,6,38
9,4,4,7,36
9,4,4,8,36
9,4,4,9,42
9,4,4,10,36
9,4,4,11,38
9,4,4,12,40
9,4,4,13,38
9,4,4,14,36
9,4,4,15,40
9,4,4,16,34
9,4,4,17,34
9,4,4,18,36
9,4,4,19,36
9,4,4,20,38
9,4,4,21,36
9,4,4,22,36
9,4,4,23,36
9,4,4,24,34
9,4,4,25,36
9,4,4,26,36
9,4,4,27,34
9,4,4,28,40
9,4,4,29,36
9,4,4,30,38
9,4,4,31,38
9,4,4,32,36
9,4,4,33,40
9,4,4,34,34
9,4,4,35,36
9,4,4,36,34
9,4,4,37,38
9,4,4,38,36
9,4,4,39,40
9,4,4,40,38
9,4,4,41,38
9,4,4,42,38
9,4,4,43,38
9,4,4,44,36
9,4,4,45,38
9,4,4,46,40
9,4,4,47,34
9,4,4,48,36
9,4,4,49,46
9,4,4,50,34
9,4,4,51,40
9,4,4,52,34
9,4,4,53,36
9,4,4,54,36
9,4,4,55,38
9,4,4,56,38
9,4,4,57,38
9,4,4,58,38
9,4,4,59,36
9,4,4,60,36
9,4,4,61,38
9,4,4,62,34
9,4,4,63,36
9,4,5,0,36
9,4,5,1,38
9,4,5,2,38
9,4,5,3,36
9,4,5,4,36
9,4,5,5,38
9,4,5,6,38
9,4,5,7,36
9,4,5,8,36
9,4,5,9,36
9,4,5,10,36
9,4,5,11,36
9,4,5,12,36
9,4,5,13,38
9,4,5,14,34
9,4,5,15,38
9,4,5,16,34
9,4,5,17,36
9,4,5,18,36
9,4,5,19,38
9,4,5,20,34
9,4,5,21,36
9,4,5,22,38
9,4,5,23,36
9,4,5,24,34
9,4,5,25,38
9,4,5,26,40
9,4,5,27,32
9,4,5,28,34
9,4,5,29,40
9,4,5,30,38
9,4,5,31,40
9,4,5,32,38
9,4,5,33,36
9,4,5,34,38
9,4,5,35,36
9,4,5,36,38
9,4,5,37,38
9,4,5,38,36
9,4,5,39,36
9,4,5,40,36
9,4,5,41,36
9,4,5,42,36
9,4,5,43,38
9,4,5,44,38
9,4,5,45,36
9,4,5,46,34
9,4,5,47,38
9,4,5,48,34
9,4,5,49,36
9,4,5,50,36
9,4,5,51,38
9,4,5,52,40
9,4,5,53,38
9,4,5,54,34
9,4,5,55,36
9,4,5,56,38
9,4,5,57,40
9,4,5,58,36
9,4,5,59,38
9,4,5,60,32
9,4,5,61,36
9,4,5,62,40
9,4,5,63,38
9,4,6,0,40
9,4,6,1,36
9,4,6,2,40
9,4,6,3,32
9,4,6,4,36
9,4,6,5,34
9,4,6,6,38
9,4,6,7,38
9,4,6,8,34
9,4,6,9,34
9,4,6,10,38
9,4,6,11,36
9,4,6,12,38
9,4,6,13,38
9,4,6,14,36
9,4,6,15,40
9,4,6,16,38
9,4,6,17,36
9,4,6,18,36
9,4,6,19,38
9,4,6,20,36
9,4,6,21,36
9,4,6,22,38
9,4,6,23,34
9,4,6,24,36
9,4,6,25,34
9,4,6,26,38
9,4,6,27,40
9,4,6,28,38
9,4,6,29,38
9,4,6,30,34
9,4,6,31,36
9,4,6,32,34
9,4,6,33,36
9,4,6,34,46
9,4,6,35,40
9,4,6,36,38
9,4,6,37,40
9,4,6,38,40
9,4,6,39,34
9,4,6,40,38
9,4,6,41,40
9,4,6,42,36
9,4,6,43,38
9,4,6,44,38
9,4,6,45,38
9,4,6,46,38
9,4,6,47,38
9,4,6,48,40
9,4,6,49,38
9,4,6,50,32
9,4,6,51,38
9,4,6,52,36
9,4,6,53,36
9,4,6,54,36
9,4,6,55,34
9,4,6,56,36
9,4,6,57,40
9,4,6,58,36
9,4,6,59,36
9,4,6,60,38
9,4,6,61,36
9,4,6,62,36
9,4,6,63,36
9,4,7,0,38
9,4,7,1,36
9,4,7,2,34
9,4,7,3,36
9,4,7,4,42
9,4,7,5,32
9,4,7,6,36
9,4,7,7,38
9,4,7,8,40
9,4,7,9,36
9,4,7,10,36
9,4,7,11,38
9,4,7,12,38
9,4,7,13,38
9,4,7,14,40
9,4,7,15,36
9,4,7,16,40
9,4,7,17,34
9,4,7,18,38
9,4,7,19,36
9,4,7,20,36
9,4,7,21,38
9,4,7,22,38
9,4,7,23,36
9,4,7,24,38
9,4,7,25,38
9,4,7,26,38
9,4,7,27,40
9,4,7,28,38
9,4,7,29,36
9,4,7,30,38
9,4,7,31,36
9,4,7,32,38
9,4,7,33,36
9,4,7,34,34
9,4,7,35,34
9,4,7,36,40
9,4,7,37,34
9,4,7,38,36
9,4,7,39,34
9,4,7,40,34
9,4,7,41,36
9,4,7,42,36
9,4,7,43,36
9,4,7,44,38
9,4,7,45,38
9,4,7,46,34
9,4,7,47,36
9,4,7,48,46
9,4,7,49,36
9,4,7,50,38
9,4,7,51,40
9,4,7,52,36
9,4,7,53,38
9,4,7,54,36
9,4,7,55,36
9,4,7,56,38
9,4,7,57,40
9,4,7,58,38
9,4,7,59,38
9,4,7,60,36
9,4,7,61,34
9,4,7,62,40
9,4,7,63,36
9,4,8,0,36
9,4,8,1,36
9,4,8,2,38
9,4,8,3,36
9,4,8,4,36
9,4,8,5,34
9,4,8,6,34
9,4,8,7,38
9,4,8,8,34
9,4,8,9,36
9,4,8,10,40
9,4,8,11,32
9,4,8,12,36
9,4,8,13,38
9,4,8,14,36
9,4,8,15,36
9,4,8,16,36
9,4,8,17,36
9,4,8,18,38
9,4,8,19,36
9,4,8,20,36
9,4,8,21,32
9,4,8,22,38
9,4,8,23,36
9,4,8,24,36
9,4,8,25,36
9,4,8,26,34
9,4,8,27,38
9,4,8,28,36
9,4,8,29,34
9,4,8,30,38
9,4,8,31,38
9,4,8,32,36
9,4,8,33,34
9,4,8,34,38
9,4,8,35,34
9,4,8,36,36
9,4,8,37,34
9,4,8,38,38
9,4,8,39,40
9,4,8,40,38
9,4,8,41,38
9,4,8,42,42
9,4,8,43,32
9,4,8,44,36
9,4,8,45,38
9,4,8,46,40
9,4,8,47,38
9,4,8,48,40
9,4,8,49,32
9,4,8,50,40
9,4,8,51,42
9,4,8,52,36
9,4,8,53,38
9,4,8,54,34
9,4,8,55,36
9,4,8,56,34
9,4,8,57,36
9,4,8,58,38
9,4,8,59,36
9,4,8,60,38
9,4,8,61,38
9,4,8,62,36
9,4,8,63,36
9,4,9,0,36
9,4,9,1,38
9,4,9,2,36
9,4,9,3,36
9,4,9,4,38
9,4,9,5,38
9,4,9,6,36
9,4,9,7,40
9,4,9,8,36
9,4,9,9,32
9,4,9,10,36
9,4,9,11,38
9,4,9,12,38
9,4,9,13,38
9,4,9,14,38
9,4,9,15,36
9,4,9,16,36
9,4,9,17,38
9,4,9,18,34
9,4,9,19,36
9,4,9,20,36
9,4,9,21,36
9,4,9,22,38
9,4,9,23,36
9,4,9,24,38
9,4,9,25,36
9,4,9,26,32
9,4,9,27,36
9,4,9,28,34
9,4,9,29,38
9,4,9,30,40
9,4,9,31,40
9,4,9,32,40
9,4,9,33,34
9,4,9,34,34
9,4,9,35,36
9,4,9,36,34
9,4,9,37,36
9,4,9,38,36
9,4,9,39,38
9,4,9,40,40
9,4,9,41,34
9,4,9,42,36
9,4,9,43,34
9,4,9,44,38
9,4,9,45,40
9,4,9,46,36
9,4,9,47,36
9,4,9,48,38
9,4,9,49,36
9,4,9,50,34
9,4,9,51,38
9,4,9,52,38
9,4,9,53,38
9,4,9,54,36
9,4,9,55,36
9,4,9,56,38
9,4,9,57,40
9,4,9,58,40
9,4,9,59,36
9,4,9,60,38
9,4,9,61,38
9,4,9,62,38
9,4,9,63,42
9,4,10,0,38
9,4,10,1,34
9,4,10,2,38
9,4,10,3,36
9,4,10,4,36
9,4,10,5,38
9,4,10,6,38
9,4,10,7,36
9,4,10,8,40
9,4,10,9,40
9,4,10,10,36
9,4,10,11,34
9,4,10,12,36
9,4,10,13,36
9,4,10,14,34
9,4,10,15,38
9,4,10,16,36
9,4,10,17,34
9,4,10,18,38
9,4,10,19,36
9,4,10,20,36
9,4,10,21,38
9,4,10,22,38
9,4,10,23,36
9,4,10,24,36
9,4,10,25,38
9,4,10,26,36
9,4,10,27,36
9,4,10,28,42
9,4,10,29,32
9,4,10,30,38
9,4,10,31,40
9,4,10,32,34
9,4,10,33,38
9,4,10,34,40
9,4,10,35,36
9,4,10,36,38
9,4,10,37,38
9,4,10,38,38
9,4,10,39,36
9,4,10,40,38
9,4,10,41,36
9,4,10,42,36
9,4,10,43,36
9,4,10,44,38
9,4,10,45,38
9,4,10,46,36
9,4,10,47,36
9,4,10,48,36
9,4,10,49,36
9,4,10,50,40
9,4,10,51,36
9,4,10,52,36
9,4,10,53,36
9,4,10,54,38
9,4,10,55,40
9,4,10,56,40
9,4,10,57,36
9,4,10,58,34
9,4,10,59,36
9,4,10,60,38
9,4,10,61,40
9,4,10,62,36
9,4,10,63,36
9,4,11,0,36
9,4,11,1,38
9,4,11,2,36
9,4,11,3,38
9,4,11,4,42
9,4,11,5,36
9,4,11,6,42
9,4,11,7,36
9,4,11,8,36
9,4,11,9,36
9,4,11,10,38
9,4,11,11,38
9,4,11,12,40
9,4,11,13,36
9,4,11,14,36
9,4,11,15,38
9,4,11,16,36
9,4,11,17,36
9,4,11,18,40
9,4,11,19,40
9,4,11,20,38
9,4,11,21,36
9,4,11,22,36
9,4,11,23,38
9,4,11,24,36
9,4,11,25,36
9,4,11,26,42
9,4,11,27,40
9,4,11,28,38
9,4,11,29,36
9,4,11,30,36
9,4,11,31,38
9,4,11,32,42
9,4,11,33,34
9,4,11,34,32
9,4,11,35,40
9,4,11,36,36
9,4,11,37,36
9,4,11,38,36
9,4,11,39,38
9,4,11,40,40
9,4,11,41,38
9,4,11,42,38
9,4,11,43,34
9,4,11,44,36
9,4,11,45,36
9,4,11,46,36
9,4,11,47,36
9,4,11,48,38
9,4,11,49,36
9,4,11,50,34
9,4,11,51,38
9,4,11,52,38
9,4,11,53,36
9,4,11,54,36
9,4,11,55,36
9,4,11,56,34
9,4,11,57,40
9,4,11,58,38
9,4,11,59,42
9,4,11,60,40
9,4,11,61,38
9,4,11,62,34
9,4,11,63,38
9,4,12,0,36
9,4,12,1,34
9,4,12,2,40
9,4,12,3,36
9,4,12,4,38
9,4,12,5,36
9,4,12,6,36
9,4,12,7,38
9,4,12,8,40
9,4,12,9,36
9,4,12,10,38
9,4,12,11,36
9,4,12,12,38
9,4,12,13,36
9,4,12,14,36
9,4,12,15,36
9,4,12,16,40
9,4,12,17,34
9,4,12,18,38
9,4,12,19,40
9,4,12,20,36
9,4,12,21,34
9,4,12,22,38
9,4,12,23,34
9,4,12,24,38
9,4,12,25,36
9,4,12,26,38
9,4,12,27,40
9,4,12,28,36
9,4,12,29,34
9,4,12,30,36
9,4,12,31,38
9,4,12,32,38
9,4,12,33,36
9,4,12,34,34
9,4,12,35,36
9,4,12,36,36
9,4,12,37,36
9,4,12,38,40
9,4,12,39,34
9,4,12,40,36
9,4,12,41,32
9,4,12,42,32
9,4,12,43,38
9,4,12,44,36
9,4,12,45,36
9,4,12,46,36
9,4,12,47,36
9,4,12,48,36
9,4,12,49,36
9,4,12,50,34
9,4,12,51,34
9,4,12,52,36
9,4,12,53,38
9,4,12,54,36
9,4,12,55,34
9,4,12,56,44
9,4,12,57,34
9,4,12,58,38
9,4,12,59,32
9,4,12,60,36
9,4,12,61,36
9,4,12,62,40
9,4,12,63,36
9,4,13,0,36
9,4,13,1,38
9,4,13,2,36
9,4,13,3,36
9,4,13,4,36
9,4,13,5,40
9,4,13,6,36
9,4,13,7,34
9,4,13,8,36
9,4,13,9,38
9,4,13,10,36
9,4,13,11,36
9,4,13,12,34
9,4,13,13,36
9,4,13,14,38
9,4,13,15,36
9,4,13,16,36
9,4,13,17,36
9,4,13,18,38
9,4,13,19,36
9,4,13,20,38
9,4,13,21,34
9,4,13,22,38
9,4,13,23,38
9,4,13,24,42
9,4,13,25,34
9,4,13,26,32
9,4,13,27,36
9,4,13,28,38
9,4,13,29,36
9,4,13,30,36
9,4,13,31,36
9,4,13,32,34
9,4,13,33,38
9,4,13,34,36
9,4,13,35,34
9,4,13,36,38
9,4,13,37,38
9,4,13,38,34
9,4,13,39,36
9,4,13,40,36
9,4,13,41,38
9,4,13,42,34
9,4,13,43,36
9,4,13,44,36
9,4,13,45,36
9,4,13,46,36
9,4,13,47,40
9,4,13,48,36
9,4,13,49,36
9,4,13,50,38
9,4,13,51,34
9,4,13,52,36
9,4,13,53,40
9,4,13,54,38
9,4,13,55,36
9,4,13,56,40
9,4,13,57,40
9,4,13,58,32
9,4,13,59,36
9,4,13,60,36
9,4,13,61,38
9,4,13,62,36
9,4,13,63,34
9,4,14,0,36
9,4,14,1,36
9,4,14,2,38
9,4,14,3,40
9,4,14,4,36
9,4,14,5,36
9,4,14,6,38
9,4,14,7,32
9,4,14,8,36
9,4,14,9,36
9,4,14,10,36
9,4,14,11,40
9,4,14,12,36
9,4,14,13,38
9,4,14,14,46
9,4,14,15,38
9,4,14,16,36
9,4,14,17,40
9,4,14,18,36
9,4,14,19,38
9,4,14,20,42
9,4,14,21,36
9,4,14,22,38
9,4,14,23,36
9,4,14,24,38
9,4,14,25,32
9,4,14,26,38
9,4,14,27,36
9,4,14,28,40
9,4,14,29,36
9,4,14,30,36
9,4,14,31,36
9,4,14,32,36
9,4,14,33,38
9,4,14,34,34
9,4,14,35,34
9,4,14,36,36
9,4,14,37,34
9,4,14,38,36
9,4,14,39,34
9,4,14,40,38
9,4,14,41,34
9,4,14,42,38
9,4,14,43,38
9,4,14,44,34
9,4,14,45,36
9,4,14,46,38
9,4,14,47,38
9,4,14,48,38
9,4,14,49,36
9,4,14,50,38
9,4,14,51,36
9,4,14,52,32
9,4,14,53,38
9,4,14,54,34
9,4,14,55,36
9,4,14,56,40
9,4,14,57,36
9,4,14,58,36
9,4,14,59,38
9,4,14,60,38
9,4,14,61,40
9,4,14,62,38
9,4,14,63,36
